{
    "post_history": "查看发布历史",
    "add_nickname": "添加昵称",
    "total_size": "占用空间",
    "dlc_details": "可下载内容详情",
    "badge_not_unlocked": "未解锁",
    "each": "每个",
    "view_in_market": "在社区市场中查看",
    "homepage_spotlight": "快捷搜索",
    "official_group_url": "steamcommunity.com/groups/enhancedsteam",
    "remove": "移除",
    "get_help": "获得帮助",
    "add_selected_dlc_to_cart": "将选择的DLC加入购物车",
    "credits": "制作人员",
    "store_transactions": "商店交易",
    "activates": "在Steam上激活",
    "games_coupon": "有优惠券的游戏",
    "all_friends_own": "拥有此项目的好友 (__friendcount__)",
    "translate": "翻译",
    "search_names_only": "仅搜索名字",
    "packs": "合集包",
    "remove_owned_wishlist": "将已拥有游戏移出愿望单",
    "donate": "捐赠",
    "close": "关闭",
    "error": "发生了一个错误",
    "go": "前往",
    "activate": "激活产品",
    "activate_multiple_header": "在下面输入产品代码，每行一个",
    "activate_multiple": "激活多个产品",
    "activate_products": "激活产品",
    "coupon_application_note": "付款时自动使用库存中的优惠券",
    "hide": "隐藏",
    "cards_owned": "在__possible__张中已拥有__owned__张",
    "common_label": "隐藏你没有拥有的游戏",
    "birthday_message": "Steam生日快乐，__username__！您的Steam账号今天已经 __age__ 岁了。",
    "buying_total": "小计",
    "allreleases_products": "请选择您希望在该版块中看到的产品类型",
    "library_menu": "库",
    "clear_cache": "清空缓存数据",
    "events": "事件",
    "translation": "翻译",
    "lowest": "最低",
    "lowest_price": "当前最低价",
    "view_badge_progress": "查看徽章进度",
    "badge_progress": "查看徽章进度",
    "sales_total": "出售总计",
    "hold_total": "总共待确认",
    "view_normal_badge": "查看普通徽章进度",
    "community_name_account_header": "__username__的帐号",
    "apppage_sections": "请选择您希望在该页面中看到的版块",
    "search_error": "加载更多搜索结果时出错",
    "website": "访问网站",
    "games": "游戏",
    "total_time": "总共时间",
    "dlc_suggest": "建议一个新类别",
    "badge_completion_cost": "完成徽章的要价",
    "loading": "载入中...",
    "selling": "销售中...",
    "quick_sell": "快速卖出__amount__个",
    "instant_sell": "立刻出售__amount__个",
    "starting_at": "开始于",
    "hardwareads": "硬件广告",
    "homepage_tabs": "主页标签",
    "store": "商店",
    "view_in": "查看",
    "drm_third_party": "警告：本作使用第三方数字版权验证",
    "stores": "商店",
    "game_transactions": "游戏交易",
    "after_coupon": "使用优惠卷后",
    "games_installed": "已安装的游戏",
    "hours_short": "__hours__ 小时",
    "faqs": "常见问题",
    "spam_comment_show": "本页有 __num__ 条垃圾评论被隐藏，点击这里显示。",
    "dlc": "可下载内容（DLC）",
    "add_to_wishlist": "添加至愿望单",
    "language": "语言",
    "theworddefault": "默认",
    "coupon_learn_more": "<a href=\"https://support.steampowered.com/kb_article.php?ref=4210-YIPC-0275\">了解更多</a>Steam优惠券信息",
    "show": "显示",
    "badges_all": "全部徽章",
    "comparison_mode": "开启全游戏总览来观看游戏比较",
    "search": "搜索",
    "es_supporter": "Enhanced Steam 支持者",
    "view_to_scale": "递增显示",
    "videos": "视频/宣传片",
    "community": "社区",
    "dlc_data_header": "可下载内容详情",
    "graphics": "图像",
    "trading_cards": "Steam 集换式卡牌",
    "view_badge": "查看徽章",
    "purchase_total": "消费总计",
    "view_foil_badge": "查看闪亮徽章进度",
    "view_astats": "访问AStats页面",
    "apppage_purchase": "购买选项",
    "search_error_retry": "点击这里重试",
    "contribute": "贡献 (GitHub)",
    "reviews": "评测",
    "read_reviews": "阅读评测",
    "read_more_reviews": "显示更多评测于",
    "size": "大小",
    "package_info": "游戏包信息",
    "badge_completion_avg": "平均完成徽章的要价",
    "using_store": "正在__current__地区Steam商店",
    "volume_sold_last_24": "数量: 有 __sold__ 份在24小时内售出",
    "sold_last_24": "数量: 有 __sold__ 份在24小时内售出",
    "homepage_sidebar": "侧边栏",
    "drop_calc": "点击此处计算剩余掉落数",
    "price": "价格",
    "view_marketplace": "浏览市场",
    "market_transactions": "市场交易",
    "card_drops_remaining": "__drops__张卡片可掉落",
    "badges_drops": "仍可获得卡片的徽章",
    "using_language_return": "按这里来将Steam切换成 __base__.",
    "spam_comment_warn": "此处有恶龙...",
    "guides": "指南",
    "buy_wishlist": "购买愿望单中的所有项目",
    "highlight": "高亮显示",
    "save": "保存",
    "not": "不包含 __tag__",
    "add_to_cart": "添加至购物车",
    "view": "查看",
    "games_all": "全部游戏",
    "permalink": "永久链接",
    "game_name": "游戏名称",
    "gift_transactions": "礼物交易",
    "demos": "试玩游戏",
    "notinterested": "标记为不感兴趣的物品",
    "mixed_item": "褒贬不一的物品",
    "negative_item": "差评物品",
    "price_above": "价格高于此的项目",
    "price_above_tooltip": "输入 0 显示免费或是未定价的物品；留空禁用该功能",
    "news": "新闻",
    "check_system": "检查系统",
    "viewinclient": "在蒸汽客户端查看",
    "custom_background": "自定义背景",
    "custom_style": "自定义主题",
    "custom_style_help": "所有Enhanced Steam的用户都会在他们的个人资料页面看到这个主题。非Enhanced Steam用户不会因这里的设置更改而看到任何主题的变化。",
    "noneselected": "未选择/不做修改",
    "most_drops": "最多掉落",
    "badge_foil_progress": "查看闪亮徽章进度",
    "net_gain": "净收益",
    "apppage_legal": "法律信息",
    "acrtag_msg": "此物品不能在特定区域间交易",
    "bug_feature": "报告错误/提出建议",
    "always": "总是",
    "compare": "比较",
    "discount": "折扣",
    "discountper": "折扣 (百分比)",
    "discountabs": "折扣 (金额)",
    "rating_details": "查看评分细节",
    "drops_worth_avg": "大约值",
    "using_store_return": "返回__base__商店",
    "family_sharing_notice": "<b>注意：</b> 这个游戏并不包括在Steam家庭库共享服务中。",
    "valid": "有效的",
    "price_options": "价格选项",
    "no_results_found": "未找到结果",
    "visit_store": "访问商店页面",
    "all": "全部",
    "total_spent": "总消费",
    "games_with_drops": "__dropsgames__个游戏可掉落卡片",
    "binder_view": "活页夹视图",
    "view_stats": "查看统计资料",
    "using_language": "你现在正以 __current__在浏览Steam",
    "popular": "热门",
    "visit_trade_forum": "访问交易论坛",
    "software": "软件",
    "purchase_date": "(于__date__购买)",
    "custom_background_help": "所有Enhanced Steam用户将看到您的自定义背景，非Enhanced Steam用户将看到常规背景",
    "date_unlocked": "解锁日期",
    "view_badge_foil": "查看闪亮徽章",
    "net_spent": "净消费",
    "homepage_carousel": "轮盘",
    "acrtag_tooltip": "在东欧、南美或东南亚区购买的此物品不能跨区域交易",
    "official_group": "官方群组",
    "saved": "已保存",
    "add_unowned_dlc_to_cart": "添加未拥有的DLC至购物车",
    "buy": "购买",
    "buy_package": "购买__package__",
    "more_information": "更多信息",
    "games_discount": "优惠游戏",
    "region_unavailable": "在这地区无法提供",
    "item_type": "物品类型",
    "avg_price_3cards": "三张交易卡牌的平均价格",
    "mods": "模组",
    "empty_wishlist": "清空愿望单",
    "empty_wishlist_confirm": "你确定要清空您的愿望单？此操作不能撤消！",
    "empty_wishlist_loading": "正在清空您的愿望单，请稍候……",
    "about": "关于",
    "never": "永不",
    "coupon_available": "有优惠券可以使用！",
    "info": "详情",
    "launch_random": "浏览随机的游戏",
    "play_game": "玩__gamename__么？",
    "drops_value": "最高掉落卡片价值",
    "notcommon_label": "隐藏你拥有的游戏",
    "show_all_steam_releases": "显示全部Steam新发布内容",
    "wishlist": "愿望单",
    "on_wishlist": "在心愿单上",
    "notdiscounted": "无折扣项目",
    "cancel": "取消",
    "wiki_article": "查看 __pcgw__ 文库",
    "view_all": "查看全部",
    "programming": "程序员",
    "historical_low": "历史最低价",
    "games_with_booster": "__boostergames__个游戏可获得补充包",
    "sort_by": "排序方式",
    "lastonline": "最后在线时间",
    "edit_price": "编辑价格",
    "relist": "上架",
    "relist_an_item": "重新上架一件物品",
    "relist_text": "你愿意将这件物品以一个较低的价格上架么？",
    "search_market": "搜索Steam社区市场",
    "drm_third_party_sub": "警告： 该包中有一个或多个项目使用第三方数字版权管理机制",
    "customize": "自定义",
    "custom": "自定义",
    "bundle_saving_text": "购买游戏包将为您节省",
    "thewordoptions": "选项",
    "concepts": "概念",
    "collections": "收藏",
    "discussions": "讨论区",
    "add_wishlist_note": "添加一条愿望单备注",
    "update_wishlist_note": "更新愿望单备注",
    "add_wishlist_note_prompt": "输入您的愿望单备注",
    "update_wishlist_note_prompt": "更新您的愿望单备注",
    "results": "__num__ 个结果",
    "all_results": "已显示共__num__ 个结果",
    "see_more": "查看更多",
    "lowest_price_format": "在 __store__中 为__price__",
    "historical_low_format": "在__date__时该物品在 __store__中为 __price__",
    "favorited": "收藏",
    "followed": "已关注",
    "leave_group_selected": "退出选择的组",
    "leave_group_all": "退出所有组",
    "leave_group_all_confirm": "你将要离开所有已加入的组 ！你确定要继续吗？",
    "leave_group_admin_confirm": "你是__groupname__组的管理员，你确定要离开这个组吗?",
    "wrong_try_again": "出现错误。请重试。",
    "join_group": "加入组",
    "chat": "聊天",
    "web_browser_chat": "通过浏览器发起聊天",
    "steam_client_chat": "通过 Steam 客户端发起聊天",
    "available": "可用：",
    "set_as_background": "设置为背景",
    "preview_background": "预览背景图",
    "details": "详情",
    "expand_slider": "展开",
    "contract_slider": "还原",
    "early_access": "抢先体验版本",
    "filter_games": "筛选游戏",
    "note_for": "注释",
    "show_wishlist_total": "显示愿望单总计",
    "tag_short": "使用短标记，以节省空间",
    "no_price_data": "价格数据不可用",
    "exclude_tags": "排除标签",
    "user_score": "用户评分",
    "user_reviews": "用户评测",
    "review_summary": "__num__篇用户评测中有百分之__percent__为好评",
    "market_popular_items_toggle": "实时更新热销商品",
    "achievements": {
        "option": "在商店页面显示成就",
        "achievements": "成就",
        "includes": "包含__num__个Steam成就",
        "view_all": "显示所有成就"
    },
    "bundle": {
        "offer_ends": "交易报价结束",
        "at_least": "付至少",
        "pwyw": "以您希望的价格购买您想要的物品",
        "includes": "包含__num__件物品",
        "tier_includes": "__tier__ (__price__) 包括 __num__ 件物品",
        "tier": "__num__级",
        "header": "包含此游戏的捆绑包",
        "info": "捆绑包信息",
        "bundle_count": "此游戏出现在捆绑包中的次数"
    },
    "charts": {
        "peakall": "历史峰值",
        "current": "当前玩家",
        "playing_now": "正在游戏",
        "peaktoday": "今日峰值"
    },
    "hltb": {
        "title": "通关时间",
        "main_e": "主线剧情和支线",
        "compl": "完美主义者",
        "submit": "提交你的时间",
        "main": "主线剧情",
        "no_data": "找不到数据",
        "help": "点击这里获取帮助",
        "wrong": "游戏不对？"
    },
    "library": {
        "in_library": "在库里",
        "error_loading_library": "无法载入您的游戏库。",
        "categories": "类别...",
        "genres": "类型",
        "private_profile": "在<a href='http://steamcommunity.com/my/edit/settings'>设置</a>中将您的资料状态更改为公开以使用此功能"
    },
    "spy": {
        "player_data": "玩家数据",
        "owners": "所有者",
        "players_total": "玩家总数",
        "players_2weeks": "最近两周内玩家数",
        "average_playtime": "平均游戏时长",
        "average_playtime_2weeks": "最近两周内平均游戏时长",
        "formatted_time": "__hours__ 小时，__minutes__ 分钟"
    },
    "options": {
        "wsgf": "显示WSGF（宽屏支持）信息",
        "version_show": "在Enhanced Steam更新时显示更新日志",
        "steamcardexchange": "在徽章页面显示SteamCardExchange链接",
        "regional_price": "地区价格比较",
        "acrtag": "在禁止跨区域交易的物品处显示警告",
        "excludef2p": "不高亮显示免费游戏",
        "contscroll": "启用连续滚动显示搜索结果",
        "profile_link_images_none": "无",
        "replace_account_name": "用昵称替代用户名",
        "profile_links": "显示以下网站的资料链接",
        "library_header": "库(Beta)",
        "tag": "标签",
        "icon": "图标",
        "name": "名称",
        "show_alternative_linux_icon": "显示其他的Linux图标",
        "showcomparelinks": "在好友动态中显示“成就比较”",
        "hidetmsymbols": "游戏标题中的商标及版权符号",
        "metacritic": "显示 Metacritic 用户评分",
        "opencritic": "显示 Opencritic.com 的信息",
        "hideactivelistings": "默认隐藏市场中我的活动列表",
        "clear": "您确定要重设所有的设置么?这项操作将无法逆转.",
        "profile_api_info": "在个人档案上显示使用者 API 连结",
        "coupon": "可使用优惠券的项目",
        "show_package_info": "显示全部包信息",
        "wlbuttoncommunityapp": "在社区应用页面显示\"添加至愿望单\"按钮",
        "removeguideslanguagefilter": "不根据用户的语言自动过滤指南",
        "disablelinkfilter": "在访问外部站点时禁用确认",
        "regional_price_on": "显示地区价格比较",
        "cart": "购物车中的物品",
        "friends_own": "好友拥有的项目",
        "drm": "显示第三方数字版权警告",
        "profile_permalink": "在个人资料中显示永久链接",
        "show_regionwarning": "跨区浏览时显示警告",
        "foot_link": "Enhanced Steam 扩展程序",
        "profile_link_images": "个人资料链接图片",
        "library": "在顶部显示库按钮",
        "show1clickgoo": "在适用的库存物品上显示“单击转换成宝石”按钮",
        "hidedlcunownedgames": "您未拥有游戏的DLC",
        "hltb": "显示 HowLongToBeat.com 信息",
        "hidespamcomments": "隐藏创意工坊和个人资料页面的垃圾评论",
        "hide_owned": "在搜索结果与标签界面你已经拥有的物品",
        "reset": "重置选项",
        "api_key": "API Key",
        "gift": "库存已拥有该物品的礼物",
        "show_sysreqcheck": "在应用页面显示系统配置检查按钮（测试中！）",
        "es_bg": "在编辑用户资料页面设定自定义背景",
        "regional_price_mouse": "鼠标经过时",
        "friends_rec": "好友推荐的项目",
        "lowestprice_header": "历史价格信息",
        "total_spent": "在账户页面显示总消费",
        "add_wallet_balance": "在标题栏显示Steam钱包金额",
        "add_to_cart_wishlist": "在愿望单页面显示“添加至购物车”按钮",
        "about_text": "<div class=\"header\">关于 <a href='http://www.enhancedsteam.com'>Enhanced Steam</a>:</div><p>Enhanced Steam 是一个谷歌Chrome的插件,能给Steam网页增加许多功能.<p>包括:<ul><li>高亮你已经拥有的游戏</li><li>高亮你愿望清单里面的游戏</li><li>根据你已经拥有的游戏来正确计算打包购买的价格</li><li>统计你在Steam上一共花了多少钱</li><li>在游戏页面高亮你拥有的DLC</li><li>修正许多在你愿望列表中没有图标的游戏与DLC</li><li>指出需要第三方DRM的游戏</li></ul><p>如果你觉得此插件有用,请考虑捐助!",
        "stores_all": "与所有商店做比较",
        "show_early_access_text": "显示抢先体验图片横幅",
        "author_info": "由jshackles制作",
        "profile_link_images_gray": "灰度",
        "quickinv": "在库存中显示steam社区物品的快速销售按钮",
        "quickinv_diff": "快速销售修改器",
        "library_f2p": "显示库存中玩过的免费游戏及试玩游戏",
        "inventory_market_text": "在库存页显示市场价格",
        "send_age_info": "自动填写年龄验证",
        "pcgw": "显示PCGamingWiki链接",
        "store_steamcards": "在商店页面显示SteamCardExchange的链接",
        "spamcommentregex": "正则表达式字符串",
        "hide_owned_homepage": "主页隐藏已拥有游戏",
        "saved_note": "选项已经保存",
        "regional_hideworld": "隐藏地球小图标",
        "show_astatslink": "在应用页面显示AStats链接",
        "showclient": "显示蒸汽客户端链接",
        "guest": "拥有通行证的项目",
        "show_steamchart_info": "显示SteamCharts.com信息",
        "show_steamspy_info": "显示来自steamspy.com的信息",
        "showallachievements": "在“所有游戏”页面显示成就数据",
        "lowestprice_onwishlist": "在愿望单上显示",
        "steamrepapi": "在个人资料页显示 SteamRep 状态",
        "header": "页眉",
        "lowestprice": "显示历史价格信息",
        "group_events": "在群组预览中显示活动",
        "changelog": "更新日志：",
        "owned": "已拥有的项目",
        "steamdb": "显示 SteamDB 链接",
        "hide_early_access": "在主页、浏览及搜索页面中隐藏抢先体验游戏",
        "reset_note": "重置选项",
        "html5video": "以 HTML5 代替 Flash 播放影片",
        "profiles_link_group_game": "独占游戏",
        "friends_wishlist": "好友愿望单中的项目",
        "showspeechsearch": "为搜索框添加语音输入功能",
        "profile_link_images_color": "彩色",
        "hide_about": "隐藏“关于”链接",
        "show_empty_wishlist": "显示“清空愿望单”按钮",
        "inventory_nav_text": "在物品库页面显示进阶导览功能",
        "carousel_description": "在商店首页显示简介",
        "market_total": "显示市场交易总额",
        "hide_install": "隐藏 安装 Steam 按钮",
        "lowestprice_coupon": "在价格比较时包含优惠券",
        "general": "一般",
        "market": "市场",
        "inventory": "库存",
        "profile": "资料",
        "show_languagewarning": "显示警告除非当前语言是",
        "homepage": "主页",
        "homepage_default_tab": "默认主页选项卡",
        "homepage_default_tab_remember": "记住上一个",
        "homepage_default_tab_newreleases": "热门新品",
        "homepage_default_tab_allreleases": "所有新品",
        "homepage_default_tab_topsellers": "热销排名",
        "homepage_default_tab_upcoming": "即将推出",
        "homepage_default_tab_specials": "优惠",
        "wishlist": "愿望单中的项目",
        "add_another_region": "添加",
        "skip_got_steam": "跳过“安装 Steam”提示窗",
        "store_general_thirdparty": "第三方网站信息选项",
        "purchase_dates": "在商店页面上显示购买日期",
        "show_badge_progress": "在商店页面显示徽章进度",
        "show_wishlist_link": "在资料页面显示愿望单链接",
        "show_wishlist_count": "在愿望单页面显示物品数量",
        "lang": {
            "english": "英语",
            "brazilian": "葡萄牙语-巴西",
            "bulgarian": "保加利亚语",
            "czech": "捷克语",
            "danish": "丹麦语",
            "dutch": "荷兰语",
            "finnish": "芬兰语",
            "french": "法语",
            "greek": "希腊语",
            "german": "德语",
            "hungarian": "匈牙利语",
            "italian": "意大利语",
            "japanese": "日语",
            "koreana": "朝鲜语",
            "norwegian": "挪威语",
            "polish": "波兰语",
            "portuguese": "葡萄牙语",
            "russian": "俄语",
            "romanian": "罗马尼亚语",
            "schinese": "简体中文",
            "spanish": "西班牙语",
            "swedish": "瑞典语",
            "tchinese": "繁体中文",
            "thai": "泰语",
            "turkish": "土耳其语",
            "ukrainian": "乌克兰语"
        }
    },
    "ready": {
        "errormsg": "Enhanced Steam 数据载入错误",
        "loading": "Enhanced Steam 数据载入中...",
        "ready": "Enhanced Steam 已就绪",
        "failed": "一个或多个请求失败"
    },
    "twitch": {
        "now_streaming": "__username__正在Twitch上直播",
        "viewers": "浏览者",
        "followers": "关注者",
        "views": "看法"
    },
    "survey": {
        "performance_survey": "性能调查",
        "users": "__users__ 用户已完成这个游戏的性能调查",
        "framerate": "帧率",
        "framerate_response": "用户回应该帧率是",
        "framerate_30": "固定在 30 帧或30帧以下",
        "framerate_fi": "固定在 30 帧以上",
        "framerate_va": "变量，取决于硬件",
        "resolution": "分辨率",
        "resolution_support": "这个游戏似乎支持",
        "resolution_less": "少于__pixels__的分辨率",
        "resolution_up": "最大__pixels__分辨率",
        "graphics_settings": "图像设置",
        "satisfaction": "GPU性能测试",
        "gs_y": "具有内置图形选项或图形菜单",
        "gs_n": "没有内置的图形选项或图形菜单",
        "nobody": "尚未有人参与过这款游戏的性能调查",
        "take": "参与调查"
    },
    "select": {
        "wishlisted_dlc": "选择愿望单中的DLC",
        "none": "全部取消",
        "unowned_dlc": "选择尚未拥有的DLC"
    },
    "tag": {
        "wishlist": "愿望单",
        "friends_own": "__friendcount__拥有",
        "coupon": "优惠券",
        "friends_rec": "<a href=\"http://store.steampowered.com/recommended/byfriends/__appid__\"> __friendcount__推荐",
        "inv_gift": "礼物",
        "inv_guestpass": "玩家通行证",
        "owned": "已拥有",
        "notinterested": "不感兴趣",
        "friends_want": "<a href=\"http://steamcommunity.com/my/friendsthatplay/__appid__\">__friendcount__想要</a>"
    },
    "wallet": {
        "custom_amount": "充值自定义金额",
        "custom_amount_text": "充值 __minamount__ 以上的任意金额"
    },
    "wsgf": {
        "incomplete": "不完全的",
        "unsupported": "此游戏因为没有__type__支持而获得此评分，这些游戏可能无法在__type__下游玩，或者是图像被拉伸来填满屏幕而无法维持正确的长宽比",
        "gold": "此奖章是颁给因为有__type__支持而自 WSGF 获得完美评分的游戏，而且是经过__type__认证的",
        "silver": "此奖章是颁给因为有__type__支持而获得 B 等的游戏，在这方面这些游戏并没有重大缺陷，但是至少有一个瑕疵让它无法拿到完美评分",
        "limited": "此游戏因为有__type__支持而获得 C 等的评分，这些游戏有某种层面的__type__支持，但是有严重的问题",
        "certifications": "WSGF 宽屏认证"
    },
    "itad": {
        "option": "在菜单中显示与IsThereAnyDeal.com同步数据的选项",
        "send_to_itad": "向 IsThereAnyDeal 发送已拥有的游戏列表",
        "sending": "载入您已拥有的游戏与合集包并将信息发送到IsThereAnyDeal.com"
    },
    "tradeoffer": {
        "num_item": "__num__ 个对象",
        "num_items": "__num__ 个对象"
    },
    "update": {
        "dont_show": "不再显示",
        "updated": "Enhanced Steam已更新至 __version__",
        "changes": "此版本包括以下更改"
    },
    "register": {
        "success": "__gamename__已激活",
        "owned": "该Steam账户已拥有订单中的一项或多项产品。",
        "notavail": "抱歉，该产品在当前国家未发售。您的密钥未兑换。",
        "invalid": "你输入的产品代码无效。 请检查是否输入了错误代码。",
        "already": "你输入的产品代码已经被另一个Steam帐户激活。",
        "dlc": "您输入的产品代码在激活之前需要先拥有另一个产品。",
        "wallet": "您所输入的代码来自 Steam 礼物卡或 Steam 钱包充值码。",
        "toomany": "这个账户近期激活次数过多，请稍后重试",
        "default": "发生了一个意外错误。您的产品代码尚未兑换。 请在 30 分钟后重新兑换该代码。"
    }
}