{
    "post_history": "Покажи минали постове",
    "add_nickname": "Добавяне на псевдоним",
    "total_size": "Общ размер",
    "dlc_details": "Детайли за допълнително съдържание",
    "badge_not_unlocked": "Не е отключено",
    "each": "Всяко",
    "view_in_market": "Виж в пазар на общността",
    "homepage_spotlight": "Препоръчани",
    "official_group_url": "steamcommunity.com/groups/enhancedsteam",
    "remove": "Премахни",
    "get_help": "Помощ",
    "add_selected_dlc_to_cart": "Добави избраното допълните съдържание към количката",
    "credits": "Кредити",
    "store_transactions": "Транзакции в магазина",
    "activates": "Активира се в Steam",
    "games_coupon": "Игри с купони",
    "all_friends_own": "Всички приятели, които притежават това (__friendcount__)",
    "translate": "Преведи",
    "search_names_only": "Търси по именно само",
    "packs": "Пакети",
    "remove_owned_wishlist": "Премахни притежавани игри от списък с желания",
    "donate": "Дарения",
    "close": "Затвори",
    "error": "Възникна грешка",
    "go": "Напред",
    "activate": "Активиране на продукт",
    "activate_multiple_header": "Въведете продуктовите кодове по-долу, по един на ред",
    "activate_multiple": "Активиране на множество продукти",
    "activate_products": "Активиране на продукти",
    "coupon_application_note": "Купон от инвентара ви автоматично ще бъде приложен при плащане.",
    "hide": "Скрий",
    "cards_owned": "Притежавате __owned__ от __possible__ карти",
    "common_label": "Скрий игри, които нямате",
    "birthday_message": "Честит Steam рожден ден,  __username__! Твоят Steam акаунт е на __age__ години днес.",
    "buying_total": "Общо покупки",
    "allreleases_products": "Изберете типовете на продуктите, които искате да видите в този раздел",
    "library_menu": "Библиютека",
    "clear_cache": "Изчистване на кешираните данни",
    "events": "Events",
    "translation": "Превод",
    "lowest": "Най-ниско",
    "lowest_price": "Текуща най-ниска цена",
    "view_badge_progress": "Вижте прогреса със значките",
    "badge_progress": "Покажи прогрес на значките",
    "sales_total": "Общо продажби",
    "hold_total": "Общо задържани",
    "view_normal_badge": "Покажи нормален прогрес на значките",
    "community_name_account_header": "Акаунта на __username__",
    "apppage_sections": "Изберете секциите, който искате да видите на тази страница",
    "search_error": "Грешка при зареждането на повече резултати при търсене",
    "website": "Уебсайт",
    "games": "Игри",
    "total_time": "Общо време",
    "dlc_suggest": "Предложете нова категория",
    "badge_completion_cost": "Цена за завършване на значаката",
    "loading": "Зареждане...",
    "selling": "Продажба...",
    "quick_sell": "Бърза продажба за __amount__",
    "instant_sell": "Незабавна продажба за __amount__",
    "starting_at": "Започва от",
    "hardwareads": "Рекламиране на хардуер",
    "homepage_tabs": "Разделите на началната страница",
    "store": "Магазин",
    "view_in": "Покажи в",
    "drm_third_party": "Предупреждение: Този дял използва 3-та страна DRM",
    "stores": "Магазини",
    "game_transactions": "Транзакции в игра",
    "after_coupon": "След купон",
    "games_installed": "Инсталирани игри",
    "hours_short": "__hours__ часове",
    "faqs": "Често задавани въпроси",
    "spam_comment_show": "__num__ спам коментари скрити в тази страница. Натиснете тук за да ги видите.",
    "dlc": "Сваляемо съдържание",
    "add_to_wishlist": "Добави към списък с желания.",
    "language": "Език",
    "theworddefault": "По подразбиране",
    "coupon_learn_more": "<a href=\"https://support.steampowered.com/kb_article.php?ref=4210-YIPC-0275\"> Научете повече</a> за Steam купоните",
    "show": "Покажи",
    "badges_all": "Всички значки",
    "comparison_mode": "Разрешете прегледа на всички игри, за да видите сравнението на игрите",
    "search": "Търсене",
    "es_supporter": "Засилено пара поддръжник",
    "view_to_scale": "View to scale",
    "videos": "Видео / Трейлъри",
    "community": "Общност",
    "dlc_data_header": "Детайли за сваляемото съдържание",
    "graphics": "Графики",
    "trading_cards": "Steam карти за размяна",
    "view_badge": "Преглед значка",
    "purchase_total": "Общо покупки",
    "view_foil_badge": "Покажи прогреса за ламинирана значка",
    "view_astats": "Преглед на AStats страница",
    "apppage_purchase": "Опции за покупка",
    "search_error_retry": "Щракнете тук, за да опитате отново",
    "contribute": "Допринесе (GitHub)",
    "reviews": "Отзиви",
    "read_reviews": "Прочетете ревюта",
    "read_more_reviews": "Прочетете повеч ревюта в",
    "size": "Размер",
    "package_info": "Пакет информация",
    "badge_completion_avg": "Средна цена за завършване",
    "using_store": "Вие ползвате магазина на Steam в регион __current__.",
    "volume_sold_last_24": "Обем: __sold__ продадени през последните 24 часа",
    "sold_last_24": "__sold__ продадени през последните 24 часа",
    "homepage_sidebar": "Странична лента",
    "drop_calc": "Щракнете тук за изчисляване на останалите падания",
    "price": "Цена",
    "view_marketplace": "Преглед на пазара",
    "market_transactions": "Пазарни сделки",
    "card_drops_remaining": "__drops__ оставащи карти",
    "badges_drops": "Значки с оставащи падания на карти",
    "using_language_return": "Щракнете тук, за да разгледате Steam в __base__.",
    "spam_comment_warn": "Тук има дракони...",
    "guides": "Ръководства",
    "buy_wishlist": "Купи списък с желания",
    "highlight": "Подчертай",
    "save": "Запази",
    "not": "Не отметнато",
    "add_to_cart": "Добавяне в кошница",
    "view": "Изглед",
    "games_all": "Всички игри",
    "permalink": "Постоянна връзка",
    "game_name": "Име на играта",
    "gift_transactions": "Подарък транзакции",
    "demos": "Демонстрации",
    "notinterested": "Елементите, маркирани не интересува",
    "mixed_item": "Предмети със смесен рейтинг",
    "negative_item": "Предмети с лош рейтинг",
    "price_above": "Предмети. които струват повече от",
    "price_above_tooltip": "Въведете нула за безплатни премети или предмети обозначение без цена; оставете този файл празен за да деактивирате тази функция",
    "news": "Новини",
    "check_system": "Проверете си системата",
    "viewinclient": "Прегледай в Steam клиента",
    "custom_background": "Собствен фон",
    "custom_style": "Собствена тема",
    "custom_style_help": "Всички, които използват Enhanced Steam ще видят тази тема във вашият профил. Хора, които не използват Enhanced Steam няма да видят никакви промени направени тук.",
    "noneselected": "Няма избран / без промяна",
    "most_drops": "Повечето капки",
    "badge_foil_progress": "Покажи прогрес за ламинирана значка",
    "net_gain": "Нетна печалба",
    "apppage_legal": "Правна информация",
    "acrtag_msg": "Търговия с определени региони е забранена за този артикул",
    "bug_feature": "Докладвай бъг / Предложи опция",
    "always": "Винаги",
    "compare": "Сравни",
    "discount": "Отстъпка",
    "discountper": "Отстъпка (процент)",
    "discountabs": "Отстъпка (сума)",
    "rating_details": "Виж детайли за рейтинга",
    "drops_worth_avg": "Приблизителна стойност",
    "using_store_return": "Щракнете тук, за да се върнете към хранилището на __base__.",
    "family_sharing_notice": "<b>Внимание:</b> Тази игра не е включена към услугата споделяне със семейство.",
    "valid": "Валидно",
    "price_options": "Ценови опции",
    "no_results_found": "Няма намерени резултати",
    "visit_store": "Посети страницата на магазина",
    "all": "Всички",
    "total_spent": "Общо похарчено",
    "games_with_drops": "__dropsgames__ игри с капки остават",
    "binder_view": "Изглед в папки",
    "view_stats": "Преглед на статистиката",
    "using_language": "Вие разглеждате Steam в __current__.",
    "popular": "Популярни",
    "visit_trade_forum": "Посети търговския форум",
    "software": "Софтуер",
    "purchase_date": "(Купено на __date__)",
    "custom_background_help": "Всички с Enhanced Steam ще видят този фон на вашия профил. Хора, които нямат Enhanced Steam ще виждат обикновения ви профилен фон.",
    "date_unlocked": "Дата на октлючване",
    "view_badge_foil": "Покажи ламинирана значка",
    "net_spent": "Общо изразходвано",
    "homepage_carousel": "Въртележка",
    "acrtag_tooltip": "Този артикул не може да се търгуват с други региони, ако закупени в Източна Европа, Южна Америка или Югоизточна Азия",
    "official_group": "Официална група",
    "saved": "Запазено",
    "add_unowned_dlc_to_cart": "Добави непритежавано DLC към количката",
    "buy": "Купи",
    "buy_package": "Купи __package__",
    "more_information": "Повече информация",
    "games_discount": "Игри с отстъпки",
    "region_unavailable": "Не е достъпно в този регион",
    "item_type": "Тип на артикула",
    "avg_price_3cards": "Средна цена на три търговски карти",
    "mods": "Модове",
    "empty_wishlist": "Празен списък с желания",
    "empty_wishlist_confirm": "Наистина ли искате да изтриете списъка си с желания? Това действие не може да се отмени!",
    "empty_wishlist_loading": "Изчистване на списък желани, моля изчакайте...",
    "about": "Относно",
    "never": "Никога",
    "coupon_available": "Имате наличен купон!",
    "info": "Информация",
    "launch_random": "Пусни случайна игра",
    "play_game": "Играй __gamename__?",
    "drops_value": "Най-голям спад на цената",
    "notcommon_label": "Скрий игри, които притежавате",
    "show_all_steam_releases": "Покажи всички Steam издания",
    "wishlist": "Списък с желания",
    "on_wishlist": "В списък с желания",
    "notdiscounted": "Елементите нямат отстъпка",
    "cancel": "Откажи",
    "wiki_article": "Прегледай __pcgw__ статията",
    "view_all": "ПРЕГЛЕД НА ВСИЧКИ",
    "programming": "Програмиране",
    "historical_low": "Исторически най-ниската цена",
    "games_with_booster": "__boostergames__ игри приемливи за буустър пакети",
    "sort_by": "Сортирай по:",
    "lastonline": "Последно на линия",
    "edit_price": "Редактирай цената",
    "relist": "Пусни наново",
    "relist_an_item": "Пусни предмета наново",
    "relist_text": "Желаете ли да пуснете този продукт наново на по-ниска цена?",
    "search_market": "Търсене Steam обществен пазар",
    "drm_third_party_sub": "Внимание: Едно или повече заглавия в този пакет използват DRM от 3-ти страни",
    "customize": "Персонализиране",
    "custom": "По избор",
    "bundle_saving_text": "Ако си купиш този пакет, спестяваш",
    "thewordoptions": "Опции",
    "concepts": "Концепции",
    "collections": "Колекции",
    "discussions": "Дискусии",
    "add_wishlist_note": "Добавете бележка на желанията",
    "update_wishlist_note": "Актуализирай списъка с желания",
    "add_wishlist_note_prompt": "Въведи списъка с желания",
    "update_wishlist_note_prompt": "Актуализирай списъка с желания",
    "results": "__num__ резултата",
    "all_results": "Всички __num__ резултати са показани",
    "see_more": "Вижте повече",
    "lowest_price_format": "__price__ в __store__",
    "historical_low_format": "__price__ в __store__ на __date__",
    "favorited": "Любими",
    "followed": "Последвани",
    "leave_group_selected": "Напуснете избраната",
    "leave_group_all": "Напуснете всички",
    "leave_group_all_confirm": "Вие ще напуснете ВСИЧКИ ГРУПИ, в които участвате! Сигурни ли сте, че искате да продължите?",
    "leave_group_admin_confirm": "Вие сте администратор в тази група: __groupname__ \nНаистина ли искате да напуснете?",
    "wrong_try_again": "Опа... Нещо се обърка, моля опитайте отново.",
    "join_group": "Присъедини се към групата",
    "chat": "Разговори",
    "web_browser_chat": "Чат през браузъра",
    "steam_client_chat": "Чат през Steam клиента",
    "available": "Налични",
    "set_as_background": "Задай като фон",
    "preview_background": "Предварителен преглед за фона",
    "details": "Подробности",
    "expand_slider": "Разшири слайдера",
    "contract_slider": "Свий слайдера",
    "early_access": "Ранен достъп",
    "filter_games": "Филтрирай игри",
    "note_for": "Бележка за",
    "show_wishlist_total": "Покажи целия списък с желания",
    "tag_short": "Използвай кратки тагове, за да спестиш място",
    "no_price_data": "Няма данни за цената",
    "exclude_tags": "Изключи таговете",
    "user_score": "Потребителски рейтинг",
    "user_reviews": "Мнения на потребителите",
    "review_summary": "__percent__ от __num__ мненията на потребителите за тази игра са положителни.",
    "market_popular_items_toggle": "Превключване на актуализиране за популярни продукти",
    "achievements": {
        "option": "Показване на постиженията на страницата на магазина",
        "achievements": "Постижения",
        "includes": "Включва __num__ Steam постижения",
        "view_all": "Покажи всичките постижения"
    },
    "bundle": {
        "offer_ends": "Офертата свършва",
        "at_least": "Плати поне",
        "pwyw": "Кой колкото даде",
        "includes": "включва __num__ артикула",
        "tier_includes": "__tier__ (__price__) включва __num__ елементи",
        "tier": "Подреди __num__",
        "header": "Пакети, които включват тази игра",
        "info": "Пакет информация",
        "bundle_count": "Пъти, в които играта е била в пакет"
    },
    "charts": {
        "peakall": "абсолютен връх",
        "current": "Текущи играчи",
        "playing_now": "играят сега",
        "peaktoday": "днешен връх"
    },
    "hltb": {
        "title": "Колко време отнема приключването й",
        "main_e": "Главна история и екстри",
        "compl": "Завършеност",
        "submit": "Въведете Вашето време",
        "main": "Основна история",
        "no_data": "Няма намерени данни",
        "help": "Щракни тук за помощ",
        "wrong": "Грешна игра?"
    },
    "library": {
        "in_library": "В библиотеката",
        "error_loading_library": "Couldn't load your library.",
        "categories": "Categories...",
        "genres": "Genres...",
        "private_profile": "Change your profile status to public <a href='http://steamcommunity.com/my/edit/settings'>in your settings</a> to use this feature."
    },
    "spy": {
        "player_data": "Данни за играчите",
        "owners": "Собственици",
        "players_total": "Общо играчи",
        "players_2weeks": "Играчи в последните две седмици",
        "average_playtime": "Средно време за игра",
        "average_playtime_2weeks": "Средно време за игра в последните две седмици",
        "formatted_time": "__hours__ часа, __minutes__ минути"
    },
    "options": {
        "wsgf": "Покажи WSGF инфо",
        "version_show": "Покажи променен файл за регистрация когато Enchanced Steam се обновява",
        "steamcardexchange": "Покажи линкове от SteamCardExchange върху значките",
        "regional_price": "Сравнение на цените по региони",
        "acrtag": "Покажи предупреждение за артикули, които не поддържат търговия в различни региони",
        "excludef2p": "Изключи безплатните игри от подчертаване",
        "contscroll": "Позволи непрекъснато скролване при търсене",
        "profile_link_images_none": "Липсва",
        "replace_account_name": "Замени името на акаунт с име на общността",
        "profile_links": "Покажи профилни линкове към",
        "library_header": "Library (BETA)",
        "tag": "Тагове",
        "icon": "Икона",
        "name": "Име",
        "show_alternative_linux_icon": "Покажи алтернативна Linux иконка",
        "showcomparelinks": "Покажи линк \"Сравни\" за постижения на приятели",
        "hidetmsymbols": "Trademark и Copyright символи в имената на игрите",
        "metacritic": "Покажи потребителския резултат от Metacritic",
        "opencritic": "Покажи информация от Opencritic.com",
        "hideactivelistings": "Скрий всички активни обекти в Market по подразбиране",
        "clear": "Наистина ли желаете да нулирате всички опции? Това не може да бъде отменено.",
        "profile_api_info": "Show user API link on profiles",
        "coupon": "Предмети с купони",
        "show_package_info": "Покажи информация за всички приложения",
        "wlbuttoncommunityapp": "Покажи бутон \"Добави към wishlist\" в страницата на обществеността",
        "removeguideslanguagefilter": "Не филтрирай автоматично гидовете по езика на потребителя",
        "disablelinkfilter": "Изключи потвърждаването, при влизане от чужд сайт",
        "regional_price_on": "Сравнение на цените по региони",
        "cart": "Елементи във Вашата количка",
        "friends_own": "Предмети, които приятелите ви имат",
        "drm": "Покажи предупреждения за DRM от 3-ти страни",
        "profile_permalink": "Покажи пермалинкове в профили",
        "show_regionwarning": "Покажи предупреждение ако браузваш в регион без акаунт",
        "foot_link": "Добавка за Enhanced Steam",
        "profile_link_images": "Картинки от профилни линкове",
        "library": "Покажи бутон \"Библиотека\" в заглавието",
        "show1clickgoo": "Покажи бутона за \"Превръщане в Скъпоценни камъни\" на всички предмети в инвентара",
        "hidedlcunownedgames": "DLC-та за игри, които притежавате",
        "hltb": "Покажи инфо от HowLongToBeat.com",
        "hidespamcomments": "Скрий спам коментарите от Workshop и профили",
        "hide_owned": "Предметите, които притежавате в резултат на търсене",
        "reset": "Нулирай настройките",
        "api_key": "API Key",
        "gift": "Предмети, запазени като подаръци",
        "show_sysreqcheck": "Покажи бутона за проверка на системните изисквания (Експериментално!)",
        "es_bg": "Задай фон на екрана за промяна на профил",
        "regional_price_mouse": "при посочване върху цената",
        "friends_rec": "Предмети с ревюта от приятели",
        "lowestprice_header": "Информация за история на цената",
        "total_spent": "Покажи изхарчено в акаунта",
        "add_wallet_balance": "Покажи Steam портмонето в заглавната лента",
        "add_to_cart_wishlist": "Покажи бутон \"Добави в кошницата\" в списък Желани",
        "about_text": "<div class=\"header\">About <a href='http://www.enhancedsteam.com'>Enhanced Steam</a>:</div><p>Enhanced Steam е приставка за Google Chrome, коятодобавя много функции към сайта на STeam.<p>Функциите съдържат:<ul><li>Подчертаване на игрите, които вече притежавате</li><li>Подчертаване на игрите в списъка с Желания</li><li>Правилно калколиране на отстъпката от пакетите с игри, баирано на игрите притежавани от вас.</li><li>Показва Ви колко пари сте похарчили в Steam от създаването на акаунта</li><li>Подчератване на DLC, което притежавате в страницата на играта</li><li>Поправя \"No Image Available\" игровите икони в сисъка Ви с желания за всяка игра или DLC</li><li>Показва издания с допълнителен DRM</li></ul><p>Ако намирате приставката за полезна, моля помислете за дарение.\n \nContext | Request Context.",
        "stores_all": "Сравни всички магазини",
        "show_early_access_text": "Покажи банери за Early Access",
        "author_info": "от jshackles",
        "profile_link_images_gray": "Сиви",
        "quickinv": "Покажи бутони за бърза продажба при предмети в инвентара",
        "quickinv_diff": "Модификатор за бърза продажба:",
        "library_f2p": "Show played free to play games and demos in library",
        "inventory_market_text": "Покажи маркет цената в страницата на инвентара",
        "send_age_info": "Автоматично изпращай проверка на възрастта при поискване",
        "pcgw": "Покажи линкове от PCGamingWiki",
        "store_steamcards": "Покажи линкове от SteamCardExchange",
        "spamcommentregex": "Регулярен израз:",
        "hide_owned_homepage": "Закупени артикули на началната страница",
        "saved_note": "Настройките са запазени",
        "regional_hideworld": "Скрий индикатора глобус",
        "show_astatslink": "Покажи линкове от AStats",
        "showclient": "Покажи линкове към Steam клиента",
        "guest": "Игри, за които имате guest pass",
        "show_steamchart_info": "Покажи инфо от SteamCharts.com",
        "show_steamspy_info": "Покажи информация от steamspy.com",
        "showallachievements": "Покажи статистика на постиженията в страницата \"Всички игри\"",
        "lowestprice_onwishlist": "Покажи в списъка с желания",
        "steamrepapi": "Покажи статуса от SteamRep в профилните страници",
        "header": "Хедър",
        "lowestprice": "Покажи",
        "group_events": "Покажи събития при преглед на групата",
        "changelog": "Дневник на промените:",
        "owned": "Притежавани предмети",
        "steamdb": "Покажи линкове от SteamDB",
        "hide_early_access": "Скрий игрите от Ранен достъп при търсене и от началната страница",
        "reset_note": "Анулиране на опциите",
        "html5video": "Покажи видео с помощта на HTML5 вместо Flash",
        "profiles_link_group_game": "Game exclusive",
        "friends_wishlist": "Предмети, които приятелите ви искат",
        "showspeechsearch": "Add speech input to search boxes",
        "profile_link_images_color": "Оцветен",
        "hide_about": "Скрий линка \"За\"",
        "show_empty_wishlist": "Покажи бутон за изтриване на списъка с желания",
        "inventory_nav_text": "Покажи разширена навигация в инвентара",
        "carousel_description": "Покажи описанието на приложението в началната страница на магазина",
        "market_total": "Покажи обобщение на транзакциите в Пазара",
        "hide_install": "Скрий \"Инсталирай Steam\"",
        "lowestprice_coupon": "Включи кодове за купони в сравнение на цената",
        "general": "Общи",
        "market": "Пазар",
        "inventory": "Инвентар",
        "profile": "Профил",
        "show_languagewarning": "Покажи предупреждение, ако езикът е различен от",
        "homepage": "Начална страница",
        "homepage_default_tab": "Начална страница по подразбиране",
        "homepage_default_tab_remember": "Запомни предишния",
        "homepage_default_tab_newreleases": "Популярни нови рилийзи",
        "homepage_default_tab_allreleases": "Всички нови рилийзи",
        "homepage_default_tab_topsellers": "Най-продавани",
        "homepage_default_tab_upcoming": "Предстоящи",
        "homepage_default_tab_specials": "Промоции",
        "wishlist": "Предмети в списъка с желания",
        "add_another_region": "Добави",
        "skip_got_steam": "Пропусни прозореца \"Имате ли Steam?\"",
        "store_general_thirdparty": "Опции за информация от трети страни",
        "purchase_dates": "Покажи датата на покупка на приложението в страниците на магазина",
        "show_badge_progress": "Показване на напредъка за значките на страниците в магазина",
        "show_wishlist_link": "Покажи връзка към списък Желани в профила",
        "show_wishlist_count": "Покажи броя на елементите в списък Желани",
        "lang": {
            "english": "английски",
            "brazilian": "португалски (Бразилия)",
            "bulgarian": "български",
            "czech": "чешки",
            "danish": "датски",
            "dutch": "Холандски",
            "finnish": "Финландски",
            "french": "Френски",
            "greek": "Гръцки",
            "german": "Немски",
            "hungarian": "Унгарски",
            "italian": "Италиански",
            "japanese": "Японски",
            "koreana": "Корейски",
            "norwegian": "Норвежки",
            "polish": "Полски",
            "portuguese": "Португалски",
            "russian": "Руски",
            "romanian": "Румънски",
            "schinese": "Опростен китайски",
            "spanish": "Испански",
            "swedish": "Шведски",
            "tchinese": "Традиционен китайски",
            "thai": "Тайландски",
            "turkish": "Турски",
            "ukrainian": "Украински"
        }
    },
    "ready": {
        "errormsg": "Грешка при зареждане на данните на Enhanced Steam",
        "loading": "Зареждане на данните на Enhanced Steam...",
        "ready": "Enhanced Steam e готов",
        "failed": "Една или повече заявки не успя"
    },
    "twitch": {
        "now_streaming": "__username__ стриймва в Twitch",
        "viewers": "Зрители",
        "followers": "Последователи",
        "views": "Гледания"
    },
    "survey": {
        "performance_survey": "Проучване",
        "users": "__users__ потребители са отговорили на проучването за тази игра",
        "framerate": "Кадри в секунда",
        "framerate_response": "са отговорили, че кадрите в секунда са",
        "framerate_30": "заковано на 30 кадъра в секунда или по-малко",
        "framerate_fi": "заковано на повече от 30 кадъра в секунда",
        "framerate_va": "променливи, в зависимост от хардуера",
        "resolution": "Разделителна способност",
        "resolution_support": "Тази игра поддържа",
        "resolution_less": "разделителна способност под __pixels__",
        "resolution_up": "разделителна способност до __pixels__",
        "graphics_settings": "Графични настройки",
        "satisfaction": "Удовлетвореност по GPU",
        "gs_y": "Има вградени графични опции или графично меню",
        "gs_n": "Няма вградени графични опции или графично меню",
        "nobody": "Никой не е направил проучване за тази игра все още",
        "take": "Участвай в проучването"
    },
    "select": {
        "wishlisted_dlc": "Избери DLC от списъка с желания",
        "none": "Избери нищо",
        "unowned_dlc": "Избери непритежаваните DLC"
    },
    "tag": {
        "wishlist": "Списък с желания",
        "friends_own": "__friendcount__ приятеля притежават",
        "coupon": "Купон",
        "friends_rec": "<a href=\"http://store.steampowered.com/recommended/byfriends/__appid__\">__friendcount__приятелски ревюта",
        "inv_gift": "Подарък",
        "inv_guestpass": "Парола за гости",
        "owned": "Притежаван",
        "notinterested": "Не се интересувам",
        "friends_want": "<a href=\"http://steamcommunity.com/my/friendsthatplay/__appid__\">__friendcount__ желание за</a>"
    },
    "wallet": {
        "custom_amount": "Добави друга сума",
        "custom_amount_text": "Добави всяка сума над __minamount__"
    },
    "wsgf": {
        "incomplete": "Недовършено",
        "unsupported": "Този резултат се дава за игри които нямат _вид_ поддръжка. Играта може би няма да може да бъде играта в _вид_ или изображението разтеглено и свито на екрана. Няма да се запазят правилните пропорции.",
        "gold": "Този медал се връчва за игри в които е постигнат перфектен резултат от WSGF за техният _вид_ поддръжка и да _вид_ сертифицирани",
        "silver": "Този медал се връчва на игрите, които да получили изчислена оценка „B“ за поддръжката си на __type__.  Всички тези игри нямат големи проблеми, но имат поне един недостатък, заради който нямат перфектна оценка.",
        "limited": "Този резултат се присъжда на игри, които са получили изчислена оценка „C“ за поддръжката си на __type__.  Всички тези игри имат някаква поддръжка на __type__, но имат сериозни проблеми.",
        "certifications": "WSGF сертификати за широкоекранен дисплей"
    },
    "itad": {
        "option": "Покажи опцията за синхронизиране на данни с IsThereAnyDeal.com",
        "send_to_itad": "Изпрати притежаваните игри в IsThereAnyDeal",
        "sending": "Зареждане на Вашите игри и пращане към IsThereAnyDeal.com"
    },
    "tradeoffer": {
        "num_item": "__num__ предмет",
        "num_items": "__num__предмета"
    },
    "update": {
        "dont_show": "Не показвай отново",
        "updated": "Enhanced Steam е подобрен до __version__",
        "changes": "Тази версия включва следните промени"
    },
    "register": {
        "success": "Успешно активиране: __gamename__",
        "owned": "Този Steam акаунт вече притежава продукта(ите), съдържащ(и) се в тази оферта.",
        "notavail": "Съжаляваме, но този продукт не е достъпен за покупка в тази държава. Продуктовият Ви ключ не беше употребен.",
        "invalid": "Продуктовият код, който въведохте, е неправилен. Моля, проверете отново дали не сте го въвели грешно.",
        "already": "Продуктовият код, който въведохте, вече е бил активиран от друг акаунт.",
        "dlc": "Продуктовият код, който въведохте, изисква притежаването на друг артикул преди активация.",
        "wallet": "Кодът, който въведохте, е от подаръчна карта или код за портфейла",
        "toomany": "Този акаунт е направил прекалено много опити за активация напоследък. Моля, изчакайте и опитайте отново по-късно.",
        "default": "Възникна неочаквана грешка. Продуктовият Ви код не беше употребен. Моля, изчакайте 30 минути и опитайте отново да използвате кода."
    }
}