{
    "post_history": "Vedi cronologia dei messaggi",
    "add_nickname": "Aggiungi Nickname",
    "total_size": "Dimensione totale",
    "dlc_details": "Dettagli dei contenuti scaricabili",
    "badge_not_unlocked": "Da sbloccare",
    "each": "Ciascuno",
    "view_in_market": "Visualizza nel mercato",
    "homepage_spotlight": "In evidenza",
    "official_group_url": "steamcommunity.com/groups/enhancedsteam",
    "remove": "Rimuovi",
    "get_help": "Assistenza",
    "add_selected_dlc_to_cart": "Aggiungi DLC selezionati al carrello",
    "credits": "Ringraziamenti",
    "store_transactions": "Transazioni Negozio",
    "activates": "Attivabile su Steam",
    "games_coupon": "Giochi con coupon",
    "all_friends_own": "Amici che lo possiedono (__friendcount__)",
    "translate": "Traduzione",
    "search_names_only": "Cerca solo nei titoli",
    "packs": "Pacchetti",
    "remove_owned_wishlist": "Rimuovi giochi in libreria",
    "donate": "Donazioni",
    "close": "Chiudi",
    "error": "Si è verificato un errore",
    "go": "Vai",
    "activate": "Attiva un prodotto",
    "activate_multiple_header": "Inserisci i codici prodotto qui sotto, uno per ogni riga",
    "activate_multiple": "Attiva tanti prodotti",
    "activate_products": "Attiva i prodotti",
    "coupon_application_note": "Un coupon presente nel tuo inventario verrà utilizzato al momento del pagamento.",
    "hide": "Nascondi",
    "cards_owned": "__owned__ di __possible__ carte nell'inventario",
    "common_label": "Nascondi giochi non posseduti",
    "birthday_message": "Buon compleanno su Steam, __username__! Il tuo account Steam oggi compie __age__ anni.",
    "buying_total": "Acquista totale",
    "allreleases_products": "Seleziona i tipi di prodotti che vorresti vedere in questa sezione",
    "library_menu": "Libreria",
    "clear_cache": "Svuota la cache",
    "events": "Eventi",
    "translation": "Traduzione",
    "lowest": "Più basso",
    "lowest_price": "Prezzo più basso",
    "view_badge_progress": "Mostra progresso della medaglia",
    "badge_progress": "Progresso della medaglia",
    "sales_total": "Vendite totali",
    "hold_total": "Totale in attesa",
    "view_normal_badge": "Vedi progresso medaglia Normale",
    "community_name_account_header": "Account di __username__",
    "apppage_sections": "Seleziona le sezioni che vorresti vedere su questa pagina",
    "search_error": "Errore durante il caricamento dei risultati di ricerca",
    "website": "Sito web",
    "games": "Giochi",
    "total_time": "Tempo totale",
    "dlc_suggest": "Suggerisci nuova categoria",
    "badge_completion_cost": "Costo per il completamento",
    "loading": "Caricamento...",
    "selling": "Vendita in corso...",
    "quick_sell": "Vendita rapida a __amount__",
    "instant_sell": "Vendita istantanea a __amount__",
    "starting_at": "A partire da",
    "hardwareads": "Banner hardware",
    "homepage_tabs": "Schede Homepage",
    "store": "Negozio",
    "view_in": "Mostra in",
    "drm_third_party": "Attenzione: Questo titolo utilizza DRM di terze parti",
    "stores": "Negozi",
    "game_transactions": "Transazioni in-game",
    "after_coupon": "con il coupon",
    "games_installed": "Giochi installati",
    "hours_short": "__hours__ ore",
    "faqs": "Domande frequenti",
    "spam_comment_show": "__num__ commenti spam nascosti in questa pagina. Clicca qui per mostrarli.",
    "dlc": "Contenuti scaricabili",
    "add_to_wishlist": "Aggiungi alla tua lista dei desideri",
    "language": "Lingua",
    "theworddefault": "Predefinito",
    "coupon_learn_more": "<a href=\"https://support.steampowered.com/kb_article.php?ref=4210-YIPC-0275\">Scopri di più</a> sui coupon di Steam",
    "show": "Mostra",
    "badges_all": "Tutte le medaglie",
    "comparison_mode": "Abilita \"Tutti i giochi\" per confrontare i giochi",
    "search": "Ricerca",
    "es_supporter": "Sostenitore di Enhanced Steam",
    "view_to_scale": "Visualizza in scala",
    "videos": "Video / Trailers",
    "community": "Comunità",
    "dlc_data_header": "Dettagli DLC",
    "graphics": "Grafica",
    "trading_cards": "Carte collezionabili",
    "view_badge": "Mostra Medaglia",
    "purchase_total": "Acquisti totali",
    "view_foil_badge": "Vedi progresso medaglia Foil",
    "view_astats": "Visualizza statistiche su AStats",
    "apppage_purchase": "Opzioni di acquisto",
    "search_error_retry": "Clicca qui per riprovare",
    "contribute": "Contributi (GitHub)",
    "reviews": "Recensioni",
    "read_reviews": "Leggi recensioni",
    "read_more_reviews": "Leggi altre recensioni su",
    "size": "Dimensione",
    "package_info": "Informazioni sul pacchetto",
    "badge_completion_avg": "Costo medio di completamento",
    "using_store": "Stai utilizzando il negozio Steam della regione __current__.",
    "volume_sold_last_24": "Quantità: __sold__ venduti nelle ultime 24 ore",
    "sold_last_24": "__sold__ venduti nelle ultime 24 ore",
    "homepage_sidebar": "Barra laterale",
    "drop_calc": "Clicca qui per calcolare le carte da trovare",
    "price": "Prezzo",
    "view_marketplace": "Mostra Mercato",
    "market_transactions": "Transazioni Mercato",
    "card_drops_remaining": "__drops__ carte ancora da trovare",
    "badges_drops": "Medaglie con carte da trovare",
    "using_language_return": "Clicca qui per visitare Steam in __base__.",
    "spam_comment_warn": "Qui ci sono rogne...",
    "guides": "Guide",
    "buy_wishlist": "Acquista Lista dei desideri",
    "highlight": "Evidenzia",
    "save": "Salva",
    "not": "No __tag__",
    "add_to_cart": "Aggiungi al carrello",
    "view": "Vista",
    "games_all": "Tutti i giochi",
    "permalink": "Collegamento",
    "game_name": "Nome del gioco",
    "gift_transactions": "Transazioni Doni",
    "demos": "Demo",
    "notinterested": "Articoli non interessanti",
    "mixed_item": "Giochi con valutazione nella media",
    "negative_item": "Giochi con valutazione negativa",
    "price_above": "Giochi che costano più di",
    "price_above_tooltip": "Inserisci zero per articoli gratuiti o senza prezzo; lascia il campo vuoto per disabilitare questa funzione",
    "news": "Notizie",
    "check_system": "Controlla il sistema",
    "viewinclient": "Mostra su Client Steam",
    "custom_background": "Sfondo personalizzato",
    "custom_style": "Tema personalizzato",
    "custom_style_help": "Tutti gli utenti di Steam Enhanced vedranno questo tema sul tuo profilo. Gli altri invece non vedranno cambiamenti.",
    "noneselected": "Nessuno selezionato / Non cambiare",
    "most_drops": "Quantità",
    "badge_foil_progress": "Mostra progresso Medaglia Foil",
    "net_gain": "Utili netti",
    "apppage_legal": "Informazioni legali",
    "acrtag_msg": "Lo scambio di questo articolo è stato disabilitato per alcune regioni",
    "bug_feature": "Segnala Bug / Suggerimenti",
    "always": "Sempre",
    "compare": "Confronta",
    "discount": "Sconto",
    "discountper": "Sconto (Percentuale)",
    "discountabs": "Sconto (Cifra)",
    "rating_details": "Vedi nel dettaglio",
    "drops_worth_avg": "Valore approssimativo",
    "using_store_return": "Clicca qui per tornare allo Store __base__.",
    "family_sharing_notice": "<b>Avviso:</b> Questo gioco è escluso dal servizio di Condivisione Familiare della libreria.",
    "valid": "Valido",
    "price_options": "Opzioni prezzo",
    "no_results_found": "Nessun risultato trovato",
    "visit_store": "Pagina del Negozio",
    "all": "Tutti",
    "total_spent": "Totale spese",
    "games_with_drops": "__dropsgames__ giochi con carte da trovare",
    "binder_view": "Griglia",
    "view_stats": "Visualizza statistiche",
    "using_language": "Stai visitando Steam in __current__.",
    "popular": "Popolari",
    "visit_trade_forum": "Visita il forum degli scambi",
    "software": "Software",
    "purchase_date": "(Acquistato il __date__)",
    "custom_background_help": "Tutti gli utenti di Enhanced Steam vedranno questo sfondo sul tuo profilo. Gli altri vedranno il tuo sfondo normale.",
    "date_unlocked": "Data di sblocco",
    "view_badge_foil": "Mostra Medaglia Foil",
    "net_spent": "Spese nette",
    "homepage_carousel": "Carosello",
    "acrtag_tooltip": "Questo articolo non può essere scambiato con altre regioni se acquistato in Europa Orientale, Sud America o Sud-Est Asiatico",
    "official_group": "Gruppo ufficiale",
    "saved": "Salvato",
    "add_unowned_dlc_to_cart": "Aggiungi DLC che non possiedi al carrello",
    "buy": "Acquista",
    "buy_package": "Acquista __package__",
    "more_information": "Altre informazioni",
    "games_discount": "Giochi scontati",
    "region_unavailable": "Non disponibile in questa regione",
    "item_type": "Tipologia articolo",
    "avg_price_3cards": "Prezzo medio di tre carte collezionabili",
    "mods": "Mod",
    "empty_wishlist": "Svuota lista dei desideri",
    "empty_wishlist_confirm": "Sei sicuro di voler svuotare la tua lista dei desideri?\n\nQuesta azione non può essere annullata!",
    "empty_wishlist_loading": "Svuotamento della lista dei desideri in corso, attendere prego...",
    "about": "Informazioni",
    "never": "Mai",
    "coupon_available": "Hai un coupon a disposizione!",
    "info": "Informazioni",
    "launch_random": "Avvia gioco casuale",
    "play_game": "Vuoi giocare a __gamename__?",
    "drops_value": "Valore più alto",
    "notcommon_label": "Nascondi giochi che possiedi",
    "show_all_steam_releases": "Mostra tutte le ultime uscite",
    "wishlist": "Lista dei desideri",
    "on_wishlist": "In lista dei desideri",
    "notdiscounted": "Articoli non scontati",
    "cancel": "Annulla",
    "wiki_article": "Mostra su __pcgw__",
    "view_all": "MOSTRA TUTTO",
    "programming": "Programmazione",
    "historical_low": "Minimo storico",
    "games_with_booster": "__boostergames__ giochi idonei per i pacchetti di carte",
    "sort_by": "Ordina per:",
    "lastonline": "Ultima volta online",
    "edit_price": "Modifica prezzo",
    "relist": "Rimetti in vendita",
    "relist_an_item": "Rimetti in vendita un oggetto",
    "relist_text": "Vuoi rimettere in vendita questo oggetto ad un prezzo inferiore?",
    "search_market": "Cerca nel Mercato della Comunità",
    "drm_third_party_sub": "Attenzione: Uno o più titoli in questo pacchetto utilizzano DRM di terze parti",
    "customize": "Personalizza",
    "custom": "Personalizzato",
    "bundle_saving_text": "Ecco quanto risparmi acquistando questo bundle",
    "thewordoptions": "Opzioni",
    "concepts": "Bozze",
    "collections": "Collezioni",
    "discussions": "Discussioni",
    "add_wishlist_note": "Aggiungi una nota",
    "update_wishlist_note": "Aggiorna la nota",
    "add_wishlist_note_prompt": "Inserisci la tua nota",
    "update_wishlist_note_prompt": "Aggiorna la tua nota",
    "results": "__num__ risultati",
    "all_results": "Tutti i __num__ risultati visualizzati",
    "see_more": "Altri dettagli",
    "lowest_price_format": "__price__ su __store__",
    "historical_low_format": "__price__ su __store__ il __date__",
    "favorited": "Preferiti",
    "followed": "Seguiti",
    "leave_group_selected": "Esci dai selezionati",
    "leave_group_all": "Esci da tutti",
    "leave_group_all_confirm": "Stai per lasciare TUTTI i gruppi a cui sei iscritto!\nSei sicuro di voler continuare?",
    "leave_group_admin_confirm": "Sei Amministratore in questo gruppo: __groupname__\nSei sicuro di voler uscire?",
    "wrong_try_again": "Qualcosa è andato storto. Per favore riprova.",
    "join_group": "Unisciti al gruppo",
    "chat": "Chat",
    "web_browser_chat": "Chat web",
    "steam_client_chat": "Chat client",
    "available": "Disponibile",
    "set_as_background": "Imposta come sfondo",
    "preview_background": "Anteprima sfondo",
    "details": "Dettagli",
    "expand_slider": "Ingrandisci slider",
    "contract_slider": "Ripristina slider",
    "early_access": "Accesso anticipato",
    "filter_games": "Filtra giochi",
    "note_for": "Nota per",
    "show_wishlist_total": "Mostra lista dei desideri completa",
    "tag_short": "Usa tag corti per salvare spazio",
    "no_price_data": "Storico dei prezzi non disponibile",
    "exclude_tags": "Escludi etichette",
    "user_score": "User Score",
    "user_reviews": "Recensioni degli utenti",
    "review_summary": "__percent__ delle __num__ recensioni degli utenti per questo gioco sono positive.",
    "market_popular_items_toggle": "Attiva/disattiva aggiornamenti in diretta per Articoli Popolari",
    "achievements": {
        "option": "Mostra achievement sulle pagine del negozio",
        "achievements": "Achievement",
        "includes": "Include __num__ achievement di Steam",
        "view_all": "Vedi tutti gli achievement"
    },
    "bundle": {
        "offer_ends": "Termine offerta:",
        "at_least": "Pagamento minimo",
        "pwyw": "Paga quanto vuoi",
        "includes": "Include __num__ articoli",
        "tier_includes": "__tier__ (__price__) include __num__ articoli",
        "tier": "Tier __num__",
        "header": "Bundle che includono questo gioco",
        "info": "Informazioni sul Bundle",
        "bundle_count": "Numero di volte che questo gioco è stato in un bundle"
    },
    "charts": {
        "peakall": "massimo storico",
        "current": "Giocatori attuali",
        "playing_now": "stanno giocando",
        "peaktoday": "massimo di oggi"
    },
    "hltb": {
        "title": "How Long to Beat",
        "main_e": "Storia principale + Extra",
        "compl": "Completamento al 100%",
        "submit": "Invia il tuo tempo",
        "main": "Storia principale",
        "no_data": "Dati non trovati",
        "help": "Clicca qui per aiuto",
        "wrong": "Gioco sbagliato?"
    },
    "library": {
        "in_library": "In libreria",
        "error_loading_library": "Impossibile caricare la tua libreria.",
        "categories": "Categorie...",
        "genres": "Generi...",
        "private_profile": "Imposta lo stato del profilo su Pubblico in <a href='http://steamcommunity.com/my/edit/settings'>Modifica Profilo</a> per utilizzare questa funzione."
    },
    "spy": {
        "player_data": "Dati giocatori",
        "owners": "Possessori",
        "players_total": "Giocatori totali",
        "players_2weeks": "Giocatori nelle ultime due settimane",
        "average_playtime": "Media tempo di gioco",
        "average_playtime_2weeks": "Media tempo di gioco nelle ultime due settimane",
        "formatted_time": "__hours__ ore, __minutes__ minuti"
    },
    "options": {
        "wsgf": "Mostra informazioni WSGF (Widescreen)",
        "version_show": "Mostra il Changelog quando Enhanced Steam si aggiorna",
        "steamcardexchange": "Mostra link di SteamCardExchange in \"Medaglie\"",
        "regional_price": "Comparazione dei prezzi regionali",
        "acrtag": "Mostra avvertimenti per gli articoli in cui il trading tra regioni differenti è stato disabilitato",
        "excludef2p": "Non evidenziare i giochi Free-to-Play",
        "contscroll": "Abilita scrolling infinito nei Risultati della Ricerca",
        "profile_link_images_none": "Non mostrare",
        "replace_account_name": "Sostituisci nome dell'account con il nome della comunità",
        "profile_links": "Mostra link sui profili per",
        "library_header": "Libreria (BETA)",
        "tag": "Tag",
        "icon": "Icona",
        "name": "Nome",
        "show_alternative_linux_icon": "Mostra icona di Linux alternativa",
        "showcomparelinks": "Mostra \"Confronta\" gli achievement su Attività degli amici",
        "hidetmsymbols": "Simboli di Copyright e Trademark nei titoli dei giochi",
        "metacritic": "Mostra i voti degli utenti Metacritic",
        "opencritic": "Visualizza informazioni da Opencritic.com",
        "hideactivelistings": "Nascondi le inserzioni attive sulla homepage del Mercato",
        "clear": "Sei sicuro di voler resettare tutte le opzioni? Questa operazione non potrà essere annullata.",
        "profile_api_info": "Mostra l'API dell'utente sul profilo",
        "coupon": "Giochi con coupon",
        "show_package_info": "Mostra \"Informazioni sul Pacchetto\" per tutte le applicazioni",
        "wlbuttoncommunityapp": "Mostra pulsante \"Aggiungi a Lista dei desideri\" in Hub della Comunità",
        "removeguideslanguagefilter": "Non filtrare automaticamente le Guide per lingua",
        "disablelinkfilter": "Disattiva conferma per accesso a siti esterni",
        "regional_price_on": "Mostra comparazione dei prezzi regionali",
        "cart": "Articoli nel carrello",
        "friends_own": "Giochi che possiedono i tuoi amici",
        "drm": "Mostra avvisi per i DRM di terze parti",
        "profile_permalink": "Mostra permalink sui profili",
        "show_regionwarning": "Mostra un avviso quando si visita una regione diversa dello Store",
        "foot_link": "Enhanced Steam",
        "profile_link_images": "Immagini dei link nel profilo",
        "library": "Mostra il pulsante \"Libreria\" nell'intestazione",
        "show1clickgoo": "Mostra \"1-Click Trasforma in gemme...\" sugli oggetti dell'inventario",
        "hidedlcunownedgames": "DLC per i giochi che non possiedi",
        "hltb": "Mostra informazioni da HowLongToBeat.com",
        "hidespamcomments": "Nascondi commenti spam da Workshop e Profili",
        "hide_owned": "Giochi che possiedi nei risultati di ricerca e pagine dei tag",
        "reset": "Resetta opzioni",
        "api_key": "API Key",
        "gift": "Giochi che ti hanno donato",
        "show_sysreqcheck": "Mostra pulsante per verificare i requisiti di sistema (Sperimentale!)",
        "es_bg": "Imposta sfondo personalizzato in \"Modifica profilo\"",
        "regional_price_mouse": "al passaggio del mouse",
        "friends_rec": "Giochi recensiti dai tuoi amici",
        "lowestprice_header": "Informazioni sui prezzi",
        "total_spent": "Mostra \"Spesa totale\" nei dettagli dell'account",
        "add_wallet_balance": "Mostra fondi del Portafoglio di Steam nell'intestazione",
        "add_to_cart_wishlist": "Mostra il pulsante \"Aggiungi al carrello\" nella Lista dei Desideri",
        "about_text": "<div class=\"header\">Informazioni su <a href='http://www.enhancedsteam.com'>Enhanced Steam</a>:</div><p>Enhanced Steam è un'estensione per Google Chrome che aggiunge molte nuove funzioni al sito web di Steam.<p>Caratteristiche principali:<ul><li>Evidenzia i giochi che possiedi</li><li>Evidenzia i giochi che desideri</li><li>Calcola gli sconti sui bundle in base ai giochi che già possiedi</li><li>Mostra i soldi spesi in totale sul tuo account di Steam</li><li>Evidenzia i DLC in libreria nella pagina del gioco</li><li>Corregge il bug dell'icona \"No Image Available\" nella Lista dei desideri per giochi e DLC</li><li>Mostra avvisi quando sono presenti DRM di terze parti</li></ul><p>Se trovi utile questa estensione, effettua una donazione, ci aiuterai molto.",
        "stores_all": "Confronta tutti i negozi",
        "show_early_access_text": "Mostra banner di accesso anticipato",
        "author_info": "da jshackles",
        "profile_link_images_gray": "Scala di grigi",
        "quickinv": "Mostra il pulsante \"Vendita rapida\" nell'Inventario degli oggetti",
        "quickinv_diff": "Modificatore vendita rapida:",
        "library_f2p": "Mostra Demo e Free-to-Play giocati",
        "inventory_market_text": "Mostra prezzo del Mercato nell'Inventario",
        "send_age_info": "Se richiesta, Inserisci automaticamente la data di nascita",
        "pcgw": "Mostra pulsante di PC Gaming Wiki",
        "store_steamcards": "Mostra link a SteamCardExchange sulle pagine del negozio",
        "spamcommentregex": "Stringa di Espressione Regolare:",
        "hide_owned_homepage": "Giochi che possiedi sulla homepage",
        "saved_note": "Opzioni salvate",
        "regional_hideworld": "Nascondi icona del globo",
        "show_astatslink": "Mostra pulsante di AStats sulle pagine del negozio",
        "showclient": "Mostra link al Client di Steam",
        "guest": "Giochi per i quali hai un Pass Ospite",
        "show_steamchart_info": "Mostra informazioni da SteamCharts.com",
        "show_steamspy_info": "Mostra informazioni di steamspy.com",
        "showallachievements": "Mostra achievement sulla pagina \"Tutti i giochi\"",
        "lowestprice_onwishlist": "Mostra nella lista dei desideri",
        "steamrepapi": "Mostra status di SteamRep nelle pagine del profilo",
        "header": "Intestazione",
        "lowestprice": "Mostra lo storico dei prezzi",
        "group_events": "Mostra \"Eventi\" nella Panoramica del gruppo",
        "changelog": "Changelog:",
        "owned": "Giochi che possiedi",
        "steamdb": "Mostra pulsante di Steam Database",
        "hide_early_access": "Nascondi giochi ad Accesso Anticipato su homepage, sfoglia e ricerca",
        "reset_note": "Opzioni resettate",
        "html5video": "Riproduci i video con HTML5 invece di Flash",
        "profiles_link_group_game": "Gioco esclusivo",
        "friends_wishlist": "Giochi che desiderano i tuoi amici",
        "showspeechsearch": "Aggiungi input vocale al box di ricerca",
        "profile_link_images_color": "A colori",
        "hide_about": "Nascondi pulsante \"Informazioni\"",
        "show_empty_wishlist": "Mostra il pulsante \"Svuota lista dei desideri\"",
        "inventory_nav_text": "Mostra navigazione avanzata nell'Inventario",
        "carousel_description": "Mostra descrizioni nello slider della homepage",
        "market_total": "Mostra riepilogo delle transazioni sul Mercato",
        "hide_install": "Nascondi il pulsante \"Installa Steam\"",
        "lowestprice_coupon": "Includi i coupon nel confronto dei prezzi",
        "general": "Generale",
        "market": "Mercato",
        "inventory": "Inventario",
        "profile": "Profilo",
        "show_languagewarning": "Mostra un avviso quando si naviga in una lingua differente",
        "homepage": "Homepage",
        "homepage_default_tab": "Scheda homepage predefinita",
        "homepage_default_tab_remember": "Ricorda precedente",
        "homepage_default_tab_newreleases": "Popolari appena rilasciati",
        "homepage_default_tab_allreleases": "Tutte le nuove uscite",
        "homepage_default_tab_topsellers": "I più venduti",
        "homepage_default_tab_upcoming": "In arrivo",
        "homepage_default_tab_specials": "Offerte speciali",
        "wishlist": "Giochi in Lista dei desideri",
        "add_another_region": "Aggiungi",
        "skip_got_steam": "Salta la finestra 'Hai già Steam?'",
        "store_general_thirdparty": "Opzioni per informazioni da siti di terze parti",
        "purchase_dates": "Mostra data d'acquisto nelle pagine del negozio",
        "show_badge_progress": "Mostra progresso della medaglia sulle pagine del negozio",
        "show_wishlist_link": "Mostra link della Lista dei Desideri sul profilo",
        "show_wishlist_count": "Visualizza il numero di elementi nella lista dei desideri",
        "lang": {
            "english": "Inglese",
            "brazilian": "Portoghese brasiliano",
            "bulgarian": "Bulgaro",
            "czech": "Ceco",
            "danish": "Danese",
            "dutch": "Olandese",
            "finnish": "Finlandese",
            "french": "Francese",
            "greek": "Greco",
            "german": "Tedesco",
            "hungarian": "Ungherese",
            "italian": "Italiano",
            "japanese": "Giapponese",
            "koreana": "Coreano",
            "norwegian": "Norvegese",
            "polish": "Polacco",
            "portuguese": "Portoghese",
            "russian": "Russo",
            "romanian": "Romeno",
            "schinese": "Cinese semplificato",
            "spanish": "Spagnolo",
            "swedish": "Svedese",
            "tchinese": "Cinese tradizionale",
            "thai": "Thailandese",
            "turkish": "Turco",
            "ukrainian": "Ucraino"
        }
    },
    "ready": {
        "errormsg": "Errore nel caricamento di Enhanced Steam",
        "loading": "Caricamento di Enhanced Steam in corso...",
        "ready": "Enhanced Steam pronto",
        "failed": "Una o più richieste sono fallite"
    },
    "twitch": {
        "now_streaming": "__username__ è in diretta su Twitch",
        "viewers": "Spettatori",
        "followers": "Seguaci",
        "views": "Visualizzazioni"
    },
    "survey": {
        "performance_survey": "Sondaggio sulle prestazioni",
        "users": "__users__ utenti hanno compilato il sondaggio sulle prestazioni di questo gioco",
        "framerate": "Framerate",
        "framerate_response": "ha dichiarato che il framerate è",
        "framerate_30": "fissato a 30fps o meno",
        "framerate_fi": "fissato a più di 30fps",
        "framerate_va": "variabile, a seconda dell'hardware",
        "resolution": "Risoluzione",
        "resolution_support": "Il gioco sembra supportare",
        "resolution_less": "risoluzioni inferiori a __pixels__",
        "resolution_up": "risoluzioni fino a __pixels__",
        "graphics_settings": "Impostazioni grafiche",
        "satisfaction": "Soddisfazione sulle prestazioni per GPU",
        "gs_y": "Contiene opzioni o menù dedicati alla grafica",
        "gs_n": "Non contiene opzioni o menù dedicati alla grafica",
        "nobody": "Nessuno ha ancora compilato il sondaggio sulle prestazioni per questo gioco",
        "take": "Partecipa al sondaggio"
    },
    "select": {
        "wishlisted_dlc": "Seleziona DLC in lista dei desideri",
        "none": "Nessuno",
        "unowned_dlc": "Seleziona DLC non in libreria"
    },
    "tag": {
        "wishlist": "Lista dei desideri",
        "friends_own": "__friendcount__ amici lo hanno",
        "coupon": "Coupon",
        "friends_rec": "<a href=\"http://store.steampowered.com/recommended/byfriends/__appid__\">__friendcount__ recensioni di amici",
        "inv_gift": "Dono",
        "inv_guestpass": "Pass ospite",
        "owned": "In libreria",
        "notinterested": "Non fa per me",
        "friends_want": "<a href=\"http://steamcommunity.com/my/friendsthatplay/__appid__\">__friendcount__ amici lo vogliono</a>"
    },
    "wallet": {
        "custom_amount": "Importo personalizzato",
        "custom_amount_text": "Qualsiasi importo superiore a __minamount__"
    },
    "wsgf": {
        "incomplete": "Incompleto",
        "unsupported": "Questo punteggio viene assegnato ai giochi che che non hanno alcun supporto __type__. Questi giochi potrebbero essere ingiocabili in __type__, le immagini distorte o allungate. Il loro aspect-ratio corretto non viene mantenuto.",
        "gold": "Questa medaglia viene assegnata ai giochi che hanno ricevuto punteggi perfetti da WSGF per il loro supporto __type__, e sono certificati __type__.",
        "silver": "Questa medaglia viene assegnata ai giochi che hanno ricevuto il grado B per il loro supporto __type__. Tutti questi giochi non hanno grossi difetti, ma hanno almeno una lacuna che gli impedisce di ottenere un punteggio perfetto.",
        "limited": "Questo punteggio viene assegnato ai giochi che che hanno ricevuto il grado C per il loro supporto __type__. Tutti questi giochi hanno problemi significativi, pur avendo un certo livello di supporto __type__.",
        "certifications": "Certificazioni WSGF Widescreen"
    },
    "itad": {
        "option": "Mostra opzione del menu per sincronizzare i dati con IsThereAnyDeal.com",
        "send_to_itad": "Invia i giochi in libreria a IsThereAnyDeal",
        "sending": "Caricamento dei giochi della libreria e invio dei dati a IsThereAnyDeal.com"
    },
    "tradeoffer": {
        "num_item": "__num__ oggetto",
        "num_items": "__num__ oggetti"
    },
    "update": {
        "dont_show": "Non mostrare più",
        "updated": "Enhanced Steam è stato aggiornato alla versione __version__",
        "changes": "Questa versione include i seguenti cambiamenti"
    },
    "register": {
        "success": "Il prodotto __gamename__ è stato attivato",
        "owned": "Questo account di Steam possiede già i prodotti contenuti in questa offerta.",
        "notavail": "Siamo spiacenti, ma il prodotto in questione non può essere acquistato in questo Paese. Il tuo codice prodotto non è stato riscattato.",
        "invalid": "Il codice prodotto immesso non è valido. Verifica di averlo digitato correttamente.",
        "already": "Questo codice prodotto è già stato attivato in un altro account di Steam.",
        "dlc": "Per l'attivazione del codice prodotto immesso è necessario il possesso di un altro prodotto.",
        "wallet": "Il codice inserito è relativo ad un buono regalo di Steam o ad un codice del Portafoglio di Steam",
        "toomany": "Sono stati effettuati troppi tentativi di attivazione da questo account. Attendi e riprova più tardi.",
        "default": "Si è verificato un errore inaspettato e il codice non è stato riscattato. Aspetta 30 minuti, quindi riprova a riscattare il codice."
    }
}