{
    "post_history": "Перегляд історії пост",
    "add_nickname": "Додати псевдонім",
    "total_size": "Загальний розмір",
    "dlc_details": "Інформація завантаження контента",
    "badge_not_unlocked": "не розблокований",
    "each": "Кожний",
    "view_in_market": "Переглянути на ринку спільноти",
    "homepage_spotlight": "Spotlight",
    "official_group_url": "steamcommunity.com/groups/enhancedsteam",
    "remove": "Прибрати",
    "get_help": "Отримати допомогу",
    "add_selected_dlc_to_cart": "Додати виділені доповнення до кошика",
    "credits": "автори",
    "store_transactions": "Операції в магазині",
    "activates": "Активується у Steam",
    "games_coupon": "Ігри з купонами",
    "all_friends_own": "Всі друзі, у яких це є (__friendcount__)",
    "translate": "Переклад",
    "search_names_only": "Шукати тільки за іменем",
    "packs": "Набори",
    "remove_owned_wishlist": "Видалити придбані ігри зі списку бажаного",
    "donate": "Пожертва",
    "close": "Закрити",
    "error": "Сталася помилка",
    "go": "Почати",
    "activate": "Активувати продукт",
    "activate_multiple_header": "Введіть коди продуктів у вікні нижче, по одному в рядку",
    "activate_multiple": "Активувати декілька продуктів",
    "activate_products": "Активувати продукти",
    "coupon_application_note": "При покупці купон буде використаний автоматично.",
    "hide": "Приховати",
    "cards_owned": "Є __owned__ карт з __possible__ можливих",
    "common_label": "Приховати ігри яких у вас нема",
    "birthday_message": "З днем народження, __username__! Вашого аккаунту виповнилося наступне кол-во років: __age__",
    "buying_total": "Повний порядок покупки",
    "allreleases_products": "Оберіть типи продуктів, які ви бажаєте бачити у цьому розділі",
    "library_menu": "Бібліотека",
    "clear_cache": "Очистити кешовану інформацію",
    "events": "Події",
    "translation": "Переклад",
    "lowest": "Найнижчі",
    "lowest_price": "Найнижча ціна",
    "view_badge_progress": "Переглянути хід здобуття значка",
    "badge_progress": "Хід здобуття значка",
    "sales_total": "всього продажів",
    "hold_total": "Всього на утримуванні",
    "view_normal_badge": "Переглянути прогрес звичайного значка",
    "community_name_account_header": "аккаунт __username__",
    "apppage_sections": "Оберіть розділи, які би ви хотіли би бачити на цій сторінці",
    "search_error": "Помилка при завантаженні інших результатів пошуку",
    "website": "Сайт",
    "games": "ігри",
    "total_time": "Загальний час",
    "dlc_suggest": "Запропонувати нову категорію",
    "badge_completion_cost": "Вартість завершення значка",
    "loading": "Завантаження...",
    "selling": "Продається...",
    "quick_sell": "Швидко Продати за __amount__",
    "instant_sell": "Миттєвий Продаж за __amount__",
    "starting_at": "починаючи від",
    "hardwareads": "Реклама обладнання",
    "homepage_tabs": "Домашню сторінку вкладок",
    "store": "Крамниця",
    "view_in": "переглянути в",
    "drm_third_party": "Увага: ця гра використовує DRM-технологію сторонніх постачальників",
    "stores": "Магазини",
    "game_transactions": "Операції в іграх",
    "after_coupon": "після купона",
    "games_installed": "Інстальовані ігри",
    "hours_short": "__hours__ год.",
    "faqs": "Відповіді на часті запитання",
    "spam_comment_show": "__num__ спам-коментарів приховано на цій сторінці. Натисніть тут, щоб показати їх.",
    "dlc": "Завантажуваний вміст",
    "add_to_wishlist": "Додати до списку бажаного",
    "language": "Мова",
    "theworddefault": "за замовчуванням",
    "coupon_learn_more": "Дізнатися більше про <a href=\"https://support.steampowered.com/kb_article.php?ref=4210-YIPC-0275\"> купони Steam </a>",
    "show": "Показати",
    "badges_all": "Всі значки",
    "comparison_mode": "Включити, щоб побачити порівняння",
    "search": "Пошук",
    "es_supporter": "Підтримав «Enhanced Steam»",
    "view_to_scale": "Перегляд в масштабі",
    "videos": "Відео/трейлери",
    "community": "Спільнота",
    "dlc_data_header": "деталі доповнень",
    "graphics": "Дизайн",
    "trading_cards": "Колекційні картки Steam",
    "view_badge": "переглянути значок",
    "purchase_total": "всього покупок",
    "view_foil_badge": "Переглянути прогрес металевого значка",
    "view_astats": "Переглянути сторінку на AStats",
    "apppage_purchase": "Варіанти придбання",
    "search_error_retry": "Натисніть сюди, щоб повторити спробу",
    "contribute": "Долучитися (GitHub)",
    "reviews": "Огляди",
    "read_reviews": "Переглянути рецензії",
    "read_more_reviews": "Переглянути більше рецензій",
    "size": "Розмір",
    "package_info": "Інформація набору",
    "badge_completion_avg": "Середня ціна завершення",
    "using_store": "Зараз ви використовуєте магазин Steam для __current__ регіону.",
    "volume_sold_last_24": "Кількість: __sold__ продано за останні 24 години",
    "sold_last_24": "__sold__ продано за останні 24 години",
    "homepage_sidebar": "Бокова панель",
    "drop_calc": "Натисніть тут, щоб обчислити крапель, що залишилися",
    "price": "Вартість",
    "view_marketplace": "переглянути площадку",
    "market_transactions": "Операції на Торг. майданчику",
    "card_drops_remaining": "Ще випаде карток: __drops__",
    "badges_drops": "Значків з можливістю випадання карток",
    "using_language_return": "Натисніть тут, щоб користуватися Steam на __base__ мові.",
    "spam_comment_warn": "Тут мешкають дракони ...",
    "guides": "Посібники",
    "buy_wishlist": "Купити увесь список бажаного",
    "highlight": "В центрі уваги",
    "save": "Зберегти",
    "not": "Не __tag__",
    "add_to_cart": "До Кошика",
    "view": "Переглянути",
    "games_all": "Всі ігри",
    "permalink": "Постійне посилання",
    "game_name": "Назва гри",
    "gift_transactions": "Операції з подарунками",
    "demos": "Демо-версії",
    "notinterested": "продукти відмічені, як не цікавлячі",
    "mixed_item": "Змішані оцінки",
    "negative_item": "Негативні оцінки",
    "price_above": "Продукти із вартістю понад",
    "price_above_tooltip": "Уведіть нуль для безкоштовних продуктів або продуктів без вказаної ціни; залиште це поле порожнім, щоби вимкнути цю функцію",
    "news": "Новини",
    "check_system": "перевірити систему",
    "viewinclient": "переглянути в клієнті Steam",
    "custom_background": "свій фон",
    "custom_style": "Свої теми",
    "custom_style_help": "Всі користувачі Розширеного Стім бачать цю тему у вашому профілі. Користувачі без встановленого Розширеного Стім не побачать жодних змін, зроблених тут.",
    "noneselected": "Не вибрано\\ немає змін",
    "most_drops": "більшість випадінь",
    "badge_foil_progress": "Переглянути прогрес металевого значка",
    "net_gain": "чистий доход",
    "apppage_legal": "Правова інформація",
    "acrtag_msg": "Торгівля між певних регіонів було вимкнуто для цього елемента",
    "bug_feature": "Провідомити про помилку / Запропонувати функцію",
    "always": "Завжди",
    "compare": "Порівняти",
    "discount": "Знижка",
    "discountper": "Знижка (відсоток)",
    "discountabs": "Знижка (кількість)",
    "rating_details": "Переглянути інформацію рейтингу",
    "drops_worth_avg": "Приблизна вартість",
    "using_store_return": "Натисніть тут, щоб повернутися в __base__ магазин.",
    "family_sharing_notice": "<b> Notice: </ b> Ця гра недоступна в Family Sharing.",
    "valid": "Дійсний ",
    "price_options": "Опції вартості",
    "no_results_found": "Нічого не знайдено",
    "visit_store": "Відвідати сторінку магазину",
    "all": "всі",
    "total_spent": "всього витрачено",
    "games_with_drops": "Ігор, в яких можуть випасти картки: __dropsgames__",
    "binder_view": "Вид «Папки»",
    "view_stats": "Показати статистику",
    "using_language": "Ви знаходитесь на сайті Steam, використовуючи __current__ мову.",
    "popular": "Популярний",
    "visit_trade_forum": "Відвідати Торговий Форум",
    "software": "Забезпечення",
    "purchase_date": "(Придбано __date__)",
    "custom_background_help": "Всі користувачі Enhanced Steam побачать цей фон у вашому профілі. Користувачі, у яких не встановлений Enhanced Steam, побачать обраний вами фон вище.",
    "date_unlocked": "Дата розблокування",
    "view_badge_foil": "Переглянути металевий значок",
    "net_spent": "витрачено",
    "homepage_carousel": "Карусель",
    "acrtag_tooltip": "Цей елемент не торгуються між регіонами, якщо придбаний у Східній Європі, Південній Америці та Південно-Східної Азії",
    "official_group": "Офіційна група",
    "saved": "збережено",
    "add_unowned_dlc_to_cart": "Додати в кошик доповнення, яких у мене немає",
    "buy": "Купити",
    "buy_package": "Придбати __package__",
    "more_information": "Більше інформації",
    "games_discount": "Ігри із знижками",
    "region_unavailable": "Недоступний в цьому регіоні",
    "item_type": "Тип елемента",
    "avg_price_3cards": "Приблизна вартість трьох карток",
    "mods": "Модифікації",
    "empty_wishlist": "Очистити список бажаного",
    "empty_wishlist_confirm": "Ви впевнені, що ви хочете очистити свій список бажаного? Цю дію скасувати не можна!",
    "empty_wishlist_loading": "Очищення списку бажаного, зачекайте...",
    "about": "Про додаток",
    "never": "Ніколи",
    "coupon_available": "У вас є купон!",
    "info": "Інформація",
    "launch_random": "Запуск випадкова гра",
    "play_game": "Грати в __gamename__?",
    "drops_value": "Найдорожча картка",
    "notcommon_label": "Приховати ігри які у вас є",
    "show_all_steam_releases": "Показати всі релізи Steam",
    "wishlist": "Список бажаного",
    "on_wishlist": "У списку Бажаного",
    "notdiscounted": "Продукт без знижки",
    "cancel": "Вихід",
    "wiki_article": "Переглянути статтю __pcgw__",
    "view_all": "ПЕРЕГЛЯНУТИ ВСЕ",
    "programming": "Програмування",
    "historical_low": "Найнижча ціна за весь час",
    "games_with_booster": "Ігор, у яких випаде набір карток: __boostergames__",
    "sort_by": "Сортувати за:",
    "lastonline": "Останній раз онлайн",
    "edit_price": "Редагувати ціну",
    "relist": "Виставити повторно",
    "relist_an_item": "Виставити рiч повторно",
    "relist_text": "Ви бажаєте виставити цю річ повторно с нижчою ціною?",
    "search_market": "Пошук на Торговому майданчику спільноти",
    "drm_third_party_sub": "Увага: один або кілька продуктів в цьому наборі використовують DRM-технологію сторонніх постачальників",
    "customize": "Налаштувати",
    "custom": "Користувацький",
    "bundle_saving_text": "Ось те, що ви заощадите, купуючи цей набір",
    "thewordoptions": "Опції",
    "concepts": "Ідеї",
    "collections": "Колекції",
    "discussions": "Обговорення",
    "add_wishlist_note": "Додати примітку до бажаного",
    "update_wishlist_note": "Поновити примітку до бажаного",
    "add_wishlist_note_prompt": "Введіть вашу примітку до бажаного",
    "update_wishlist_note_prompt": "Поновити вашу примітку до бажаного",
    "results": "__num__ результатів",
    "all_results": "Всі __num__ результатів відображаються",
    "see_more": "Переглянути більше",
    "lowest_price_format": "__price__ в __store__",
    "historical_low_format": "__price__ в __store__ на __date__",
    "favorited": "Favorited",
    "followed": "Підписаний",
    "leave_group_selected": "залишити вибрані",
    "leave_group_all": "залишити всі",
    "leave_group_all_confirm": "Ви збираєтеся залишити всі групи, ви належите до! Справді продовжити?",
    "leave_group_admin_confirm": "Ви адміністратор цієї групи: __groupname__\nВи впевнені що хочете її покинути?",
    "wrong_try_again": "Щось пішло не так. Будь ласка спробуйте ще раз.",
    "join_group": "долучитись до групи",
    "chat": "Чат",
    "web_browser_chat": "Чат у браузері",
    "steam_client_chat": "Чат в клієнті steam",
    "available": "Доступні",
    "set_as_background": "Встановити як тло",
    "preview_background": "Переглянути тло профілю",
    "details": "Подробиці",
    "expand_slider": "Розгорнути слайдер",
    "contract_slider": "Згорнути слайдер",
    "early_access": "Ранній доступ",
    "filter_games": "Фільтр ігор",
    "note_for": "Примітка для",
    "show_wishlist_total": "Показати весь список бажаного",
    "tag_short": "Використовуйте короткі теґи, щоб зберегти простір",
    "no_price_data": "Відсутні дані про ціну",
    "exclude_tags": "Вилучити мітки",
    "user_score": "Оцінка користувачів",
    "user_reviews": "Рецензії користувачів",
    "review_summary": "__percent__ з __num__ користувацьких рецензій на цю гру позитивні.",
    "market_popular_items_toggle": "Перемкнути режим автоматичного оновлення для популярних продуктів",
    "achievements": {
        "option": "Відображати досягнення на сторінках у магазині",
        "achievements": "Досягнення",
        "includes": "Включає __num__ Steam досягненнь",
        "view_all": "Показати всі досягнення"
    },
    "bundle": {
        "offer_ends": "пропозиція закінчується",
        "at_least": "Заплатити як мінімум",
        "pwyw": "Плати скільки хочеш",
        "includes": "Включає в себе __num__ речей",
        "tier_includes": "__tier__ (__price__) включає в себе __num__ елементів",
        "tier": "__num__ рівень",
        "header": "Набори, в яких є ця гра",
        "info": "Інформація про набір",
        "bundle_count": "Кількість разів, коли ця гра була в наборі"
    },
    "charts": {
        "peakall": "пік за весь час",
        "current": "Нинішні гравці",
        "playing_now": "грає зараз",
        "peaktoday": "сьогоднішній пік"
    },
    "hltb": {
        "title": "Час проходження",
        "main_e": "Історія та інше",
        "compl": "На 100%",
        "submit": "Вислати свій час",
        "main": "Основна історія",
        "no_data": "Дані не знайдено",
        "help": "Натисніть сюди для допомоги",
        "wrong": "Неправильна гра?"
    },
    "library": {
        "in_library": "У Бібліотеці",
        "error_loading_library": "Неможливо завантажити вашу бібліотеку.",
        "categories": "Категорії",
        "genres": "Жанри...",
        "private_profile": "Щоб використовувати цю функцію, ви повинні <a href='http://steamcommunity.com/my/edit/settings'> зробити свій профіль відкритим для всіх </a>."
    },
    "spy": {
        "player_data": "Данні про гравців",
        "owners": "Власники",
        "players_total": "Всього гравців",
        "players_2weeks": "Гравці в останні два тижні",
        "average_playtime": "Середня тривалість",
        "average_playtime_2weeks": "Середня тривалість в останні два тижні",
        "formatted_time": "__hours__ години, __minutes__ хвилин"
    },
    "options": {
        "wsgf": "Відображати інформацію про підтримку широкоекранних моніторів (WSGF)",
        "version_show": "Показувати список змін оновлень Enhanced Steam",
        "steamcardexchange": "Відображати посилання сайту SteamCardExchange на значках",
        "regional_price": "Порівняння цін в регіонах",
        "acrtag": "Показати попередження на пункти, де хрест регіону торгівлі вимкнуто",
        "excludef2p": "Не підсвічувати безкоштовні ігри",
        "contscroll": "Включити нескінченну прокрутку на сторінці результатів пошуку",
        "profile_link_images_none": "без картинок",
        "replace_account_name": "Замінити ім'я аккаунта ім'ям в спільноті",
        "profile_links": "Відображати посилання в профілі на:",
        "library_header": "Бібліотека (БЕТА)",
        "tag": "Тег",
        "icon": "Значок",
        "name": "Назва",
        "show_alternative_linux_icon": "Показати альтернативні iконки Linux",
        "showcomparelinks": "Показати \"Порівняти\" посилання для досягнення одного інформаційного каналу активності",
        "hidetmsymbols": "Символи торгової марки та авторського права у заголовках ігор",
        "metacritic": "Відображувати користувацький рейтинг з Metacritic",
        "opencritic": "Показувати інформацію з Opencritic.com",
        "hideactivelistings": "Заховати активні лоти на майданчику за замовчуванням",
        "clear": "Ви впевнені, що хочете скинути ці настройки? Дія необоротно.",
        "profile_api_info": "Відображати посилання на користувальницькі API в профілях",
        "coupon": "Ігри з купонами",
        "show_package_info": "Відображати інформацію про наборах для всіх продуктів",
        "wlbuttoncommunityapp": "Відображати кнопку \"Додати в список бажаного\" ​​в центрах спільноти",
        "removeguideslanguagefilter": "Не фільтрувати автоматично гайди на мові користувача",
        "disablelinkfilter": "Вимкнути підтвердження при зверненні до зовнішніх сайтів",
        "regional_price_on": "Відображати порівняння цін",
        "cart": "Продукти у вашому кошику",
        "friends_own": "Предмети, які є у ваших друзів",
        "drm": "Відображати попередження про DRM-технології сторонніх розробників (GFWL, Uplay і т.д.)",
        "profile_permalink": "Відображати постійне посилання на профілях",
        "show_regionwarning": "Відображати попередження про невідповідність регіону",
        "foot_link": "Додаток Enhanced Steam",
        "profile_link_images": "Іконки в профілі",
        "library": "Відображати кнопку «Бібліотека» в шапці",
        "show1clickgoo": "Показати «1-Click перетворитися дорогоцінні камені...» кнопки застосовних товарно-матеріальних",
        "hidedlcunownedgames": "Доповнення для ігор, яких у вас немає",
        "hltb": "Відображати інформацію HowLongToBeat.com",
        "hidespamcomments": "Заховати коментарі в Майстерні і профілях, помічені як спам",
        "hide_owned": "Продукти, які є у вас, в результатах пошуку і сторінках міток",
        "reset": "скинути настройки",
        "api_key": "Ключ API",
        "gift": "Подарунок",
        "show_sysreqcheck": "Відображати кнопку для перевірки системних вимог (Експериментальне!)",
        "es_bg": "Вибрати користувальницький фон в розділі редагування профілю",
        "regional_price_mouse": "При наведенні курсору",
        "friends_rec": "Продукти, на які ваші друзі зробили огляди",
        "lowestprice_header": "Інформація з історії цін",
        "total_spent": "Показати загальну суму",
        "add_wallet_balance": "Показувати баланс гаманця в шапці",
        "add_to_cart_wishlist": "Показувати кнопку «Додати в кошик» на сторінці списку Бажаного",
        "about_text": "Про розширення «<a href=http://www.EnhancedSteam.com> Enhanced Steam </a>»: <p> «Enhanced Steam» - це розширення для Google Chrome, яке додає корисні особливості на сайт Steam. <P> особливості включають: <ul> <li> Підсвічування ігор, які вже у вас є <li> Підсвічування ігор, які є у вашому списку бажаного <li> Правильний підрахунок знижок наборів, заснованих на іграх, які у вас є <li> Відображення суми грошей, яку ви витратили за час існування вашого аккаунта <li> Підсвічування доповнень, які у вас є, на сторінці ігор <li> Заміна картинки «No Image Available», яка іноді відображається у ігор і доповнень <li> Попередження про використання ігор додаткових клієнтів і захисту (GFWL, Uplay і т.д.) </ ul> <p> Якщо ви вважаєте, що розширення дуже корисно, то, будь ласка, пожертвуйте будь-яку суму автору розширення.",
        "stores_all": "Порівняти всі магазини",
        "show_early_access_text": "Відображати банери раннього доступу",
        "author_info": "створено jshackles",
        "profile_link_images_gray": "Чорно-білі",
        "quickinv": "Відображати кнопки швидкого продажу на предметах спiльноти Steam в iнвентарi",
        "quickinv_diff": "Модифiкатор для швидкого продажу:",
        "library_f2p": "Відображати безкоштовні ігри та демо-версії в бібліотеці",
        "inventory_market_text": "Відображати ціну Торгової площадки на сторінці інвентарю",
        "send_age_info": "Автоматично надсилати вікову веріфікацію по запиту",
        "pcgw": "Відображати посилання на PCGamingWiki",
        "store_steamcards": "Показати посилання SteamCardExchange на сторінках магазину",
        "spamcommentregex": "Рядок регулярних виразів:",
        "hide_owned_homepage": "Заховати те, що у вас вже є, на головній сторінці",
        "saved_note": "налаштування збережені",
        "regional_hideworld": "Сховати іконку Землі",
        "show_astatslink": "Відображати посилання на AStats на сторінках продуктів",
        "showclient": "показати посилання клієнта Steam",
        "guest": "Ігри з гостьовими пропусками",
        "show_steamchart_info": "Відображати інформацію SteamCharts.com",
        "show_steamspy_info": "Показати  інформацію про steamspy.com",
        "showallachievements": "Відображати статистику досягнень на сторінці «Всі ігри»",
        "lowestprice_onwishlist": "Показувати у списку бажаного",
        "steamrepapi": "Показати статус SteamRep в профілі",
        "header": "Заголовок",
        "lowestprice": "Відобразити",
        "group_events": "Відображати події в перегляді груп",
        "changelog": "Список змін:",
        "owned": "У вашій власності",
        "steamdb": "Показати SteamDB",
        "hide_early_access": "Заховати гри з раннім доступом з головної сторінки і пошуку",
        "reset_note": "налаштування скинуті",
        "html5video": "Показувати відео за допомогою HTML5 замість Flash",
        "profiles_link_group_game": "ексклюзив",
        "friends_wishlist": "Ігри у списку бажаного ваших друзів",
        "showspeechsearch": "Додати значок голосового пошуку в поле пошуку",
        "profile_link_images_color": "кольорові",
        "hide_about": "Заховати посилання «Про STEAM» в шапці",
        "show_empty_wishlist": "Показати кнопку «Очистити список бажаного»",
        "inventory_nav_text": "Відображати розширену навігацію на сторінці інвентарю",
        "carousel_description": "Відображати описи на головній сторінці магазину Steam",
        "market_total": "Відображати суму всіх операцій на Торговому майданчику",
        "hide_install": "Сховати кнопку «Встановити Steam»",
        "lowestprice_coupon": "Включати купони в цінові порівняння",
        "general": "головне",
        "market": "Маркет",
        "inventory": "Інвентар",
        "profile": "Профіль",
        "show_languagewarning": "Відображати попередження, якщо сторінка відкрита на іншій мові",
        "homepage": "Домашня сторінка",
        "homepage_default_tab": "Вкладка домашньої сторінки за промовчанням",
        "homepage_default_tab_remember": "Пам'ятайти попередні",
        "homepage_default_tab_newreleases": "Популярні новинки",
        "homepage_default_tab_allreleases": "Всі нові релізи",
        "homepage_default_tab_topsellers": "Лідери продажів",
        "homepage_default_tab_upcoming": "Майбутні",
        "homepage_default_tab_specials": "Знижки",
        "wishlist": "Предмети списку побажань",
        "add_another_region": "Додати",
        "skip_got_steam": "Приховати вікно 'Інсталювати Steam?'",
        "store_general_thirdparty": "Налаштування отримання інформації від сторонніх сайтів",
        "purchase_dates": "Показувати дату придбання продукту на сторінці крамниці",
        "show_badge_progress": "Показувати хід здобуття значка на сторінці крамниці",
        "show_wishlist_link": "Показувати «Бажане» у профілі",
        "show_wishlist_count": "Показувати кількість продуктів у списку бажаного",
        "lang": {
            "english": "Англійська",
            "brazilian": "Португальська (Бразилія)",
            "bulgarian": "Болгарська",
            "czech": "Чеська",
            "danish": "Датська",
            "dutch": "Голландська",
            "finnish": "Фінська",
            "french": "Французька",
            "greek": "Грецька",
            "german": "Німецька",
            "hungarian": "Угорська",
            "italian": "Iталійська",
            "japanese": "Японська",
            "koreana": "Корейська",
            "norwegian": "Норвезька",
            "polish": "Польська",
            "portuguese": "Португальська",
            "russian": "Російська",
            "romanian": "Румунська",
            "schinese": "Спрощена Китайська",
            "spanish": "Іспанська",
            "swedish": "Шведською",
            "tchinese": "Традиційна Китайська",
            "thai": "Тайська",
            "turkish": "Турецька",
            "ukrainian": "Українська"
        }
    },
    "ready": {
        "errormsg": "Помилка завантаження даних Enhanced Steam",
        "loading": "Enhanced Steam завантажує дані...",
        "ready": "Enhanced Steam готовий",
        "failed": "Один або кілька запитів не вдалися"
    },
    "twitch": {
        "now_streaming": "__username__ зараз віщає на каналі Twitch",
        "viewers": "Глядачі",
        "followers": "Підписники",
        "views": "Перегляди"
    },
    "survey": {
        "performance_survey": "Опитування продуктивності",
        "users": "__users__ користувачів завершили опитування продуктивності для цієї гри",
        "framerate": "Частота кадрів",
        "framerate_response": "відповіло, що частота кадрів була",
        "framerate_30": "зафіксована на частоті 30 кадрів в секунду або нижче",
        "framerate_fi": "зафіксована на частоті більшій, ніж 30 кадрів в секунду",
        "framerate_va": "змінна, в залежності від обладнання",
        "resolution": "Роздільна здатність",
        "resolution_support": "Ця гра може підтримувати",
        "resolution_less": "роздільність менше, ніж __pixels__",
        "resolution_up": "роздільність до __pixels__",
        "graphics_settings": "Графічні налаштування",
        "satisfaction": "Рівень задоволення грою на графічному процесорі",
        "gs_y": "Має вбудовані графічні налаштування або меню графіки",
        "gs_n": "Не має вбудовані графічні налаштування або меню графіки",
        "nobody": "Ніхто не прийняв участь в опитуванні на рівень продуктивності цієї гри",
        "take": "Прийняти участь в опитуванні"
    },
    "select": {
        "wishlisted_dlc": "Вибрати доповнення зі списку бажаного",
        "none": "зняти вибір",
        "unowned_dlc": "Вибрати не куплені доповнення"
    },
    "tag": {
        "wishlist": "Список бажаного",
        "friends_own": "У __friendcount__ є",
        "coupon": "Купон",
        "friends_rec": "Друзів зробило огляд: <a href=\"http://store.steampowered.com/recommended/byfriends/__appid__\"> __friendcount__",
        "inv_gift": "Подарунок",
        "inv_guestpass": "Гостьова перепустка",
        "owned": "Придбано",
        "notinterested": "Не зацікавлений",
        "friends_want": "<a href=\"http://steamcommunity.com/my/friendsthatplay/__appid__\"> Ваші друзі (__friendcount__) хочуть це </a>"
    },
    "wallet": {
        "custom_amount": "Додати певну кількість",
        "custom_amount_text": "Додати будь-яку суму більш __minamount__"
    },
    "wsgf": {
        "incomplete": "Неповний",
        "unsupported": "Ця оцінка видається іграм, які не мають підтримки __type__. Існує шанс, що гра буде не іграбельной в __type__, або саме зображення буде розтягнуто до розмірів вікна. Правильне співвідношення сторін не зберігається.",
        "gold": "Ця медаль видається іграм, які отримали «Відмінно» від WSGF за їх підтримку __type__ і сертифікат __type__.",
        "silver": "Ця медаль присуджується іграм, які отримали «Добре» за підтримку __type__. Всі ці ігри не мають серйозних недоліків, але через деякі недоліків вищий бал отримати неможливо.",
        "limited": "Ця оцінка присуджується іграм, які отримали «Середньо» за підтримку __type__. Всі ці ігри можуть підтримувати __type__, але також існує шанс, що з грою можуть виникнути проблеми.",
        "certifications": "WSGF Широкоэкранні Сертифікації"
    },
    "itad": {
        "option": "Показати меню для синхронізації даних с IsThereAnyDeal.com",
        "send_to_itad": "Відіслати список придбаних ігор на IsThereAnyDeal",
        "sending": "Завантажити список придбаних ігр та комплектів і відправити їх на IsThereAnyDeal.com"
    },
    "tradeoffer": {
        "num_item": "__num__ річ",
        "num_items": "__num_речей"
    },
    "update": {
        "dont_show": "Більше не показувати",
        "updated": "Enhanced Steam оновлено до __version__",
        "changes": "Ця версія містить наступні зміни"
    },
    "register": {
        "success": "__gamename__ успішно активовано",
        "owned": "Цей акаунт Steam вже має у власності продукти (чи продукт), які містяться у цій пропозиції.",
        "notavail": "Перепрошуємо, але придбання цього продукту недоступно в цій країні. Ваш ключ продукту не було активовано.",
        "invalid": "Уведений вами ключ недійсний. Будь ласка, уважно перевірте, чи правильно його надрукували.",
        "already": "Уведений ключ продукту є недійсним, оскільки його вже активовано в іншому акаунті Steam.",
        "dlc": "Для активації введеного коду необхідно володіти іншим продуктом.",
        "wallet": "Уведений вами ключ — це код подарункової картки Steam або гаманця Steam",
        "toomany": "Останнім часом із цього акаунта було виконано забагато спроб активації продуктів. Будь ласка, зачекайте та спробуйте пізніше.",
        "default": "Сталася неочікувана помилка. Ваш код гаманця Steam не може бути активований. Будь ласка, зачекайте 30 хвилин, а потім спробуйте активувати код знову."
    }
}