{
    "post_history": "Δείτε το ιστορικό αναρτήσεων",
    "add_nickname": "Προσθέστε το Όνομα Σας",
    "total_size": "Συνολικό Μέγεθος",
    "dlc_details": "Πληροφορίες για το Περιεχόμενο προς λήψη",
    "badge_not_unlocked": "Δεν ξεκλειδώθηκε",
    "each": "Κάθε",
    "view_in_market": "Δείτε την αγορά κοινότητας",
    "homepage_spotlight": "Προσκήνιο",
    "official_group_url": "steamcommunity.com/groups/enhancedsteam",
    "remove": "Αφαίρεση",
    "get_help": "Βοήθεια",
    "add_selected_dlc_to_cart": "Προσθέστε τα επιλεγμένα DLC στο καλάθι αγορών",
    "credits": "Συντελεστές",
    "store_transactions": "Συναλλαγές Καταστήματος",
    "activates": "Ενεργοποιείται στο Steam",
    "games_coupon": "Παιχνίδια με Κουπόνια",
    "all_friends_own": "Όλοι οι φίλοι που το έχουν (__friendcount__)",
    "translate": "Μετάφραση",
    "search_names_only": "Ψάξτε μόνο για ονόματε",
    "packs": "Πακέτα",
    "remove_owned_wishlist": "Αφαίρεση αγορασμένων παιχνιδιών από την λίστα επιθυμιών",
    "donate": "Δωρεά",
    "close": "Κλείσιμο",
    "error": "Προέκυψε ένα σφάλμα",
    "go": "Μεταβείτε",
    "activate": "Ενεργοποίηση προϊόντος",
    "activate_multiple_header": "Εισάγετε κωδικούς προϊόντων παρακάτω, έναν ανά γραμμή",
    "activate_multiple": "Ενεργοποίηση πολλαπλών προϊόντων",
    "activate_products": "Ενεργοποίηση προϊόντων",
    "coupon_application_note": "Ένα κουπόνι στα αντικείμενα σας θα εφαρμοστεί αυτομάτως στο Ταμείο.",
    "hide": "Απόκρυψη",
    "cards_owned": "__owned__ της __possible__ κάρτες σε ιδιοκτισία",
    "common_label": "Κρύψτε τα παιγνίδια που δεν έχετε",
    "birthday_message": "Χαρούμενα γενέθλεια στο steam, __username__! Ο λογαριασμό σας στο steam είναι __age__ χρονών σήμερα.",
    "buying_total": "Σύνολο παραγγελίας",
    "allreleases_products": "Επέλεξε τους τύπους προϊόντων που θες να δεις σε αυτή την ενότητα",
    "library_menu": "Βιβλιοθήκη",
    "clear_cache": "Εκκαθάριση δεδομένων προσωρινής μνήμης",
    "events": "Γεγονότα",
    "translation": "Μετάφραση",
    "lowest": "Χαμηλότερο",
    "lowest_price": "Τρέχουσα Χαμηλότερη Τιμή",
    "view_badge_progress": "Προβολή προόδου",
    "badge_progress": "Πρόοδος εμβλήματος",
    "sales_total": "Σύνολο Πωλήσεων",
    "hold_total": "Σύνολο σε αναμονή",
    "view_normal_badge": "Προβολή προόδου κανονικού εμβλήματος",
    "community_name_account_header": "Λογαριασμός του __username__",
    "apppage_sections": "Επιλέξτε τα τμήματα  που επιθυμείτε να βλέπετε σε αυτή την σελίδα",
    "search_error": "Σφάλμα κατά τη φόρτωση περισσότερων αποτελεσμάτων αναζήτησης",
    "website": "Ιστοσελίδα",
    "games": "Παιχνίδια",
    "total_time": "Συνολικός Χρόνος",
    "dlc_suggest": "Προτείνετε μια νέα κατηγορία",
    "badge_completion_cost": "Κόστος ολοκλήρωσης σήματος",
    "loading": "Φόρτωση...",
    "selling": "Πώληση...",
    "quick_sell": "Γρήγορη πώληση για __amount__",
    "instant_sell": "Άμεση πώληση για __amount__",
    "starting_at": "Έναρξη απο",
    "hardwareads": "Διαφήμιση υλικού",
    "homepage_tabs": "Καρτέλες Αρχική σελίδα",
    "store": "Κατάστημα",
    "view_in": "Προβολή σε",
    "drm_third_party": "Προειδοποίηση: Ο τίτλος αυτός χρησιμοποιεί DRM τρίτων",
    "stores": "Καταστήματα",
    "game_transactions": "Συναλλαγές Παιχνιδιών",
    "after_coupon": "μετά από το κωδικό κουπονιού",
    "games_installed": "Εγκατεστημένα Παιχνίδια",
    "hours_short": "__hours__ ώρες",
    "faqs": "Συχνές ερωτήσεις",
    "spam_comment_show": "__num__ σχόλια σπαμ κρύφθηκαν σε αυτή τη σελίδα.  Κάντε κλικ εδώ για να τα δείτε.",
    "dlc": "Περιεχόμενα προς Λήψη",
    "add_to_wishlist": "Προσθήκη στη λίστα επιθυμιών σας",
    "language": "Γλώσσα",
    "theworddefault": "Προεπιλογή",
    "coupon_learn_more": "<a href=\"https://support.steampowered.com/kb_article.php?ref=4210-YIPC-0275\">Μάθε περισσότερα</a> για τα Steam coupons",
    "show": "Εμφάνιση",
    "badges_all": "Όλα τα εμβλήματα",
    "comparison_mode": "Ενεργοποιήση επισκόπησης 'ολων των παιχνιδιών για σύγκριση",
    "search": "Αναζήτηση",
    "es_supporter": "Υποστηρικτής Enhanced Steam",
    "view_to_scale": "View to scale",
    "videos": "Βίντεο / Τρέιλερ",
    "community": "Κοινότητα",
    "dlc_data_header": "Πληροφορίες Περιεχομένου προς Λήψη",
    "graphics": "Γραφικά",
    "trading_cards": "Κάρτες Steam",
    "view_badge": "Εμφάνιση Εμβλήματος",
    "purchase_total": "Σύνολο αγοράς",
    "view_foil_badge": "Προβολή προόδου ασημένιου εμβλήματος",
    "view_astats": "Προβολή σελίδας AStats",
    "apppage_purchase": "Ρυθμίσεις αγορων",
    "search_error_retry": "Κάντε κλικ εδώ, για να προσπαθήσετε ξανά",
    "contribute": "Σύμβαλε (GitHub)",
    "reviews": "Κριτικές",
    "read_reviews": "Κριτικές",
    "read_more_reviews": "Διαβάστε περισσότερεσ κριτικές στο",
    "size": "Μέγεθος",
    "package_info": "Πληροφορίες πακέτου",
    "badge_completion_avg": "Μέσος όρος κόστους ολοκλήρωσης",
    "using_store": "Χρησιμοποιείτε το Steam κατάστημα για την περιοχή  __current__.",
    "volume_sold_last_24": "Όγκος: __sold__ πωλήθηκαν στις τελευταίες 24 ώρες",
    "sold_last_24": "Όγκος: __sold__ πουλήθηκαν τις τελευταίες 24 ώρες",
    "homepage_sidebar": "Πλαϊνή μπάρα",
    "drop_calc": "Κάντε κλικ εδώ, για να υπολογιστεί πόσες λήψεις καρτών απομένουν",
    "price": "Τιμή",
    "view_marketplace": "Προβολή Αγοράς",
    "market_transactions": "Συναλλαγές Αγοράς",
    "card_drops_remaining": "__drops__ λήψεις καρτών απομένουν",
    "badges_drops": "Εμβλήματα με απομείναντες λήψεις καρτών",
    "using_language_return": "Κάντε κλικ εδώ για να περιηγηθήτε στο Steam στο __base__.",
    "spam_comment_warn": "Εδώ υπάρχουν δράκοι...",
    "guides": "Οδηγοί",
    "buy_wishlist": "Αγοράστε την Λίστα Επιθυμιών",
    "highlight": "Επισήμανση",
    "save": "Αποθήκευση",
    "not": "Όχι__tag__",
    "add_to_cart": "Προσθήκη στο Καλάθι αγορών",
    "view": "Δείτε",
    "games_all": "Όλα τα Παιχνίδια",
    "permalink": "Μόνιμος σύνδεσμος",
    "game_name": "Όνομα Παιχνιδιού",
    "gift_transactions": "Συναλλαγές δώρων",
    "demos": "Επιδείξεις",
    "notinterested": "Στοιχεία που έχουν επισημανθεί ως μη ενδιαφέροντα",
    "mixed_item": "Μεικτά στοιχεία αξιολόγησης",
    "negative_item": "Αρνητικά στοιχεία αξιολόγησης",
    "price_above": "Αντικείμενα που κοστίζουν περισσότερο από",
    "price_above_tooltip": "Εισάγετε την τιμή μηδέν για δωρεάν είδη ή για είδη χωρίς ετικέτα τιμής. Αφήστε το πεδίο κενό για να απενεργοποιήσετε αυτή τη δυνατότητα",
    "news": "Νέα",
    "check_system": "Ελέγξτε το Σύστημα σας",
    "viewinclient": "Προβολή στο Steam",
    "custom_background": "Προσαρμοσμένο φόντο",
    "custom_style": "Προσαρμοσμένο θέμα",
    "custom_style_help": "Όλοι οι χρήστες του Enhanced Steam θα βλέπουν αυτό το θέμα, στο προφίλ σας.  Μη χρήστες του Enhanced Steam δεν θα βλέπουν οποιεσδήποτε αλλαγές θέματος που έγιναν εδώ.",
    "noneselected": "Καμμία επιλογή/ Καμμία Χρέωση",
    "most_drops": "Περισσότερες λήψεις",
    "badge_foil_progress": "Προβολή προόδου ασημένιου εμβλήματος",
    "net_gain": "Καθαρό κέρδος",
    "apppage_legal": "Νομικές πληροφορίες",
    "acrtag_msg": "Ανταλλαγή μεταξύ ορισμένων περιφερειών έχει απενεργοποιηθεί για αυτό το στοιχείο",
    "bug_feature": "Αναφορά Bug / Προτείνετε Δυνατότητα",
    "always": "Πάντα",
    "compare": "Σύγκριση",
    "discount": "Έκπτωση",
    "discountper": "Έκπτωση (Ποσοστό)",
    "discountabs": "Έκπτωση (Ποσό)",
    "rating_details": "Δείτε πληροφορίες βαθμολογίας",
    "drops_worth_avg": "Αξίζουν Περίπου",
    "using_store_return": "Κάντε κλικ εδώ για να επιστρέψετε στο __base__ κατάστημα.",
    "family_sharing_notice": "<b>Σημείωση:</b> Αυτό το παιχνίδι εξαιρείται από την υπηρεσία Κοινής Χρήσης του Steam.",
    "valid": "Έγκυρο",
    "price_options": "Επιλογές Τιμής",
    "no_results_found": "Δεν βρέθηκαν αποτελέσματα",
    "visit_store": "Επίσκεψη Σελίδας Καταστήματος",
    "all": "Όλα",
    "total_spent": "Σύνολο εξόδων",
    "games_with_drops": "__dropsgames__ παιχνίδια με λήψεις καρτών που απομένουν",
    "binder_view": "Εμφάνιση βιβλιοδέτη",
    "view_stats": "Δείτε τα στατιστικά",
    "using_language": "Περιηγήστε στο Steam στο __current__.",
    "popular": "Δημοφιλή",
    "visit_trade_forum": "Επισκεφθείτε το φόρουμ του εμπορίου",
    "software": "Λογισμικό",
    "purchase_date": "(Αγορασμένο __date__)",
    "custom_background_help": "Όλοι οι χρήστες του Enhanced Steam θα δούνε αυτό το υπόβαθρο στο προφίλ σας.  Μη χρήστες του Enhanced Steam θα βλέπουν το κανονικό υπόβαθρο προφίλ σας.",
    "date_unlocked": "Ημερομηνία που ξεκλειδώθηκε",
    "view_badge_foil": "Προβολή ασημένιου εμβλήματος",
    "net_spent": "Ποσό ποθ ξοδεύτηκε",
    "homepage_carousel": "Καρουσέλ",
    "acrtag_tooltip": "Αυτό το στοιχείο δεν μπορεί να ανταλαχθεί μεταξύ περιφερειών, αν αγοραστεί στην Ανατολική Ευρώπη, Νότια Αμερική, ή τη Νοτιοανατολική Ασία",
    "official_group": "Επίσημη Ομάδα",
    "saved": "Αποθηκεύτηκε",
    "add_unowned_dlc_to_cart": "Προσθέστε Περιέχομενο Προς Λήψη που δεν έχετε στο καλάθι αγορών",
    "buy": "Αγορά",
    "buy_package": "Αγορά __package__",
    "more_information": "Περισσότερες Πληροφορίες",
    "games_discount": "Παιχνίδια με εκπτώσεις",
    "region_unavailable": "Μη διαθέσιμο σε αυτή την περιοχή ",
    "item_type": "Τύπος Αντικειμένου",
    "avg_price_3cards": "Μέση τιμή τριών ανταλλάξιμων καρτών",
    "mods": "Mods",
    "empty_wishlist": "Άδειασμα λίστας επιθυμιών",
    "empty_wishlist_confirm": "Είστε βέβαιοι ότι θέλετε να αδειάσετε τη λίστα επιθυμιών σας;\nΑυτή η ενέργεια δεν μπορεί να αναιρεθεί!",
    "empty_wishlist_loading": "Άδειασμα της λίστας επιθυμιών σας, παρακαλώ περιμένετε...",
    "about": "Σχετικά",
    "never": "Ποτέ",
    "coupon_available": "Έχετε ένα διαθέσιμο κουπόνι",
    "info": "Πληροφορίες",
    "launch_random": "Ξεκίνημα τυχαίου παιχνιδιού",
    "play_game": "Παίξτε __gamename__;",
    "drops_value": "Υψηλότερη τιμή λήψεως",
    "notcommon_label": "Κρείψτε παιχνίδια που ήδη κατέχετε",
    "show_all_steam_releases": "Εμφάνιση όλων των κυκλοφοριών Steam",
    "wishlist": "Λίστα Επιθυμιών",
    "on_wishlist": "Στη Λίστα Επιθυμιών",
    "notdiscounted": "Στοιχεία χωρίς έκπτωση",
    "cancel": "Ακύρωση",
    "wiki_article": "Προβολή __pcgw__ Άρθρο",
    "view_all": "ΕΜΦΑΝΙΣΗ ΟΛΩΝ",
    "programming": "Προγραμματισμός",
    "historical_low": "Ιστορικά Χαμηλότερη Τιμή",
    "games_with_booster": "__boostergames__ παιχνίδια επιλεγμένα για συμπληρωματικά πακέτα",
    "sort_by": "Ταξινόμηση κατά:",
    "lastonline": "Τελευταία επίσκεψη",
    "edit_price": "Επεξεργασία Τιμής",
    "relist": "Επανακαταχώρηση",
    "relist_an_item": "Επανακαταχώρηση αντικειμένου",
    "relist_text": "Θα θέλατε να επανακαταχωρήσετε αυτό το αντικείμενο σε μια χαμηλότερη τιμή;",
    "search_market": "Αναζήτηση στην Αγορά Κοινότητας Steam",
    "drm_third_party_sub": "Προειδοποίηση: Ένας ή περισσότεροι τίτλοι σε αυτό το πακέτο χρησιμοποιούν DRM τρίτων",
    "customize": "Προσαρμογή",
    "custom": "Περισσότερα",
    "bundle_saving_text": "Εδώ είναι το πόσα κερδίζετε από την αγορά αυτού του Πακέτου",
    "thewordoptions": "Επιλογές",
    "concepts": "Έννοιες",
    "collections": "Συλλογές",
    "discussions": "Συζητήσεις",
    "add_wishlist_note": "Προσθέσετε μια σημείωση της λίστας επιθυμιών",
    "update_wishlist_note": "Ενημερώστε την σημείωση της λίστας επιθυμιών",
    "add_wishlist_note_prompt": "Πληκτρολογήστε τη σημείωση της λίστας επιθυμιών",
    "update_wishlist_note_prompt": "Ενημερώστε την σημείωση της λίστας επιθυμιών σας",
    "results": "__num__ αποτελέσματα",
    "all_results": "Όλα τα __num__ αποτελέσματα που εμφανίζονται",
    "see_more": "Δείτε περισσότερα",
    "lowest_price_format": "__price__ στο __store__",
    "historical_low_format": "__price__ στο __store__ στις __date__",
    "favorited": "Προστέθηκε στα αγαπημένα",
    "followed": "Ακολουθήθηκε",
    "leave_group_selected": "Αποχωρήστε από τα επιλεγμένα",
    "leave_group_all": "Αποχώρηση από όλες",
    "leave_group_all_confirm": "Πρόκειται να αποχωρήσετε από ΟΛΕΣ ΤΙΣ ΟΜΑΔΕΣ όπου ανήκετε!\nΕίστε βέβαιοι ότι θέλετε να συνεχίσετε;",
    "leave_group_admin_confirm": "Είστε Διαχειριστής στην ομάδα: __groupname__\nΕίστε βέβαιοι ότι θέλετε να αποχωρήσετε;",
    "wrong_try_again": "Κάτι πήγε στραβά. Παρακαλώ δοκιμάστε ξανά.",
    "join_group": "Προσχώρηση στην ομάδα",
    "chat": "Συνομιλία",
    "web_browser_chat": "Συνομιλία μέσω Browser",
    "steam_client_chat": "Συνομιλία πελατών Steam",
    "available": "Διαθέσιμο",
    "set_as_background": "Ορισμός ως φόντο",
    "preview_background": "Προεπισκόπηση φόντου",
    "details": "Λεπτομέρειες",
    "expand_slider": "Μεγέθυνση δρομέα",
    "contract_slider": "Σμίκρυνση δρομέα",
    "early_access": "Έγκαιρη πρόσβαση",
    "filter_games": "Φιλτράρετε τα παιχνίδια",
    "note_for": "Σημείωση για",
    "show_wishlist_total": "Εμφάνιση συνόλου λίστας επιθυμιών",
    "tag_short": "Χρησιμοποιήστε σύντομες ετικέτες για εξοικονόμηση χώρου",
    "no_price_data": "Δεν υπάρχει διαθέσιμη τιμή",
    "exclude_tags": "Απόκρυψη ετικετών",
    "user_score": "Βαθμολογία χρηστών",
    "user_reviews": "Κριτικές χρηστών",
    "review_summary": "__percent__ των __num__ κριτικών χρηστών για αυτό το παιχνίδι είναι θετικές.",
    "market_popular_items_toggle": "Εναλλαγή Ζωντανής Ενημέρωσης για δημοφιλή αντικείμενα",
    "achievements": {
        "option": "Εμφανίστε επιτεύγματα σε σελίδες καταστήματος",
        "achievements": "Επιτεύγματα",
        "includes": "Περιλαμβάνει __num__ επιτεύγματα Steam",
        "view_all": "Δες όλα τα επιτεύγματα"
    },
    "bundle": {
        "offer_ends": "Η προσφορά λήγει",
        "at_least": "Πληρώστε τουλάχιστον",
        "pwyw": "Πληρώστε Όσο Θέλετε",
        "includes": "Περιέχει __num__ αντικείμενα",
        "tier_includes": "__tier__ (__price__) περιλαμβάνει στοιχεία __num__",
        "tier": "Βαθμίδα __num__",
        "header": "Bundles που περιέχουν αυτό το παιχνίδι",
        "info": "Πληροφορίες Bundle",
        "bundle_count": "Αριθμός φορών που αυτό το παιχνίδι έχει μπεί σε Πακέτο"
    },
    "charts": {
        "peakall": "κορυφή όλων των εποχών",
        "current": "Παίζουν αυτή τη στιγμή",
        "playing_now": "παίζουν τώρα",
        "peaktoday": "Σημερινή κορύφωση"
    },
    "hltb": {
        "title": "Πόσο χρόνο θέλει για τερματισμό",
        "main_e": "Κύρια ιστορία και έξτρα",
        "compl": "Ολοκληρωτής",
        "submit": "Καταχωρήστε Τον Χρόνο σας",
        "main": "Κύρια ιστορία",
        "no_data": "Δε βρέθηκαν δεδομένα",
        "help": "Κάντε κλικ εδώ για βοήθεια",
        "wrong": "Λάθος παιχνίδι;"
    },
    "library": {
        "in_library": "Στη συλλογή",
        "error_loading_library": "Couldn't load your library.",
        "categories": "Categories...",
        "genres": "Genres...",
        "private_profile": "Change your profile status to public <a href='http://steamcommunity.com/my/edit/settings'>in your settings</a> to use this feature."
    },
    "spy": {
        "player_data": "Δεδομένα Παιχτών",
        "owners": "Ιδιοκτήτες",
        "players_total": "Συνολικοί παίκτες",
        "players_2weeks": "Οι παίκτες, τις τελευταίες δύο εβδομάδες",
        "average_playtime": "Μέσος όρος χρόνου παιχνιδιού",
        "average_playtime_2weeks": "Μέσος όρος χρόνου παιχνιδιού τις τελευταίες δύο εβδομάδες",
        "formatted_time": "__hours__ ώρες, __minutes__λεπτά"
    },
    "options": {
        "wsgf": "Εμφάνιση πληροφοριών WSGF (ευρεία οθόνη)",
        "version_show": "Εμφάνιση αλλαγών όταν γίνει αναβάθμιση του Enhanced Steam",
        "steamcardexchange": "Εμφάνιση συνδέσμων SteamCardExchange στα εμβλήματα",
        "regional_price": "Σύγκριση τιμών ανά περιοχή",
        "acrtag": "Εμφάνιση προειδοποιήσεων σχετικά με αντικείμενα όπου συναλλαγες μεταξύ διαφορετικών περιοχών είναι ανενεργές",
        "excludef2p": "Εξαίρεση δωρεάν παιχνιδιών από τις επισημάνσεις",
        "contscroll": "Επιτρέπει την συνεχή κύλιση των αποτελεσμάτων αναζήτησης",
        "profile_link_images_none": "Καμιά",
        "replace_account_name": "Αντικατάσταση ονόματος λογαριασμού με το όνομα κοινότητας",
        "profile_links": "Προβολή συνδέσμων προφίλ σε",
        "library_header": "Library (BETA)",
        "tag": "Ετικέτα",
        "icon": "Εικονίδιο",
        "name": "Όνομα",
        "show_alternative_linux_icon": "Εμφάνιση εναλλακτικού εικονιδίου Linux",
        "showcomparelinks": "Εμφάνιση συνδέσμων \"Σύγκριση\" για επιτεύγματα στις δραστηριότητες φίλων",
        "hidetmsymbols": "Σήματα κατατεθέν και σύμβολα δικαιωμάτων στους τίτλους παιχνιδιών",
        "metacritic": "Εμφανίστε τις βαθμολογίες χρηστών από το Metacritic",
        "opencritic": "Εμφάνιση πληροφοριών Opencritic.com",
        "hideactivelistings": "Απόκρυψη όλων των ενεργών αγγελιών στην αρχική σελίδα Αγοράς από προεπιλογή",
        "clear": "Θέλετε σίγουρα να επαναφέρετε όλες τις επιλογές; Αυτό δεν μπορεί να αναιρεθεί.",
        "profile_api_info": "Show user API link on profiles",
        "coupon": "Αντικείμενα με κουπόνια",
        "show_package_info": "Εμφάνιση πληροφοριών πακέτου για όλες τις εφαρμογές",
        "wlbuttoncommunityapp": "Εμφάνιση του κουμπιού \"Προσθήκη στη Λίστα Επιθυμιών\" στους κόμβους εφαρμογών της Κοινότητας",
        "removeguideslanguagefilter": "Μη αυτόματο φιλτράρισμα οδηγών ανά γλώσσα χρήστη",
        "disablelinkfilter": "Απενεργοποίηση επιβεβαίωσης κατά την πρόσβαση σε εξωτερικές τοποθεσίες",
        "regional_price_on": "Εμφάνιση συγκριτή περιφερειακών τιμών",
        "cart": "Αντικείμενα στο καλάθι σας",
        "friends_own": "Αντικείμενα που έχουν οι φίλοι σας",
        "drm": "Εμφάνιση προειδοποιήσεων DRM τρίτων",
        "profile_permalink": "Εμφάνιση μόνιμων συνδέσμων στα προφίλ",
        "show_regionwarning": "Εμφάνιση προειδοποίησης αν περιηγήστε σε περιοχή εκτός αυτής του λογαριασμού σας",
        "foot_link": "Επέκταση Enhanced Steam",
        "profile_link_images": "Εικόνες συνδέσμου Προφίλ",
        "library": "Εμφάνιση του κουμπιού Βιβλιοθήκης στην επικεφαλίδα",
        "show1clickgoo": "Εμφάνιση του κουμπιού «1-κλικ μετατροπή σε πετράδια...» σε αντικείμενα που μπορεί να εφαρμοστεί",
        "hidedlcunownedgames": "DLC για παιχνίδια που δεν κατέχετε",
        "hltb": "Εμφανίστε πληροφορίες από HowLongToBeat.com",
        "hidespamcomments": "Απόκρυψη ανεπιθύμητων σχολίων από το Εργαστήρι και τα προφίλ",
        "hide_owned": "αντικείμενα που κατέχετε σε αποτελέσματα αναζητήσεων και σελίδες ετικετών",
        "reset": "Επαναφορά επιλογών",
        "api_key": "API Key",
        "gift": "Στοιχεία αποθηκευμένα ως δώρο",
        "show_sysreqcheck": "Εμφάνιση του κουμπιού για να ελέγξετε τις απαιτήσεις συστήματος στις σελίδες εφαρμογών (πειραματικό!)",
        "es_bg": "Ορισμός προσαρμοσμένου φόντου στην οθόνη \"Επεξεργασία προφίλ\"",
        "regional_price_mouse": "Με πέρασμα του δείκτη ποντικιού πάνω από την τιμή",
        "friends_rec": "αντικείμενα για τα οποία έχουν γράψει κριτική οι φίλοι σας",
        "lowestprice_header": "Πληροφορίες ιστορικού τιμής",
        "total_spent": "Εμφάνιση συνολικών εξόδων στη σελίδα του λογαριασμού",
        "add_wallet_balance": "Εμφάνιση χρημάτων πορτοφολιού Steam στην κορυφή",
        "add_to_cart_wishlist": "Εμφάνιση του κουμπιού «Προσθήκη στο καλάθι» στις λίστες επιθυμιών",
        "about_text": "<div class=\"header\">Σχετικά με το <a href='http://www.enhancedsteam.com'>Enhanced Steam</a>:</div><p>Το Enhanced Steam είναι μια επέκταση για το Google Chrome που προσθέτει πολλές νέες λειτουργίες στην ιστοσελίδα του Steam.<p>Οι λειτουργίες περιλαμβάνουν:<ul><li>Επισήμανση των παιχνιδιών που κατέχετε ήδη</li><li>Επισήμανση των παιχνιδιών στη λίστα επιθυμιών σας</li><li>Σωστός υπολογισμός εκπτώσεων πακέτων με βάση τα παιχνίδια που κατέχετε ήδη</li><li>Εμφάνιση του ποσού που έχετε ξοδέψει σε όλη τη διάρκεια του λογαριασμού σας</li><li>Επισήμανση των DLC που κατέχετε στη σελίδα παιχνιδιού</li><li>Διόρθωση των εικονιδίων «No Image Available» στη λίστα επιθυμιών σας για οποιοδήποτε παιχνίδι ή DLC</li><li>Επισήμανση παιχνιδιών με DRM τρίτων</li></ul><p>Αν βρίσκετε χρήσιμη αυτή την επέκταση, παρακαλούμε σκεφτείτε να δωρίσετε κάποιο ποσό.",
        "stores_all": "Συγκρίνετε όλα τα καταστήματα",
        "show_early_access_text": "Εμφάνιση εικόνας πανό πρόωρης πρόσβασης",
        "author_info": "από τον jshackles",
        "profile_link_images_gray": "Κλίμακα του γκρι",
        "quickinv": "Να εμφανίζονται τα κουμπιά Γρήγορη Πώληση στα αντικείμενα της κοινότητας Steam στη σελίδα Αντικειμένων",
        "quickinv_diff": "Τροποποιητής Άμεσης Πώλησης:",
        "library_f2p": "Show played free to play games and demos in library",
        "inventory_market_text": "Εμφάνιση τιμής αγοράς στην σελίδα Αντικειμένων",
        "send_age_info": "Αυτόματη αποστολή επαλήθευσης ηλικίας όταν απαιτείται",
        "pcgw": "Εμφανίστε συνδέσμους PCGamingWiki",
        "store_steamcards": "Εμφάνιση συνδέσμων SteamCardExchange στις σελίδες καταστήματος",
        "spamcommentregex": "Συμβολοσειρά Κανονικής Έκφρασης:",
        "hide_owned_homepage": "αντικείμενα που κατέχετε στην αρχική σελίδα",
        "saved_note": "Οι επιλογές αποθηκεύτηκαν",
        "regional_hideworld": "Απόκρυψη δείκτη υδρογείου",
        "show_astatslink": "Εμφάνιση συνδέσμου AStats σε σελίδες εφαρμογών",
        "showclient": "Εμφάνιση συνδέσμων προς την εφαρμογή Steam",
        "guest": "Αντικείμενα για τα οποία κατέχετε πάσο επισκέπτη",
        "show_steamchart_info": "Εμφάνιση πληροφοριών SteamCharts.com",
        "show_steamspy_info": "Εμφάνιση πληροφοριών steamspy.com",
        "showallachievements": "Εμφανίστε τα στατιστικά επιτευγμάτων στην σελίδα \"Όλα τα Παιχνίδια\"",
        "lowestprice_onwishlist": "Εμφάνιση στη λίστα επιθυμιών",
        "steamrepapi": "Εμφάνιση κατάστασης SteamRep στις σελίδες προφίλ",
        "header": "Επικεφαλίδα",
        "lowestprice": "Προβολή",
        "group_events": "Εμφάνιση συμβάντων στη σύνοψη ομάδας",
        "changelog": "Λίστα Αλλαγών:",
        "owned": "Αντικείμενα στην κατοχή σας",
        "steamdb": "Εμφανίστε συνδέσμους από το SteamDB",
        "hide_early_access": "Απόκρυψη παιχνιδιών πρόωρης πρόσβασης από την αρχική σελίδα, την περιήγηση και τις σελίδες αναζήτησης",
        "reset_note": "Επαναφορά επιλογών",
        "html5video": "Προβολή βίντεο με τη χρήση HTML5 αντί για Flash",
        "profiles_link_group_game": "Game exclusive",
        "friends_wishlist": "Στοιχεία που οι φίλοι σας έχουν στη λίστα επιθυμίων",
        "showspeechsearch": "Προσθήκη εισαγωγής με ομιλία στα πεδία αναζήτησης",
        "profile_link_images_color": "Έγχρωμο",
        "hide_about": "Απόκρυψη \"Σχετικά\" συνδέσμου",
        "show_empty_wishlist": "Εμφάνιση του κουμπιού «Άδειασμα Wishlist»",
        "inventory_nav_text": "Εμφάνιση προηγμένης πλοήγησης στη σελίδα Αντικειμένων",
        "carousel_description": "Εμφάνιση περιγραφών εφαρμογών στο καρουσέλ της αρχικής σελίδας καταστήματος",
        "market_total": "Προβολή του συνόλου συναλλαγών στην Αγορά",
        "hide_install": "Απόκρυψη κουμπιού «Εγκατάσταση Steam»",
        "lowestprice_coupon": "Να περιλαμβάνονται κωδικοί κουπονιών στη σύγκριση τιμών",
        "general": "Γενικά",
        "market": "Αγορά",
        "inventory": "Αντικείμενα",
        "profile": "Προφίλ",
        "show_languagewarning": "Εμφάνιση προειδοποίηση αν περιηγήστε σε μια γλώσσα εκτός από",
        "homepage": "Αρχική σελίδα",
        "homepage_default_tab": "Προεπιλεγμένη καρτέλα αρχικής σελίδας",
        "homepage_default_tab_remember": "Θυμηθείτε την προηγούμενη",
        "homepage_default_tab_newreleases": "Δημοφιλείς νέες κυκλοφορίες",
        "homepage_default_tab_allreleases": "Όλες οι νέες κυκλοφορίες",
        "homepage_default_tab_topsellers": "Κορυφαίες πωλήσεις",
        "homepage_default_tab_upcoming": "Επερχόμενα",
        "homepage_default_tab_specials": "Ειδικές προσφορές",
        "wishlist": "αντικείμενα στην λίστα επιθυμιών σας",
        "add_another_region": "Προσθήκη",
        "skip_got_steam": "Παράλειψη διαλόγου \"Έχετε το Steam;\"",
        "store_general_thirdparty": "Επιλογές για πληροφορίες από ιστότοπους τρίτων",
        "purchase_dates": "Εμφάνιση ημερομηνίας αγοράς εφαρμογών στις σελίδες του καταστήματος",
        "show_badge_progress": "Εμφάνιση προόδου εμβλήματος σε σελίδες του καταστήματος",
        "show_wishlist_link": "Εμφάνιση συνδέσμου προς την λίστα επιθυμιών στα προφίλ",
        "show_wishlist_count": "Εμφάνιση του αριθμού αντικειμένων στην λίστα επιθυμιών",
        "lang": {
            "english": "Αγγλικά",
            "brazilian": "Πορτογαλικά-Βραζιλιάνικα",
            "bulgarian": "Βουλγαρικά",
            "czech": "Τσεχικά",
            "danish": "Δανικά",
            "dutch": "Ολλανδικά",
            "finnish": "Φινλανδικά",
            "french": "Γαλλικά",
            "greek": "Ελληνικά",
            "german": "Γερμανικά",
            "hungarian": "Ουγγρικά",
            "italian": "Ιταλικά",
            "japanese": "Ιαπωνικά",
            "koreana": "Κορεατικά",
            "norwegian": "Νορβηγικά",
            "polish": "Πολωνικά",
            "portuguese": "Πορτογαλικά",
            "russian": "Ρωσικά",
            "romanian": "Ρουμανικά",
            "schinese": "Απλοποιημένα Κινέζικα",
            "spanish": "Ισπανικά",
            "swedish": "Σουηδικά",
            "tchinese": "Παραδοσιακά Kινέζικα",
            "thai": "Ταϊλανδικά",
            "turkish": "Τουρκικά",
            "ukrainian": "Ουκρανικά"
        }
    },
    "ready": {
        "errormsg": "Σφάλμα κατά τη φόρτωση δεδομένων Enhanced Steam",
        "loading": "Φόρτωση δεδομένων Enhanced Steam...",
        "ready": "Το Enhanced Steam είναι έτοιμο",
        "failed": "Μία ή περισσότερες αιτήσεις απέτυχαν"
    },
    "twitch": {
        "now_streaming": "__username__ κάνει απευθείας μετάδοση στο Twitch",
        "viewers": "Θεατές",
        "followers": "Ακόλουθοι",
        "views": "Προβολές"
    },
    "survey": {
        "performance_survey": "Έρευνα επιδόσεων",
        "users": "__users__ χρήστες έχουν ολοκληρώσει την έρευνα επιδόσεων για αυτό το παιχνίδι",
        "framerate": "Ρυθμός καρέ",
        "framerate_response": "απάντησαν ότι ο ρυθμός καρέ ήταν",
        "framerate_30": "καθορισμένο στα 30fps ή χαμηλότερα",
        "framerate_fi": "καθορισμένο σε υψηλότερα από 30fps",
        "framerate_va": "μεταβλητή, εξαρτάται από το υλικό",
        "resolution": "Ανάλυση",
        "resolution_support": "Αυτό το παιχνίδι φαίνεται να υποστηρίζει",
        "resolution_less": "λιγότερο από ανάλυση __pixels__",
        "resolution_up": "έως και ανάλυση __pixels__",
        "graphics_settings": "Ρυθμίσεις γραφικών",
        "satisfaction": "Ικανοποίηση απόδοσης από GPU",
        "gs_y": "Έχει ενσωματωμένες επιλογές γραφικών ή ένα μενού γραφικών",
        "gs_n": "Δεν έχει ενσωματωμένες επιλογές γραφικών ή ένα μενού γραφικών",
        "nobody": "Κανείς δεν έχει κάνει έρευνα επιδόσεων για αυτό το παιχνίδι ακόμη",
        "take": "Πάρτε την έρευνα"
    },
    "select": {
        "wishlisted_dlc": "Επιλέξτε τα Περιεχόμενα προς Λήψη που είναι στη λίστα επιθυμιών",
        "none": "Επιλογή κανενός",
        "unowned_dlc": "Επιλογή Περιεχομένου Προς Λήψη που δεν έχετε"
    },
    "tag": {
        "wishlist": "Λίστα Επιθυμιών",
        "friends_own": "__friendcount__ το κατέχουν",
        "coupon": "Κουπόνι",
        "friends_rec": "<a href=\"http://store.steampowered.com/recommended/byfriends/__appid__\">__friendcount__ φίλοι έκαναν αξιολόγηση",
        "inv_gift": "Δώρο",
        "inv_guestpass": "Πάσο επισκέπτη",
        "owned": "Σε κατοχή",
        "notinterested": "Δεν ενδιαφέρομαι",
        "friends_want": "<a href=\"http://steamcommunity.com/my/friendsthatplay/__appid__\">__friendcount__ θέλουν το</a>"
    },
    "wallet": {
        "custom_amount": "Προσθέστε προσαρμοσμένο ποσό",
        "custom_amount_text": "Προσθέστε οποιοδήποτε ποσό πάνω από __minamount__"
    },
    "wsgf": {
        "incomplete": "Μη ολοκληρωμένο",
        "unsupported": "Η βαθμολογία αυτή απονέμεται σε παιχνίδια που δεν έχουν καμία υποστήριξη σε  __type__.  Το παιχνίδι μπορεί να είναι ακατάλληλο για να παιχτεί στο __type__, ή η εικόνα εμφανίζεται παραμορφωμένη για να κατανεμηθεί στο παράθυρο.  Δεν διατηρείται η σωστή αναλογία.",
        "gold": "Το μετάλλιο απονέμεται σε παιχνίδια που έχουν λάβει τέλεια αποτελέσματα από το WSGF για την υποστήριξή τους σε __type__, και είναι εγκεκριμένα στο __type__.",
        "silver": "Το μετάλλιο απονέμεται σε παιχνίδια που έχουν λάβει ένα υπολογιζόμενο βαθμό Β για την υποστήριξή τους σε __type__.  Όλα αυτά τα παιχνίδια είναι χωρίς σημαντικές ατέλειες, αλλά έχουν τουλάχιστον ένα ψεγάδι που αποτρέπει ένα τέλειο σκορ.",
        "limited": "Το μετάλλιο απονέμεται σε παιχνίδια που έχουν λάβει ένα υπολογιζόμενο βαθμό C για την υποστήριξή τους σε __type__.  Όλα αυτά τα παιχνίδια έχουν κάποιο επίπεδο __type__ υποστήριξης, αλλά έχουν σημαντικά θέματα.",
        "certifications": "Πιστοποιήσεις ευρείας οθόνης WSGF"
    },
    "itad": {
        "option": "Εμφάνιση επιλογής μενού για συγχρονισμό δεδομένων στο IsThereAnyDeal.com",
        "send_to_itad": "Αποστολή παιχνίδια που έχετε στο IsThereAnyDeal",
        "sending": "Φόρτωση των παιχνιδιλων σας και των πακέτων σας και αποστολή τους στο IsThereAnyDeal.com"
    },
    "tradeoffer": {
        "num_item": "__num__ αντικείμενο",
        "num_items": "__num__ αντικείμενα"
    },
    "update": {
        "dont_show": "Να μην εμφανιστεί ξανά",
        "updated": "Το Enhanced Steam έχει ενημερωθεί στην έκδοση __version__",
        "changes": "Αυτή η έκδοση περιλαμβάνει τις ακόλουθες αλλαγές"
    },
    "register": {
        "success": "Επιτυχής ενεργοποίηση του __gamename__",
        "owned": "Αυτός ο λογαριασμός Steam κατέχει ήδη τα προϊόντα αυτής της προσφοράς.",
        "notavail": "Συγγνώμη, αυτό το προϊόν δεν είναι διαθέσιμο για αγορά στη χώρα σας. Το κλειδί προϊόντος σας δεν εξαργυρώθηκε.",
        "invalid": "Ο κωδικός προϊόντος που εισάγατε δεν είναι έγκυρος. Παρακαλούμε ελέγξτε ξανά αν έχετε πληκτρολογήσει σωστά το κλειδί.",
        "already": "Ο κωδικός προϊόντος που εισάγατε έχει ήδη ενεργοποιηθεί από έναν διαφορετικό λογαριασμό Steam.",
        "dlc": "Ο κωδικός προϊόντος που εισάγατε απαιτεί την κατοχή ενός άλλου προϊόντος πριν την ενεργοποίηση.",
        "wallet": "Ο κωδικός που εισάγατε είναι από μια δωροκάρτα Steam ή μια κάρτα πορτοφολιού Steam",
        "toomany": "Υπήρξαν πάρα πολλές προσπάθειες ενεργοποίησης πρόσφατα από αυτό τον λογαριασμό. Παρακαλούμε περιμένετε και δοκιμάστε ξανά αργότερα.",
        "default": "Προέκυψε μη αναμενόμενο σφάλμα.  Δεν έχει γίνει η εξαργύρωση του κωδικού προϊόντος σας.  Παρακαλώ περιμένετε 30 λεπτά και δοκιμάστε να εξαργυρώσετε τον κωδικό ξανά."
    }
}