{
  "post_history":"Gönderi geçmişini görüntüle",
  "add_nickname":"Takma Ad Ekle",
  "total_size":"Toplam Boyut",
  "dlc_details":"İndirilebilir Öğe Ayrıntıları",
  "badge_not_unlocked":"Açılmamış",
  "each":"Her biri",
  "view_in_market":"Topluluk Pazarı'nda Görüntüle",
  "homepage_spotlight":"Öne Çıkanlar",
  "official_group_url":"steamcommunity.com/groups/enhancedsteam",
  "remove":"Kaldır",
  "get_help":"Yardım Alın",
  "add_selected_dlc_to_cart":"Seçili indirilebilir içeriği sepete ekle",
  "credits":"Emeği Geçenler",
  "store_transactions":"Mağaza İşlemleri",
  "activates":"Steam'de Aktive Edilir",
  "games_coupon":"İndirim Kuponu Olan Oyunlar",
  "all_friends_own":"Buna sahip olan arkadaşların  (__friendcount__)",
  "translate":"Tercüme Et",
  "search_names_only":"Sadece isimlerde ara",
  "packs":"Paketler",
  "remove_owned_wishlist":"Sahip olunan oyunları istek listesinden çıkar",
  "donate":"Bağış Yap",
  "close":"Kapat",
  "error":"Bir hata meydana geldi",
  "go":"Git",
  "activate":"Bir ürün etkinleştir",
  "activate_multiple_header":"Her satıra bir adet olmak üzere, aşağıya ürün kodlarını yazın",
  "activate_multiple":"Birden Fazla Ürün Etkinleştir",
  "activate_products":"Ürünleri etkinleştir",
  "coupon_application_note":"Envanterinizdeki bir kupon, satın alımda otomatik olarak kullanılacak.",
  "hide":"Gizle",
  "cards_owned":"__possible__ kartın __owned__ tanesine sahipsin",
  "common_label":"Sende olmayan oyunları gizle",
  "birthday_message":"Mutlu Steam Doğumgünü , __username__! Steam hesabın __age__ yaşında.",
  "buying_total":"Toplam satın alma işlemi",
  "allreleases_products":"Burada görmeyi dilediğiniz ürün çeşitlerini seçin",
  "library_menu":"Kütüphane",
  "clear_cache":"Önbelleği temizle",
  "events":"Etkinlikler",
  "translation":"Çeviri",
  "lowest":"En düşük\n",
  "lowest_price":"Şu anki en düşük fiyat",
  "view_badge_progress":"Rozet ilerlemesini görüntüle",
  "badge_progress":"Rozet İlerlemesi",
  "sales_total":"Toplam satılan",
  "hold_total":"Toplam bekleyen",
  "view_normal_badge":"Normal Rozet İlerlemesine Bak",
  "community_name_account_header":"__username__ hesabı",
  "apppage_sections":"Bu sayfada görünmesini istediğiniz bölümleri seçin",
  "search_error":"Daha fazla arama sonucu yüklerken hata oluştu",
  "website":"Website",
  "games":"Oyunlar",
  "total_time":"Toplam Süre",
  "dlc_suggest":"Yeni bir kategori öner",
  "badge_completion_cost":"Rozeti tamamlama fiyatı",
  "loading":"Yükleniyor...",
  "selling":"Satış...",
  "quick_sell":"__amount__'ye Hızlı Sat",
  "instant_sell":"__amount__'ye Anında Sat",
  "starting_at":"Başlangıç",
  "hardwareads":"Donanım Reklamı",
  "homepage_tabs":"Anasayfa Sekmeleri",
  "store":"Mağaza",
  "view_in":"Görüntüle",
  "drm_third_party":"Uyarı: Bu oyun 3. parti DRM kullanıyor",
  "stores":"Mağazalar",
  "game_transactions":"Oyun İçi Alımlar",
  "after_coupon":"Şu kupon ile:",
  "games_installed":"Yüklü Oyunlar",
  "hours_short":"__hours__ saat",
  "faqs":"Sıkça Sorulan Sorular",
  "spam_comment_show":"Bu sayfadaki  __num__  spam yorumu gizlendi. Görmek için buraya tıklayın.",
  "dlc":"İndirilebilir İçerik",
  "add_to_wishlist":"İstek listene ekle",
  "language":"Dil",
  "theworddefault":"Varsayılan",
  "coupon_learn_more":"Steam Kuponları hakkında <a href=\"https://support.steampowered.com/kb_article.php?ref=4210-YIPC-0275\">daha fazla</a> bilgiye sahip olun",
  "show":"Göster",
  "badges_all":"Tüm Rozetler",
  "comparison_mode":"Oyun kıyaslamasını görmek için tüm oyunlarda genel bakışı aktif et",
  "search":"Arama",
  "es_supporter":"Enhanced Steam Destekçisi",
  "view_to_scale":"Ölçekli görüntüle",
  "videos":"Videolar/Fragmanlar",
  "community":"Topluluk",
  "dlc_data_header":"İndirilebilir İçerik Ayrıntıları",
  "graphics":"Grafikler",
  "trading_cards":"Steam Koleksiyon Kartları",
  "view_badge":"Rozeti Göster",
  "purchase_total":"Satın alma toplamı",
  "view_foil_badge":"Parlak Rozet İlerlemesine Bak",
  "view_astats":"Astats Sayfasına Bak",
  "apppage_purchase":"Satın Alma Seçenekleri",
  "search_error_retry":"Buraya tıklayarak yeniden deneyin",
  "contribute":"Katkıda Bulun (GitHub)",
  "reviews":"İncelemeler",
  "read_reviews":"Değerlendirmeleri Oku",
  "read_more_reviews":"Daha fazla değerlendirme oku:",
  "size":"Boyut",
  "package_info":"Paket Bilgisi",
  "badge_completion_avg":"Ortalama Tamamlama Tutarı",
  "using_store":"Steam mağazasını __current__ bölgesinde kullanıyorsunuz.",
  "volume_sold_last_24":"Miktar: Son 24 saatte __sold__ tane satıldı",
  "sold_last_24":"Son 24 saatte __sold__ tane satıldı",
  "homepage_sidebar":"Kenar çubuğu",
  "drop_calc":"Kalan düşecek kartları hesaplamak için tıklayın",
  "price":"Fiyat",
  "view_marketplace":"Pazar'a Bak",
  "market_transactions":"Pazar İşlemleri",
  "card_drops_remaining":"__drops__ kart düşürme hakkınız kaldı",
  "badges_drops":"Düşürülecek Kartı Kalan Rozetler",
  "using_language_return":"Buraya tıklayarak Steam'i __base__ dilinde görüntüleyin.",
  "spam_comment_warn":"Burada ejderhalar olacak...",
  "guides":"Rehberler",
  "buy_wishlist":"İstek Listesindekileri Satın Al",
  "highlight":"Vurgula",
  "save":"Kaydet",
  "not":"__tag__ değil",
  "add_to_cart":"Sepete Ekle",
  "view":"Görüntüle",
  "games_all":"Tüm Oyunlar",
  "permalink":"Kalıcı Bağlantı",
  "game_name":"Oyun Adı",
  "gift_transactions":"Hediye İşlemleri",
  "demos":"Demolar",
  "notinterested":"İlgilenmiyorum olarak işaretlenmiş öğeler",
  "mixed_item":"Karışık olarak değerlendirilmiş öğeler",
  "negative_item":"Olumsuz değerlendirilmiş öğeler",
  "price_above":"Bu fiyattan daha pahalı öğeler",
  "price_above_tooltip":"Ücretsiz veya fiyat etiketi olmayan eşyalar için bu değeri sıfır girin; bu özelliği devre dışı bırakmak için bu alanı boş bırakın",
  "news":"Haberler",
  "check_system":"Sisteminize Bakın",
  "viewinclient":"Steam İstemcisi'nde Göster",
  "custom_background":"Özel Arkaplan",
  "custom_style":"Özel Tema",
  "custom_style_help":"Enhanced Steam kullanan tüm kullanıcılar bu temayı profilinizde görecektir. Kullanmayanlar ise burada yapılan hiçbir değişikliği göremez.",
  "noneselected":"Hiçbiri Seçili Değil / Hiç Değişiklik Yok",
  "most_drops":"En Çok Düşenler",
  "badge_foil_progress":"Parlak Rozet İlerlemesine Bak",
  "net_gain":"Net kazanç",
  "apppage_legal":"Yasal Bilgiler",
  "acrtag_msg":"Bu öğenin bazı ülkeler arasında takaslanması kısıtlanmıştır",
  "bug_feature":"Hata Bildir / Özellik Öner",
  "always":"Her zaman",
  "compare":"Karşılaştır",
  "discount":"İndirim",
  "discountper":"İndirim Yüzdesi",
  "discountabs":"İndirim Tutarı",
  "rating_details":"Değerlendirme detaylarını gör",
  "drops_worth_avg":"Tahmini Değer",
  "using_store_return":"Buraya tıklayarak __base__ mağazasına geri dönün.",
  "family_sharing_notice":"<b>Uyarı:</b> Bu oyun Steam Aile Paylaşım Servisine dahil değildir.",
  "valid":"Geçerli",
  "price_options":"Ödeme Seçenekleri",
  "no_results_found":"Sonuç bulunamadı",
  "visit_store":"Mağaza Sayfasına Git",
  "all":"Hepsi",
  "total_spent":"Toplam Harcanan",
  "games_with_drops":"Kart düşürülebilen __dropsgames__ oyun",
  "binder_view":"Katalog Görünümü",
  "view_stats":"İstatistikleri göster",
  "using_language":"Steam'i __current__ dilinde geziyorsunuz.",
  "popular":"Popüler",
  "visit_trade_forum":"Takas Forumunu Ziyaret Et",
  "software":"Yazılım",
  "purchase_date":"(__date__ tarihinde satın alındı)",
  "custom_background_help":"Enhanced Steam sahibi bütün kullanıcılar bu arkaplanı görecek. Enhanced Steam'e sahip olmayan normal kullanıcılar ise profilinizdeki normal arkaplanınızı görecek.",
  "date_unlocked":"Açılma Tarihi",
  "view_badge_foil":"Folyo Rozeti Göster",
  "net_spent":"Net harcanan",
  "homepage_carousel":"Atlıkarınca",
  "acrtag_tooltip":"Bu eşya Doğu Avrupa, Güney Amerika veya Güneydoğu Asya'da satın alındıysa takas edilemez",
  "official_group":"Resmi Grup",
  "saved":"Kaydedildi",
  "add_unowned_dlc_to_cart":"Sahip olmadığım DLC'leri sepete ekle",
  "buy":"Satın al",
  "buy_package":"__package__ satın al",
  "more_information":"Daha Fazla Bilgi",
  "games_discount":"İndirimde Olan Oyunlar",
  "region_unavailable":"Bu bölgede mevcut değil",
  "item_type":"Eşya Türü",
  "avg_price_3cards":"3 takas kartı için en fazla fiyat",
  "mods":"Modlar",
  "empty_wishlist":"İstek listesini temizle",
  "empty_wishlist_confirm":"İstek listeni boşaltmak istediğine emin misin?\nBu işlem geri alınamaz!",
  "empty_wishlist_loading":"İstek listeniz boşaltılıyor, lütfen bekleyin...",
  "about":"Hakkında",
  "never":"Asla",
  "coupon_available":"Bir kupona sahipsiniz!",
  "info":"Bilgi",
  "launch_random":"Rastgele Bir Oyun Başlat",
  "play_game":"__gamename__ oyna?",
  "drops_value":"En Yüksek Düşme Değeri",
  "notcommon_label":"Sahip olduğun oyunları gizle",
  "show_all_steam_releases":"Steam'de çıkanların tümünü göster",
  "wishlist":"İstek Listesi",
  "on_wishlist":"İstek Listesinde",
  "notdiscounted":"İndirimde olmayan öğeler",
  "cancel":"İptal",
  "wiki_article":"__pcgw__ Makalesini Gör",
  "view_all":"TÜMÜNÜ GÖR",
  "programming":"Programlama",
  "historical_low":"Şimdiye kadarki en düşük fiyat",
  "games_with_booster":"Hızlandırma Paketi düşürmeye uygun __boostergames__ oyun",
  "sort_by":"Şuna göre sırala:",
  "lastonline":"Son Çevrimiçi",
  "edit_price":"Fiyatı Düzenle",
  "relist":"Yeniden listele",
  "relist_an_item":"Bir ürünü yeniden listele",
  "relist_text":"Bu öğeyi daha düşük bir fiyata relist ister misiniz?",
  "search_market":"Steam Topluluk Marketinde Ara",
  "drm_third_party_sub":"Uyarı: Bu paketteki bir veya daha çok içerik üçüncü parti DRM kullanıyor",
  "customize":"Özelleştir",
  "custom":"Özel",
  "bundle_saving_text":"Bu paketi satın aldığınızda yakalayacağınız avantaj",
  "thewordoptions":"Seçenekler",
  "concepts":"Konseptler",
  "collections":"Koleksiyonlar",
  "discussions":"Tartışma Grupları",
  "add_wishlist_note":"İstek listesi notu ekle",
  "update_wishlist_note":"İstek listesi notunuzu güncelleyin",
  "add_wishlist_note_prompt":"İstek listesi notunuzu girin",
  "update_wishlist_note_prompt":"İstek listesi notunuzu güncelleyin",
  "results":"__num__ Sonuç",
  "all_results":"Tüm __num__ sonuç listelendi",
  "see_more":"Daha Fazlasını Gör",
  "lowest_price_format":"__store__ üzerindeki fiyat __price__",
  "historical_low_format":"__price__, __store__ __date__ tarihinde",
  "favorited":"Favorilere eklendi",
  "followed":"Takip edildi",
  "leave_group_selected":"Seçili Gruplardan Ayrıl",
  "leave_group_all":"Tüm Gruplardan Ayrıl",
  "leave_group_all_confirm":"TÜM GRUPLARDAN ayrılıyorsun!\nDevam etmek istiyor musun?",
  "leave_group_admin_confirm":"__groupname__ grubunda yöneticisin\nAyrılmak istediğinden emin misin?",
  "wrong_try_again":"Bir hata oluştu. Lütfen tekrar deneyin.",
  "join_group":"Gruba Katıl",
  "chat":"Sohbet",
  "web_browser_chat":"Web tarayıcısında sohbet",
  "steam_client_chat":"Steam Uygulamasında Sohbet",
  "available":"Uygun",
  "set_as_background":"Arka Plan Olarak Ayarla",
  "preview_background":"Arka Planı Önizle",
  "details":"Detaylar",
  "expand_slider":"Kaydırıcıyı genişlet",
  "contract_slider":"Kaydırıcıyı daralt",
  "early_access":"Erken Erişim",
  "filter_games":"Oyunları filtrele",
  "note_for":"Şu oyun için not:",
  "show_wishlist_total":"İstek listesi toplamını göster",
  "tag_short":"Alanı kazanmak için kısa etiketleri kullanın",
  "no_price_data":"Fiyat bilgisi bulunamadı",
  "exclude_tags":"Etiketleri hariç tut",
  "user_score":"Kullanıcı Puanı",
  "user_reviews":"Kullanıcı incelemeleri",
  "review_summary":"__num__ kullanıcının yüzde __percent__ kısmı bu oyunu olumlu değerlendirdi.",
  "market_popular_items_toggle":"Popüler Eşyalar için güncellemeyi aç/kapat",
  "achievements":{
    "option":"Başarımları mağaza sayfalarında göster",
    "achievements":"Başarımlar",
    "includes":"__num__ Steam Başarımı İçeriyor",
    "view_all":"Bütün Başarımları Göster"
  },
  "bundle":{
    "offer_ends":"Teklifin Bitiş Zamanı",
    "at_least":"En Az Şu Kadar Öde",
    "pwyw":"İstediğin Kadar Öde",
    "includes":"__num__ adet öge içerir",
    "tier_includes":"__tier__ (__price__) __num__ öğe içerir",
    "tier":"Aşama __num__",
    "header":"Bu oyunu içeren paketler",
    "info":"Bundle Bilgisi",
    "bundle_count":"Bu oyunun bir paket içerisinde bulunma sayısı"
  },
  "charts":{
    "peakall":"tüm zamanlardaki en yüksek zirve",
    "current":"Şu Anki Oyuncular",
    "playing_now":"şimdi oynuyor",
    "peaktoday":"bugünün zirvesi"
  },
  "hltb":{
    "title":"How Long to Beat",
    "main_e":"Ana Hikaye ve Ekstralar",
    "compl":"Tamamlayıcı",
    "submit":"Zamanınızı Gönderin",
    "main":"Ana Hikaye",
    "no_data":"Veri bulunamadı",
    "help":"Yardım için buraya tıklayın",
    "wrong":"Yanlış oyun?"
  },
  "library":{
    "in_library":"Kütüphanede",
    "error_loading_library":"Kütüphaneniz yüklenemedi.",
    "categories":"Kategoriler...",
    "genres":"Türler",
    "private_profile":"Bu özelliği kullanabilmek için <a href='http://steamcommunity.com/my/edit/settings'>ayarlardan</a> profilinizi herkese açık olarak değiştirin."
  },
  "spy":{
    "player_data":"Oyuncu Verileri",
    "owners":"Sahipleri",
    "players_total":"Toplam oyuncu",
    "players_2weeks":"Son iki hafta içinde oyuncular",
    "average_playtime":"Ortalama oynama süresi",
    "average_playtime_2weeks":"Son iki haftada ortalama oynama süresi",
    "formatted_time":"__hours__ saat, __minutes__ dakika"
  },
  "options":{
    "wsgf":"WSGF (Geniş Ekran) bilgisini göster",
    "version_show":"Enhanced Steam eklentisi güncellendikten sonra yenilikleri göster",
    "steamcardexchange":"Rozetlerde SteamCardExchange bağlantılarını göster",
    "regional_price":"Bölgesel Fiyat Karşılaştırması",
    "acrtag":"Ülkeler arası takas yapılamayan öğeler üzerinde uyarı göster",
    "excludef2p":"Oynaması ücretsiz oyunları vurgulama",
    "contscroll":"Arama sonuçlarında sürekli kaydırmaya izin ver",
    "profile_link_images_none":"Hiçbiri",
    "replace_account_name":"Hesap ismini topluluk ismiyle değiştir",
    "profile_links":"Gösterilecek profil bağlantıları",
    "library_header":"Kütüphane (BETA)",
    "tag":"Etiketle",
    "icon":"Simge",
    "name":"İsim",
    "show_alternative_linux_icon":"Alternatif Linux simgesini göster",
    "showcomparelinks":"Arkadaş aktiviteleri beslemesinde, başarımlar için \"Kıyaslama\" linklerini göster.",
    "hidetmsymbols":"Oyun başlıklarında Ticari Marka ve Telif Hakkı sembolleri",
    "metacritic":"Metacritic kullanıcı puanlarını göster",
    "opencritic":"Opencritic.com bilgisini göster",
    "hideactivelistings":"Pazar anasayfasındaki tüm aktif listelemeleri gizle",
    "clear":"Bütün seçenekleri sıfırlamak istediğinizden emin misiniz? Tekrar geri alamazsınız.",
    "profile_api_info":"Profillerde kullanıcı API bağlantısını göster",
    "coupon":"Kuponlu öğeler",
    "show_package_info":"Tüm uygulamalar için paket bilgisini göster",
    "wlbuttoncommunityapp":"Kullanıcı topluluk uygulamasında \"İstek Listesine Ekle\" düğmesini göster",
    "removeguideslanguagefilter":"Kullanıcı diline göre kılavuzları otomatik filtreleme",
    "disablelinkfilter":"Dış sitelerine erişirken onayı devre dışı bırak",
    "regional_price_on":"Karşılaştırmada bölgesel fiyatları göster",
    "cart":"Sepetinizdeki ürünler",
    "friends_own":"Arkadaşlarının sahip oldukları öğeler",
    "drm":"3. Parti DRM uyarılarını göster",
    "profile_permalink":"Profillerde kalıcı bağlantı göster",
    "show_regionwarning":"Hesap dışı bir bölgede geziyorsam uyar",
    "foot_link":"Enhanced Steam Eklentisi",
    "profile_link_images":"Profil bağlantı resimleri",
    "library":"Kütüphane düğmesini başlıkta göster",
    "show1clickgoo":"Uygulanabilir envanter eşyalarında \"Tek tıkla Cevher'e Dönüştür\" düğmesini göster",
    "hidedlcunownedgames":"Oyunların sahip olmadığın DLC'leri",
    "hltb":"HowLongToBeat.com bilgisini göster",
    "hidespamcomments":"Atölye ve profillerde gereksiz yorumları sakla",
    "hide_owned":"Arama sonuçlarında ve etiket sayfalarında sahip olduğunuz öğeler",
    "reset":"Seçenekleri sıfırla",
    "api_key":"API Anahtarı",
    "gift":"Hediye olarak depolanan öğeler",
    "show_sysreqcheck":"Uygulama sayfalarında sistem gereksinimleri düğmesini göster (Deneysel!)",
    "es_bg":"\"Profili Düzenle\" ekranında özel arkaplan ayarla",
    "regional_price_mouse":"Fare üzerine geldiğinde",
    "friends_rec":"Arkadaşlar tarafından önerilenler",
    "lowestprice_header":"Fiyat Geçmişi Bilgisi",
    "total_spent":"Hesap sayfasında toplam harcamayı göster",
    "add_wallet_balance":"Steam Cüzdan Bakiyesini başta göster",
    "add_to_cart_wishlist":"İstek Listesi'nde \"Sepete Ekle\" düğmesini göster",
    "about_text":"<a href='http://www.enhancedsteam.com'>Enhanced Steam</a> hakkında:<p>Enhanced Steam, Steam web sitesine birçok özellik kazandıran bir Google Chrome uzantısıdır.<p>Bazı özellikler:<ul><li>Sahip olunan oyunları vurgulama</li><li>İstek listesindeki oyunları vurgulama</li><li>Sahip olduğunuz oyunlara göre bundle fiyatını doğru hesaplama</li><li>Steam'de şu ana kadar ne kadar para harcandığını gösterme</li><li>Oyun sayfasında sahip olunan DLC'leri vurgulama</li><li>İstek listesindeki herhangi bir oyun veya DLC ikonu için \"Görüntü bulunamadı\" hatasını düzeltme</li><li>3. parti DLC'ye sahip oyunları gösterme</li></ul><p>Eğer bu uzantıyı yararlı bulduysanız, lütfen bağış yapmayı düşünün.",
    "stores_all":"Bütün mağazaları karşılaştır",
    "show_early_access_text":"Erken Erişim simgesini göster",
    "author_info":"jshackles tarafından",
    "profile_link_images_gray":"Gri Tonlama",
    "quickinv":"Envanterdeki Steam Topluluk eşyalarında Hızlı Satış düğmelerini göster",
    "quickinv_diff":"Hızlı Sat değiştiricisi:",
    "library_f2p":"Ücretsiz oyunları ve demoları kütüphanede göster",
    "inventory_market_text":"Envanter Sayfasında Pazar Fiyatını Göster (Deneysel!)",
    "send_age_info":"Yaş doğrulaması istendiğinde otomatik olarak gönder",
    "pcgw":"PCGamingWiki bağlantılarını göster",
    "store_steamcards":"Mağaza sayfalarında SteamCardExchange bağlantılarını göster",
    "spamcommentregex":"Normal İfade dizisi:",
    "hide_owned_homepage":"Ana sayfada sahip olduğunuz öğeler",
    "saved_note":"Seçenekler kaydedildi",
    "regional_hideworld":"Dünya göstergesini gizle",
    "show_astatslink":"AStats bağlantısını uygulama sayfalarında göster",
    "showclient":"Yerel Steam bağlantılarını göster",
    "guest":"Misafir girişine sahip olduklarınız",
    "show_steamchart_info":"SteamCharts.com bilgisini göster",
    "show_steamspy_info":"Steamspy.com bilgisini göster",
    "showallachievements":"\"Tüm Oyunlar\" sayfasında başarım istatistiklerini göster",
    "lowestprice_onwishlist":"İstek Listesinde Göster",
    "steamrepapi":"SteamRep durumunu profil sayfalarında göster",
    "header":"Başlık",
    "lowestprice":"Göster",
    "group_events":"Grup genel bakışında, etkinlikleri göster",
    "changelog":"Değişiklikler:",
    "owned":"Sahip olduğunuz öğeler",
    "steamdb":"SteamDB bağlantılarını göster",
    "hide_early_access":"Erken Erişilebilir oyunları anasayfa ve arama sayfalarında sakla",
    "reset_note":"Seçenekleri sıfırla",
    "html5video":"Videoları Flash yerine HTML5 kullanarak göster",
    "profiles_link_group_game":"Oyuna özgü",
    "friends_wishlist":"Arkadaşların İstek Listesindekiler",
    "showspeechsearch":"Konuşma girdisinin arama çubuklarına ekle",
    "profile_link_images_color":"Renkli",
    "hide_about":"\"Hakkında\" bağlantısını gizle",
    "show_empty_wishlist":"\"İstek Listesi'ni Boşalt\" düğmesini göster",
    "inventory_nav_text":"Envanter sayfasında gelişmiş navigasyon göster",
    "carousel_description":"Öne çıkanlar sayfasındaki uygulamaların açıklamalarını göster",
    "market_total":"Pazar sayfasında, işlem özetini göster",
    "hide_install":"\"Steam Yükleyin\" düğmesini gizle",
    "lowestprice_coupon":"Fiyat karşılaştırmasına kuponları dahil et",
    "general":"Genel",
    "market":"Pazar",
    "inventory":"Envanter",
    "profile":"Profil",
    "show_languagewarning":"Şu dilin dışında geziniliyorsa uyarı göster",
    "homepage":"Anasayfa",
    "homepage_default_tab":"Varsayılan ana sayfa sekmesi",
    "homepage_default_tab_remember":"Öncekini Hatırla",
    "homepage_default_tab_newreleases":"Popüler Yenilikler",
    "homepage_default_tab_allreleases":"Tüm Yeni Sürümler",
    "homepage_default_tab_topsellers":"Çok Satanlar",
    "homepage_default_tab_upcoming":"Yakında",
    "homepage_default_tab_specials":"Kampanyalar",
    "wishlist":"İstek listenizdeki öğeler",
    "add_another_region":"Ekle",
    "skip_got_steam":"'Steam'iniz var mı?' penceresini atla",
    "store_general_thirdparty":"3. parti sitelerden bilgi için seçenekler",
    "purchase_dates":"Uygulamaların satın alım tarihini mağaza sayfasında göster",
    "show_badge_progress":"Mağaza sayfalarında uygulamalarla ilgili rozet ilerlemesini göster",
    "show_wishlist_link":"Profillerde bir İstek Listesi bağlantısı göster",
    "show_wishlist_count":"İstek Listesi'ndeki öge sayısını göster",
    "lang":{
      "english":"İngilizce",
      "brazilian":"Portekizce-Brezilya",
      "bulgarian":"Bulgarca",
      "czech":"Çekce",
      "danish":"Danca",
      "dutch":"Flemenkçe",
      "finnish":"Fince",
      "french":"Fransızca",
      "greek":"Yunanca",
      "german":"Almanca",
      "hungarian":"Macarca",
      "italian":"İtalyanca",
      "japanese":"Japonca",
      "koreana":"Korece",
      "norwegian":"Norveççe",
      "polish":"Lehçe",
      "portuguese":"Portekizce",
      "russian":"Rusça",
      "romanian":"Rumence",
      "schinese":"Basitleştirilmiş Çince",
      "spanish":"İspanyolca",
      "swedish":"İsveççe",
      "tchinese":"Geleneksel Çince",
      "thai":"Tayca",
      "turkish":"Türkçe",
      "ukrainian":"Ukraynaca"
    }
  },
  "ready":{
    "errormsg":"Enhanced Steam verilerini yüklerken hata oluştu",
    "loading":"Enhanced Steam verileri yüklüyor...",
    "ready":"Enhanced Steam hazır",
    "failed":"Bir veya daha fazla istek başarısız oldu"
  },
  "twitch":{
    "now_streaming":"__username__ Twitch üzerinden canlı yayın yapıyor",
    "viewers":"İzleyiciler",
    "followers":"Takipçiler",
    "views":"Görüntüleme"
  },
  "survey":{
    "performance_survey":"Performans Araştırması",
    "users":"__users__ kullanıcı bu oyun için performans araştırmasını tamamladı",
    "framerate":"Kare hızı",
    "framerate_response":"kare hızı için şöyle dedi:",
    "framerate_30":"30fps sabit veya daha düşük",
    "framerate_fi":"30fps'den daha yükseğe sabitlenmiş",
    "framerate_va":"değişken, donanıma bağlı",
    "resolution":"Çözünürlük",
    "resolution_support":"Bu oyunun",
    "resolution_less":"__pixels__ çözünürlüğünden daha düşük desteği var",
    "resolution_up":"__pixels__ çözünürlüğüne kadar desteği var gibi görünüyor",
    "graphics_settings":"Grafik Ayarları",
    "satisfaction":"GPU'ya göre Performans Memnuniyeti",
    "gs_y":"Yerleşik grafik seçenekleri ya da bir grafik menüsü mevcut",
    "gs_n":"Yerleşik grafik seçenekleri veya bir grafik menüsü yok",
    "nobody":"Hiç kimse henüz bu oyun için performans araştırmasını almamıştır",
    "take":"Anketimize Katılın"
  },
  "select":{
    "wishlisted_dlc":"İstek Listesindeki DLC'yi seç",
    "none":"Hiçbirini Seçme",
    "unowned_dlc":"Sahip olunmayan DLC Seç"
  },
  "tag":{
    "wishlist":"İstek Listesi",
    "friends_own":"__friendcount__ kişi sahip",
    "coupon":"Kupon",
    "friends_rec":"<a href=\"http://store.steampowered.com/recommended/byfriends/__appid__\">__friendcount__ kişi öneriyor",
    "inv_gift":"Hediye",
    "inv_guestpass":"Misafir girişi",
    "owned":"Sahipsiniz",
    "notinterested":"İlgilenmiyorum",
    "friends_want":"<a href=\"http://steamcommunity.com/my/friendsthatplay/__appid__\">__friendcount__ kişi istiyor</a>"
  },
  "wallet":{
    "custom_amount":"Farklı bir miktar ekle",
    "custom_amount_text":"__minamount__ üzerine herhangi bir miktar ekle"
  },
  "wsgf":{
    "incomplete":"Tamamlanmamış",
    "unsupported":"Bu puan; oyunun __type__ desteği olmaması nedeniyle verilmiştir. Oyun __type__ üzerinde çalışmayabilir ya da görüntünün ekrana sığması için genişletilmiş olabilir. Doğru en boy oranı korunmuyor.",
    "gold":"Bu madalya; söz konusu oyunun __type__ desteği ve __type__ onaylı olması nedeniyle aldığı yüksek puanlamalardan dolayı, WSGF tarafından verilmiştir.",
    "silver":"Bu madalya; söz konusu oyunun 2. sınıf __type__ desteği nedeniyle verilmiştir. Bütün bu oyunların büyük kusurları olmamasıyla beraber sadece ufak hatalardan dolayı tam puanlık bir ödüle layık görülememişlerdir.",
    "limited":"Bu madalya; söz konusu oyunun 3. sınıf __type__ desteği nedeniyle verilmiştir. Bu oyunların __type__ desteği olmasına rağmen azımsanamayacak derecede hataları bulunmaktadır.",
    "certifications":"WSGF Geniş Ekran Sertifikası"
  },
  "itad":{
    "option":"IsThereAnyDeal.com ile verileri eşitlemek için menü seçeneği göster",
    "send_to_itad":"Sahip olunan oyunları IsThereAnyDeal'a gönder",
    "sending":"Sahip olduğunuz oyunlar ve paketler yükleniyor ve IsThereAnyDeal.com'a gönderiliyor"
  },
  "tradeoffer":{
    "num_item":"__num__ öğe",
    "num_items":"__num__ öğe"
  },
  "update":{
    "dont_show":"Tekrar Gösterme",
    "updated":"Enchanced Steam __version__ sürümüne güncellendi",
    "changes":"Bu sürüm şu değişiklikleri içeriyor"
  },
  "register":{
    "success":"__gamename__ başarıyla etkinleştirildi",
    "owned":"Bu Steam hesabı zaten bu teklifteki ürün(ler)e sahip.",
    "notavail":"Üzgünüz, ancak bu ürün ülkenizde satılmamaktadır. Ürün anahtarınız kullanılamadı.",
    "invalid":"Girdiğiniz ürün kodu geçersiz. Lütfen yanlış yazmadığınızdan emin olmak için tekrar kontrol edin.",
    "already":"Girdiğiniz ürün kodu zaten farklı bir Steam hesabında etkinleştirilmiş.",
    "dlc":"Girdiğiniz ürün kodu etkinleştirilmeden önce başka bir ürün sahibi olmanız gerekiyor.",
    "wallet":"Girdiğiniz kod bir Steam Hediye Kartı ya da Steam Cüzdan Kodu'na ait",
    "toomany":"Bu hesaptan çok fazla etkinleştirme denemesinde bulunuldu. Lütfen bekleyin ve daha sonra tekrar deneyin.",
    "default":"Beklenmeyen bir hata oluştu. Ürün kodunuz kullanılamadı. Lütfen 30 dakika bekleyip kodu kullanmayı tekrar deneyin."
  }
}