{
    "post_history": "Xem lịch sử bài đăng",
    "add_nickname": "Thêm biệt hiệu",
    "total_size": "Tổng kích thước",
    "dlc_details": "Chi tiết về DLC",
    "badge_not_unlocked": "Chưa mở khóa",
    "each": "Mỗi",
    "view_in_market": "Xem trong Chợ Cộng đồng",
    "homepage_spotlight": "Điểm tin",
    "official_group_url": "steamcommunity.com/groups/enhancedsteam",
    "remove": "Gỡ bỏ",
    "get_help": "Nhận Hỗ trợ",
    "add_selected_dlc_to_cart": "Thêm DLC được chọn vào giỏ",
    "credits": "Những người đóng góp",
    "store_transactions": "Game đã Mua",
    "activates": "Kích hoạt trên Steam",
    "games_coupon": "Game có áp dụng Phiếu giảm giá",
    "all_friends_own": "Tất cả những người bạn đã sở hữu (__friendcount__)",
    "translate": "Dịch",
    "search_names_only": "Chỉ tìm kiếm theo tên",
    "packs": "Gói",
    "remove_owned_wishlist": "Xoá game đã có khỏi danh sách ưa thích",
    "donate": "Ủng hộ",
    "close": "Đóng",
    "error": "Xuất hiện lỗi",
    "go": "Đi tới",
    "activate": "Kích hoạt key",
    "activate_multiple_header": "Nhập key ở phía dưới, mỗi một key một dòng",
    "activate_multiple": "Kích hoạt nhiều key một lúc",
    "activate_products": "Kích hoạt key",
    "coupon_application_note": "Phiếu giảm giá trong kho sẽ tự động được dùng khi thanh toán.",
    "hide": "Ẩn đi",
    "cards_owned": "__owned__ của __possible__ thẻ đã sở hữu",
    "common_label": "Ẩn game bạn không sở hữu",
    "birthday_message": "Chúc mừng Sinh nhật, __username__! Tài khoản Steam của bạn đã tròn __age__ tuổi.",
    "buying_total": "Mua tất cả",
    "allreleases_products": "Chọn loại sản phẩm mà bạn muốn thấy trong mục này",
    "library_menu": "Library",
    "clear_cache": "Xóa dữ liệu cache",
    "events": "Events",
    "translation": "Dịch",
    "lowest": "Thấp nhất",
    "lowest_price": "Giá thấp nhất hiện tại",
    "view_badge_progress": "Xem tiến độ huy hiệu",
    "badge_progress": "Tiến độ Huy hiệu",
    "sales_total": "Tổng số giảm được",
    "hold_total": "Tổng số đang bị giữ",
    "view_normal_badge": "Xem Tiến độ Huy hiệu Thường",
    "community_name_account_header": "Tài khoản của __username__",
    "apppage_sections": "Chọn mục mà bạn muốn thấy trong trang này",
    "search_error": "Xuất hiện lỗi khi tải thêm kết quả tìm kiếm",
    "website": "Trang chủ Enhanced Steam",
    "games": "Game",
    "total_time": "Tổng thời gian",
    "dlc_suggest": "Đề xuất thêm mục mới",
    "badge_completion_cost": "Chi phí để hoàn thành huy hiệu",
    "loading": "Đang nạp...",
    "selling": "Đang giao dịch...",
    "quick_sell": "Bán Nhanh __amount__ món",
    "instant_sell": "Bán Ngay lập tức __amount__ món",
    "starting_at": "Bắt đầu từ",
    "hardwareads": "Quảng cáo phần cứng",
    "homepage_tabs": "Tab Trang chủ",
    "store": "Cửa hàng",
    "view_in": "Xem ở",
    "drm_third_party": "Cảnh báo: Có sử dụng trình Quản Lý Bản Quyền của bên thứ 3",
    "stores": "Cửa hàng",
    "game_transactions": "Mua hàng Trong Ứng dụng",
    "after_coupon": "sau mã giảm giá",
    "games_installed": "Game đã được Cài đặt",
    "hours_short": "__hours__ giờ",
    "faqs": "Những Câu hỏi Thường gặp",
    "spam_comment_show": "__num__ bình luận spam được ẩn.  Ấn vào đây để hiển thị.",
    "dlc": "DLC",
    "add_to_wishlist": "Thêm vào danh sách ưa thích",
    "language": "Ngôn ngữ",
    "theworddefault": "Mặc định",
    "coupon_learn_more": "<a href=\"https://support.steampowered.com/kb_article.php?ref=4210-YIPC-0275\">Tìm hiểu thêm</a> về phiếu giảm giá Steam",
    "show": "Hiển thị",
    "badges_all": "Tất cả các Huy hiệu",
    "comparison_mode": "Bật tổng quan tất cả các game để so sánh",
    "search": "Tìm kiếm",
    "es_supporter": "Hỗ trợ từ Enhanced Steam",
    "view_to_scale": "View to scale",
    "videos": "Video / Trailers",
    "community": "Cộng đồng",
    "dlc_data_header": "Chi tiết về DLC",
    "graphics": "Đồ hoạ",
    "trading_cards": "Thẻ Trao đổi Steam",
    "view_badge": "Xem Huy hiệu",
    "purchase_total": "Tổng tiền",
    "view_foil_badge": "Xem Tiến độ Huy hiệu Hiếm",
    "view_astats": "Xem trang AStats",
    "apppage_purchase": "Tuỳ chọn Thanh toán",
    "search_error_retry": "Ấn vào đây để thử lại",
    "contribute": "Đóng góp (GitHub)",
    "reviews": "Đánh giá",
    "read_reviews": "Xem Đánh giá",
    "read_more_reviews": "Đọc thêm đánh giá tại",
    "size": "Kích thước",
    "package_info": "Thông tin gói hàng",
    "badge_completion_avg": "Chi phí trung bình để hoàn thành",
    "using_store": "Bạn đang dùng Steam ở khu vực __current__.",
    "volume_sold_last_24": "Thị trường: __sold__ được bán trong 24 giờ qua",
    "sold_last_24": "__sold__ được bán trong 24 giờ qua",
    "homepage_sidebar": "Thanh tiện ích",
    "drop_calc": "Nhấp vào đây để tính tỷ lệ rơi còn lại",
    "price": "Giá",
    "view_marketplace": "Xem qua chợ",
    "market_transactions": "Giao dịch tại chợ",
    "card_drops_remaining": "__drops__ thẻ còn có thể rớt",
    "badges_drops": "Huy hiệu Vẫn còn Thẻ có thể Rớt",
    "using_language_return": "Ấn vào đây để duyệt Steam bằng __base__.",
    "spam_comment_warn": "Có rồng...",
    "guides": "Hướng dẫn",
    "buy_wishlist": "Mua Ưa thích",
    "highlight": "Nổi bật",
    "save": "Lưu",
    "not": "Không phải __tag__",
    "add_to_cart": "Thêm vào Giỏ",
    "view": "Xem",
    "games_all": "Tất cả Game",
    "permalink": "Liên kết cố định",
    "game_name": "Tên Game",
    "gift_transactions": "Số quà đã mua",
    "demos": "Số demo",
    "notinterested": "Sản phẩm không quan tâm",
    "mixed_item": "Đánh giá trung bình",
    "negative_item": "Vật được đánh giá cao",
    "price_above": "Items that cost more than",
    "price_above_tooltip": "Nhập 0 cho mặt hàng miễn phí hoặc mặt hàng không có giá; để trống để vô hiệu hóa tính năng này",
    "news": "Tin tức",
    "check_system": "Kiểm tra hệ thống của bạn",
    "viewinclient": "Xem trên steam đã cài",
    "custom_background": "Nền tùy chỉnh",
    "custom_style": "Tuỳ chỉnh chủ đề",
    "custom_style_help": "All users of Enhanced Steam will see this theme on your profile.  Non-Enhanced Steam users will not see any theme changes made here.",
    "noneselected": "None Selected / No Change",
    "most_drops": "Most Drops",
    "badge_foil_progress": "Xem Tiến độ Huy hiệu Hiếm",
    "net_gain": "Net gain",
    "apppage_legal": "Legal Information",
    "acrtag_msg": "Trading between certain regions has been disabled for this item",
    "bug_feature": "Report Bug / Suggest Feature",
    "always": "Luôn luôn",
    "compare": "So sánh",
    "discount": "Giảm giá",
    "discountper": "Giảm giá (tỷ lệ phần trăm)",
    "discountabs": "Giảm giá (số tiền)",
    "rating_details": "See rating details",
    "drops_worth_avg": "Giá trị xấp xỉ",
    "using_store_return": "Click vào đây để quay trở lại cửa hàng __base__.",
    "family_sharing_notice": "<b>Chú ý:</b> Game này không áp dụng chính sách Steam Family Sharing.",
    "valid": "Hợp lệ",
    "price_options": "Tùy chỉnh giá",
    "no_results_found": "Không tìm thấy kết quả",
    "visit_store": "Truy cập Trang Cửa hàng",
    "all": "Toàn bộ",
    "total_spent": "Tổng số chi tiêu",
    "games_with_drops": "__dropsgames__ games with drops remaining",
    "binder_view": "Binder View",
    "view_stats": "Xem thống kê",
    "using_language": "Bạn đang duyệt Steam bằng __current__.",
    "popular": "Phổ biến",
    "visit_trade_forum": "Truy cập Diễn đàn Trao đổi",
    "software": "Phần mềm",
    "purchase_date": "(Đã mua ngày __date__)",
    "custom_background_help": "Tất cả những ai dùng tiện ích Enhanced Steam sẽ nhìn thấy thấy hình nền tuỳ chỉnh này này trên trang cá nhân của bạn.  Những ai không dùng thì sẽ thấy hình nền được cài mặc định.",
    "date_unlocked": "Ngày mở khóa",
    "view_badge_foil": "Xem Huy hiệu Hiếm",
    "net_spent": "Net spent",
    "homepage_carousel": "Carousel",
    "acrtag_tooltip": "This item cannot be traded between regions if purchased in Eastern Europe, South America, or South-East Asia",
    "official_group": "Diễn đàn chính thức",
    "saved": "Lưu",
    "add_unowned_dlc_to_cart": "Add unowned DLC to cart",
    "buy": "Mua",
    "buy_package": "Mua __package__",
    "more_information": "Thông tin thêm",
    "games_discount": "Game có áp dụng Phiếu giảm giá",
    "region_unavailable": "Không có sẵn trong khu vực này",
    "item_type": "Loại mục",
    "avg_price_3cards": "Giá trung bình của ba thẻ trao đổi",
    "mods": "Mod",
    "empty_wishlist": "Danh sách yêu thích trống",
    "empty_wishlist_confirm": "Bạn có chắc bạn muốn xóa toàn bộ danh sách mong ước của bạn? Hành động này không thể hoàn tác!",
    "empty_wishlist_loading": "Đang xóa danh sách mong ước của bạn, xin vui lòng chờ...",
    "about": "Giới thiệu",
    "never": "Không bao giờ",
    "coupon_available": "Bạn có một phiếu giảm giá thích hợp!",
    "info": "Thông tin",
    "launch_random": "Mở trò chơi bất kì",
    "play_game": "Chơi __gamename__?",
    "drops_value": "Giá trị giảm cao nhất",
    "notcommon_label": "Ẩn trò chơi mà bạn sở hữu",
    "show_all_steam_releases": "Hiển thị tất cả các phiên bản steam",
    "wishlist": "Danh sách mong ước",
    "on_wishlist": "Trong danh sách mong ước",
    "notdiscounted": "Mặt hàng không giảm giá",
    "cancel": "Hủy bỏ",
    "wiki_article": "Xem __pcgw__ bài viết",
    "view_all": "XEM TẤT CẢ",
    "programming": "Programming",
    "historical_low": "Giá thấp nhất lịch sử",
    "games_with_booster": "__boostergames__ games eligible for booster packs",
    "sort_by": "Phân loại theo:",
    "lastonline": "Lên mạng lần cuối",
    "edit_price": "Chỉnh sửa giá",
    "relist": "Relist",
    "relist_an_item": "Relist an item",
    "relist_text": "Would you like to relist this item at a lower price?",
    "search_market": "Search Steam Community Market",
    "drm_third_party_sub": "Cảnh báo: trong gói này yêu cầu sử dụng DRM của bên thứ 3",
    "customize": "Tùy chỉnh",
    "custom": "Tùy biến",
    "bundle_saving_text": "Here's what you save by buying this bundle",
    "thewordoptions": "Tùy chọn",
    "concepts": "Concepts",
    "collections": "Các Bộ Sưu Tập",
    "discussions": "Thảo luận",
    "add_wishlist_note": "Thêm vào danh sách mong ước",
    "update_wishlist_note": "Cập nhật danh sách mong ước",
    "add_wishlist_note_prompt": "Enter your wishlist note",
    "update_wishlist_note_prompt": "Update your wishlist note",
    "results": "__num__ Results",
    "all_results": "All __num__ results displayed",
    "see_more": "Xem thêm",
    "lowest_price_format": "__price__ at __store__",
    "historical_low_format": "__price__ at __store__ on __date__",
    "favorited": "Yêu thích",
    "followed": "Đã theo dõi",
    "leave_group_selected": "Thoat những nhóm được chọn",
    "leave_group_all": "Thoát toàn bộ nhóm",
    "leave_group_all_confirm": "Bạn có chắc muốn rời toàn bộ nhóm đang tham gia không?",
    "leave_group_admin_confirm": "Bạn là Admin của nhóm: __groupname__, bạn vẫn muốn rời?",
    "wrong_try_again": "Có sự cố. Xin vui lòng thử lại.",
    "join_group": "Tham gia nhóm",
    "chat": "Chat",
    "web_browser_chat": "Web browser chat",
    "steam_client_chat": "Steam Client chat",
    "available": "Khả dụng",
    "set_as_background": "Thiết lập nền",
    "preview_background": "Xem trước nền",
    "details": "Chi tiết",
    "expand_slider": "Expand slider",
    "contract_slider": "Contract slider",
    "early_access": "Early Access",
    "filter_games": "Lọc trò chơi",
    "note_for": "Note for",
    "show_wishlist_total": "Show wishlist Total",
    "tag_short": "Use short tags to save space",
    "no_price_data": "No price data available",
    "exclude_tags": "Exclude tags",
    "user_score": "Thành tích của người dùng",
    "user_reviews": "Đánh giá của người dùng",
    "review_summary": "__percent__ of the __num__ user reviews for this game are positive.",
    "market_popular_items_toggle": "Toggle live updating for Popular Items",
    "achievements": {
        "option": "Show achievement completion on store pages",
        "achievements": "Achievements",
        "includes": "Includes __num__ Steam Achievements",
        "view_all": "View All Achievements"
    },
    "bundle": {
        "offer_ends": "Offer ends",
        "at_least": "Pay At Least",
        "pwyw": "Pay What You Want",
        "includes": "Includes __num__ items",
        "tier_includes": "__tier__ (__price__) includes __num__ items",
        "tier": "Tier __num__",
        "header": "Bundles that include this game",
        "info": "Bundle Info",
        "bundle_count": "Number of times this game has been in a bundle"
    },
    "charts": {
        "peakall": "all-time peak",
        "current": "Current Players",
        "playing_now": "playing now",
        "peaktoday": "today's peak"
    },
    "hltb": {
        "title": "How Long to Beat",
        "main_e": "Main Story and Extras",
        "compl": "Completionist",
        "submit": "Submit Your Time",
        "main": "Main Story",
        "no_data": "No data found",
        "help": "Click here to help",
        "wrong": "Wrong game?"
    },
    "library": {
        "in_library": "Trong Thư Viện",
        "error_loading_library": "Couldn't load your library.",
        "categories": "Categories...",
        "genres": "Genres...",
        "private_profile": "Change your profile status to public <a href='http://steamcommunity.com/my/edit/settings'>in your settings</a> to use this feature."
    },
    "spy": {
        "player_data": "Dữ liệu người chơi",
        "owners": "Người sở hữu",
        "players_total": "Tổng số người chơi",
        "players_2weeks": "Số người chơi trong 2 tuần qua",
        "average_playtime": "Thời gian chơi trung bình",
        "average_playtime_2weeks": "Thời gian chơi trung bình trong hai tuần qua",
        "formatted_time": "__hours__ giờ, __minutes__ phút"
    },
    "options": {
        "wsgf": "Hiển thị thông tin WSGF (màn hình rộng)",
        "version_show": "Show change log when Enhanced Steam updates",
        "steamcardexchange": "Hiện liên kết SteamCardExchange trên huy hiệu",
        "regional_price": "So sánh giá cả khu vực",
        "acrtag": "Show warnings on items where cross region trading is disabled",
        "excludef2p": "Exclude free to play games from highlighting",
        "contscroll": "Enable continuous scrolling of search results",
        "profile_link_images_none": "Không xác định",
        "replace_account_name": "Replace account name with community name",
        "profile_links": "Hiển thị liên kết hồ sơ",
        "library_header": "Library (BETA)",
        "tag": "Nhãn",
        "icon": "Biểu tượng",
        "name": "Tên",
        "show_alternative_linux_icon": "Show alternative Linux icon",
        "showcomparelinks": "Show \"Compare\" links for achievements on friend activity feed",
        "hidetmsymbols": "Trademark and Copyright symbols in game titles",
        "metacritic": "Show Metacritic user scores",
        "opencritic": "Show Opencritic.com information",
        "hideactivelistings": "Hide all active listings on Market homepage by default",
        "clear": "Bạn có chắc bạn muốn đặt lại tất cả tùy chọn? Điều này không thể hoàn tác.",
        "profile_api_info": "Show user API link on profiles",
        "coupon": "Items with coupons",
        "show_package_info": "Show package info for all apps",
        "wlbuttoncommunityapp": "Show \"Add to Wishlist\" button on community app hubs",
        "removeguideslanguagefilter": "Don't automatically filter guides by user language",
        "disablelinkfilter": "Disable confirmation when accessing external sites",
        "regional_price_on": "Show regional price comparison",
        "cart": "Items in your cart",
        "friends_own": "Items your friends own",
        "drm": "Show 3rd-party DRM warnings",
        "profile_permalink": "Show permalink on profiles",
        "show_regionwarning": "Show warning if browsing in non-account region",
        "foot_link": "Enhanced Steam Extension",
        "profile_link_images": "Profile link images",
        "library": "Show Library button in header",
        "show1clickgoo": "Show \"1-Click turn into Gems...\" button on applicable inventory items",
        "hidedlcunownedgames": "DLC for games you do not own",
        "hltb": "Show HowLongToBeat.com information",
        "hidespamcomments": "Hide spam comments from Workshop & profiles",
        "hide_owned": "Items you own in search results and tag pages",
        "reset": "Reset options",
        "api_key": "API Key",
        "gift": "Items stored as gift",
        "show_sysreqcheck": "Show button to check system requirements on app pages (Experimental!)",
        "es_bg": "Set custom background on \"Edit Profile\" screen",
        "regional_price_mouse": "on Price Mouseover",
        "friends_rec": "Items your friends have reviewed",
        "lowestprice_header": "Price History Information",
        "total_spent": "Show total spent on account page",
        "add_wallet_balance": "Show Steam Wallet funds in header",
        "add_to_cart_wishlist": "Show \"Add to Cart\" button on Wishlists",
        "about_text": "<div class=\"header\">About <a href='http://www.enhancedsteam.com'>Enhanced Steam</a>:</div><p>Enhanced Steam is an Extension for Google Chrome that adds many new features to the Steam website.<p>Features include:<ul><li>Highlighting games you already own</li><li>Highlighting games on your wishlist</li><li>Correctly calculating bundle discounts based on games you already own</li><li>Showing you how much money you've spent on Steam for the lifetime of your account</li><li>Highlighting DLC you own on a game page</li><li>Fixing \"No Image Available\" game icons on your wishlist for any game or DLC</li><li>Pointing out titles with 3rd-party DRM</li></ul><p>If you find this Extension useful, please consider donating.",
        "stores_all": "Compare all stores",
        "show_early_access_text": "Show Early Access image banners",
        "author_info": "by jshackles",
        "profile_link_images_gray": "Grayscale",
        "quickinv": "Show Quick Sale buttons on Steam Community items in inventory",
        "quickinv_diff": "Quick Sale modifier:",
        "library_f2p": "Show played free to play games and demos in library",
        "inventory_market_text": "Show Market price on inventory page",
        "send_age_info": "Automatically send age verification when requested",
        "pcgw": "Show PCGamingWiki links",
        "store_steamcards": "Hiện liên kết SteamCardExchange trên trang cửa hàng",
        "spamcommentregex": "Regular Expression string:",
        "hide_owned_homepage": "Items you own on the homepage",
        "saved_note": "Options saved",
        "regional_hideworld": "Hide globe indicator",
        "show_astatslink": "Show AStats link on app pages",
        "showclient": "Show Steam Client links",
        "guest": "Items you have a guest pass for",
        "show_steamchart_info": "Show SteamCharts.com info",
        "show_steamspy_info": "Show steamspy.com info",
        "showallachievements": "Show achievement stats on \"All Games\" page",
        "lowestprice_onwishlist": "Show on Wishlist",
        "steamrepapi": "Show SteamRep status on profile pages",
        "header": "Header",
        "lowestprice": "Show",
        "group_events": "Show events on group overview",
        "changelog": "Changelog:",
        "owned": "Items you own",
        "steamdb": "Show SteamDB links",
        "hide_early_access": "Hide Early Access games on homepage, browse, and search pages",
        "reset_note": "Options reset",
        "html5video": "Show videos using HTML5 instead of Flash",
        "profiles_link_group_game": "Game exclusive",
        "friends_wishlist": "Items your friends have wishlisted",
        "showspeechsearch": "Add speech input to search boxes",
        "profile_link_images_color": "Colored",
        "hide_about": "Hide \"About\" link",
        "show_empty_wishlist": "Show \"Empty Wishlist\" button",
        "inventory_nav_text": "Show advanced navigation on inventory page",
        "carousel_description": "Show app descriptions on storefront carousel",
        "market_total": "Show transaction summary on Market",
        "hide_install": "Hide \"Install Steam\" button",
        "lowestprice_coupon": "Include coupon codes in price comparison",
        "general": "General",
        "market": "Market",
        "inventory": "Inventory",
        "profile": "Profile",
        "show_languagewarning": "Show warning if browsing in a language other than",
        "homepage": "Homepage",
        "homepage_default_tab": "Default homepage tab",
        "homepage_default_tab_remember": "Remember Previous",
        "homepage_default_tab_newreleases": "Popular New Releases",
        "homepage_default_tab_allreleases": "All New Releases",
        "homepage_default_tab_topsellers": "Top Sellers",
        "homepage_default_tab_upcoming": "Upcoming",
        "homepage_default_tab_specials": "Specials",
        "wishlist": "Items on your wishlist",
        "add_another_region": "Add",
        "skip_got_steam": "Skip the 'Got Steam?' window",
        "store_general_thirdparty": "Options for information from 3rd-party sites",
        "purchase_dates": "Show apps purchase date on store pages",
        "show_badge_progress": "Show apps badge progress on store pages",
        "show_wishlist_link": "Show a Wishlist link on profiles",
        "show_wishlist_count": "Show the number of items on Wishlist",
        "lang": {
            "english": "English",
            "brazilian": "Portuguese-Brazil",
            "bulgarian": "Bulgarian",
            "czech": "Czech",
            "danish": "Danish",
            "dutch": "Dutch",
            "finnish": "Finnish",
            "french": "French",
            "greek": "Greek",
            "german": "German",
            "hungarian": "Hungarian",
            "italian": "Italian",
            "japanese": "Japanese",
            "koreana": "Korean",
            "norwegian": "Norwegian",
            "polish": "Polish",
            "portuguese": "Portuguese",
            "russian": "Russian",
            "romanian": "Romanian",
            "schinese": "Simplified Chinese",
            "spanish": "Spanish",
            "swedish": "Swedish",
            "tchinese": "Traditional Chinese",
            "thai": "Thai",
            "turkish": "Turkish",
            "ukrainian": "Ukrainian"
        }
    },
    "ready": {
        "errormsg": "Error loading Enhanced Steam data",
        "loading": "Enhanced Steam loading data...",
        "ready": "Enhanced Steam ready",
        "failed": "One or more requests failed"
    },
    "twitch": {
        "now_streaming": "__username__ is live streaming on Twitch",
        "viewers": "Viewers",
        "followers": "Followers",
        "views": "Views"
    },
    "survey": {
        "performance_survey": "Performance Survey",
        "users": "__users__ users have completed the performance survey for this game",
        "framerate": "Framerate",
        "framerate_response": "responded that the framerate was",
        "framerate_30": "fixed at 30fps or lower",
        "framerate_fi": "fixed at higher than 30fps",
        "framerate_va": "variable, dependant on hardware",
        "resolution": "Resolution",
        "resolution_support": "This game appears to support",
        "resolution_less": "less than __pixels__ resolution",
        "resolution_up": "up to __pixels__ resolution",
        "graphics_settings": "Graphics Settings",
        "satisfaction": "Performance Satisfaction by GPU",
        "gs_y": "Has built-in graphic options or a graphics menu",
        "gs_n": "Does not have built-in graphic options or a graphics menu",
        "nobody": "Nobody has taken a performance survey for this game yet",
        "take": "Take The Survey"
    },
    "select": {
        "wishlisted_dlc": "Select Wishlisted DLC",
        "none": "Select None",
        "unowned_dlc": "Select Unowned DLC"
    },
    "tag": {
        "wishlist": "Wishlist",
        "friends_own": "__friendcount__ own",
        "coupon": "Coupon",
        "friends_rec": "<a href=\"http://store.steampowered.com/recommended/byfriends/__appid__\">__friendcount__ friends reviewed",
        "inv_gift": "Gift",
        "inv_guestpass": "Guestpass",
        "owned": "Owned",
        "notinterested": "Not Interested",
        "friends_want": "<a href=\"http://steamcommunity.com/my/friendsthatplay/__appid__\">__friendcount__ wish for</a>"
    },
    "wallet": {
        "custom_amount": "Add custom amount",
        "custom_amount_text": "Add any amount over __minamount__"
    },
    "wsgf": {
        "incomplete": "Incomplete",
        "unsupported": "This score is awarded to games that have no __type__ support.  The game may be unplayable in __type__, or the image is stretched to fit the window.  Correct aspect ratio is not retained.",
        "gold": "This medal is awarded to games which have received perfect scores from the WSGF for their __type__ support, and are __type__ Certified.",
        "silver": "This medal is awarded to games that have received a calculated grade of B for their __type__ support.  All of these games are without major flaws, but have at least one blemish that prevents a perfect score.",
        "limited": "This score is awarded to games that have received a calculated grade of C for their __type__ support.  All of these games have some level of __type__ support but have significant issues.",
        "certifications": "WSGF Widescreen Certifications"
    },
    "itad": {
        "option": "Show menu option to sync data to IsThereAnyDeal.com",
        "send_to_itad": "Send owned games to IsThereAnyDeal",
        "sending": "Loading your owned games and packages and sending them to IsThereAnyDeal.com"
    },
    "tradeoffer": {
        "num_item": "__num__ item",
        "num_items": "__num__ items"
    },
    "update": {
        "dont_show": "Don't Show Again",
        "updated": "Enhanced Steam has been updated to __version__",
        "changes": "This release includes the following changes"
    },
    "register": {
        "success": "Successfully activated __gamename__",
        "owned": "This Steam account already owns the product(s) contained in this offer.",
        "notavail": "Sorry, but this product is not available for purchase in this country.  Your product key has not been redeemed.",
        "invalid": "The product code you've entered is not valid.  Please double check to see if you've mistyped your key.",
        "already": "The product code you've entered has already been activated by a different Steam account.",
        "dlc": "The product code you've entered requires ownership of another product before activation.",
        "wallet": "Key bạn nhập là từ thẻ Steam Gift hoặc là mã Steam Wallet",
        "toomany": "There have been too many recent activation attempts from this account.  Please wait and try again later.",
        "default": "An unexpected error occurred.  Your product code has not been redeemed.  Please wait 30 minutes and try redeeming the code again."
    }
}