{
    "post_history": "Ver histórico de publicações",
    "add_nickname": "Adicionar apelido",
    "total_size": "Tamanho total",
    "dlc_details": "Detalhes do conteúdo adicional",
    "badge_not_unlocked": "Não desbloqueado",
    "each": "cada",
    "view_in_market": "Ver no Mercado da Comunidade",
    "homepage_spotlight": "Destaques",
    "official_group_url": "steamcommunity.com/groups/enhancedsteam",
    "remove": "Remover",
    "get_help": "Obter ajuda",
    "add_selected_dlc_to_cart": "Adicionar selecionados ao carrinho",
    "credits": "Créditos",
    "store_transactions": "Transações na loja",
    "activates": "Ativa no Steam",
    "games_coupon": "Jogos com cupons",
    "all_friends_own": "Todos os amigos que possuem (__friendcount__)",
    "translate": "Traduzir",
    "search_names_only": "Buscar apenas em nomes",
    "packs": "Pacotes",
    "remove_owned_wishlist": "Remover jogos que você possui da lista de desejos",
    "donate": "Doar",
    "close": "Fechar",
    "error": "Ocorreu um erro",
    "go": "Ir",
    "activate": "Ativar um produto",
    "activate_multiple_header": "Insira os códigos de produto abaixo, um por linha",
    "activate_multiple": "Ativar vários produtos",
    "activate_products": "Ativar produtos",
    "coupon_application_note": "Um cupom do seu inventário será aplicado automaticamente ao finalizar o pedido.",
    "hide": "Ocultar",
    "cards_owned": "__owned__ de __possible__ cartas adquiridas",
    "common_label": "Ocultar jogos que você não possui",
    "birthday_message": "Feliz aniversário no Steam, __username__! A sua conta faz __age__ anos de idade hoje.",
    "buying_total": "Total da encomenda",
    "allreleases_products": "Selecione os tipos de produtos que deseja ver nesta seção",
    "library_menu": "Biblioteca",
    "clear_cache": "Limpar dados em cache",
    "events": "Eventos",
    "translation": "Tradução",
    "lowest": "Mais baixo",
    "lowest_price": "Menor preço atual",
    "view_badge_progress": "Ver progresso da insígnia",
    "badge_progress": "Progresso da insígnia",
    "sales_total": "Total de vendas",
    "hold_total": "Total em espera",
    "view_normal_badge": "Ver progresso da insígnia normal",
    "community_name_account_header": "Sua conta (__username__)",
    "apppage_sections": "Selecione as seções que deseja ver nesta página",
    "search_error": "Erro ao carregar mais resultados",
    "website": "Site",
    "games": "Jogos",
    "total_time": "Tempo total",
    "dlc_suggest": "Sugerir uma nova categoria",
    "badge_completion_cost": "Custo para fabricar insígnia",
    "loading": "Carregando...",
    "selling": "Vendendo...",
    "quick_sell": "Venda rápida por __amount__",
    "instant_sell": "Venda Instantânea por __amount__",
    "starting_at": "A partir de",
    "hardwareads": "Publicidade de hardware",
    "homepage_tabs": "Abas da página inicial",
    "store": "Loja",
    "view_in": "Ver em",
    "drm_third_party": "Aviso: Este título usa GDD/DRM de terceiros",
    "stores": "Lojas",
    "game_transactions": "Transações em jogos",
    "after_coupon": "com o desconto do cupom",
    "games_installed": "Jogos instalados",
    "hours_short": "__hours__h",
    "faqs": "Perguntas frequentes",
    "spam_comment_show": "__num__ comentários indesejados ocultos nesta página. Clique aqui para exibi-los.",
    "dlc": "Conteúdo adicional",
    "add_to_wishlist": "Adicionar à lista de desejos",
    "language": "Idioma",
    "theworddefault": "Padrão",
    "coupon_learn_more": "<a href=\"https://support.steampowered.com/kb_article.php?ref=4210-YIPC-0275\">Saiba mais</a> sobre Cupons Steam",
    "show": "Exibir",
    "badges_all": "Todas as insígnias",
    "comparison_mode": "Ative o modo \"Todos os jogos\" para comparar jogos",
    "search": "Buscar",
    "es_supporter": "Apoiador do Enhanced Steam",
    "view_to_scale": "Ver em escala",
    "videos": "Vídeos e trailers",
    "community": "Comunidade",
    "dlc_data_header": "Detalhes do conteúdo adicional",
    "graphics": "Gráficos",
    "trading_cards": "Cartas Colecionáveis Steam",
    "view_badge": "Ver insígnia",
    "purchase_total": "Total de compras",
    "view_foil_badge": "Ver progresso da insígnia brilhante",
    "view_astats": "Ver página no AStats",
    "apppage_purchase": "Opções de compra",
    "search_error_retry": "Clique aqui para tentar novamente",
    "contribute": "Colaborar (GitHub)",
    "reviews": "Análises",
    "read_reviews": "Ler análises",
    "read_more_reviews": "Ler mais análises em",
    "size": "Tamanho",
    "package_info": "Informações do pacote",
    "badge_completion_avg": "Custo aprox. para fabricar",
    "using_store": "Você está usando a loja Steam da região __current__.",
    "volume_sold_last_24": "Quantidade: __sold__ vendido(s) nas últimas 24 horas",
    "sold_last_24": "__sold__ vendido(s) nas últimas 24 horas",
    "homepage_sidebar": "Barra lateral",
    "drop_calc": "Clique aqui para calcular a quantidade de cartas restantes",
    "price": "Preço",
    "view_marketplace": "Ver no Mercado",
    "market_transactions": "Transações no Mercado",
    "card_drops_remaining": "Dará mais __drops__ cartas",
    "badges_drops": "Insígnias com cartas para obter jogando",
    "using_language_return": "Clique aqui para navegar pelo Steam em __base__.",
    "spam_comment_warn": "Lá vem...",
    "guides": "Guias",
    "buy_wishlist": "Comprar lista de desejos",
    "highlight": "Destacar",
    "save": "Salvar",
    "not": "Excluir __tag__",
    "add_to_cart": "+ Carrinho",
    "view": "Ver",
    "games_all": "Todos os jogos",
    "permalink": "Link permanente",
    "game_name": "Nome do jogo",
    "gift_transactions": "Transações de presentes",
    "demos": "Demonstrações",
    "notinterested": "Itens dispensados",
    "mixed_item": "Itens de avaliação mista",
    "negative_item": "Itens de avaliação negativa",
    "price_above": "Itens que custam mais do que",
    "price_above_tooltip": "Insira zero para itens gratuitos ou sem preço; deixe em branco para desativar",
    "news": "Notícias",
    "check_system": "Analisar requisitos",
    "viewinclient": "Ver no cliente Steam",
    "custom_background": "Plano de fundo personalizado",
    "custom_style": "Tema personalizado",
    "custom_style_help": "Todos os usuários do Enhanced Steam verão este tema no seu perfil.  Usuários que não possuem Enhanced Steam não verão nenhuma alteração de tema realizada aqui.",
    "noneselected": "Nenhum selecionado / Inalterado",
    "most_drops": "Mais cartas para obter",
    "badge_foil_progress": "Ver progresso da insígnia brilhante",
    "net_gain": "Lucro final",
    "apppage_legal": "Informações jurídicas",
    "acrtag_msg": "Este item não pode ser trocado entre certas regiões",
    "bug_feature": "Relatar bug / Sugerir recurso",
    "always": "Sempre",
    "compare": "Comparar",
    "discount": "Desconto",
    "discountper": "Desconto (percentual)",
    "discountabs": "Desconto (valor)",
    "rating_details": "Ver detalhes da avaliação",
    "drops_worth_avg": "Valor aproximado:",
    "using_store_return": "Clique aqui para voltar à loja da região __base__.",
    "family_sharing_notice": "<b>Observação:</b> Este jogo foi excluído do serviço de Compartilhamento de Biblioteca Steam.",
    "valid": "Válido",
    "price_options": "Opções de preço",
    "no_results_found": "Nenhum resultado encontrado",
    "visit_store": "Visitar a página da loja",
    "all": "Tudo",
    "total_spent": "Total gasto",
    "games_with_drops": "__dropsgames__ jogos darão cartas",
    "binder_view": "Grade",
    "view_stats": "Ver estatísticas",
    "using_language": "Você está navegando pelo Steam em __current__.",
    "popular": "Populares",
    "visit_trade_forum": "Visitar fórum de troca",
    "software": "Softwares",
    "purchase_date": "(Comprado em __date__)",
    "custom_background_help": "Todos os usuários do Enhanced Steam verão este plano de fundo no seu perfil. Usuários que não possuem Enhanced Steam verão o seu plano de fundo normal.",
    "date_unlocked": "Data",
    "view_badge_foil": "Ver insígnia brilhante",
    "net_spent": "Gastos finais",
    "homepage_carousel": "Carrossel",
    "acrtag_tooltip": "Este item não pode ser trocado entre certas regiões se comprado no Leste Europeu, América do Sul ou Sudeste Asiático",
    "official_group": "Grupo oficial",
    "saved": "Salvos",
    "add_unowned_dlc_to_cart": "Adicionar os que não possuo ao carrinho",
    "buy": "Comprar",
    "buy_package": "Comprar __package__",
    "more_information": "Mais informações",
    "games_discount": "Jogos com desconto",
    "region_unavailable": "Indisponível nesta região",
    "item_type": "Tipo de item",
    "avg_price_3cards": "Preço médio de três cartas",
    "mods": "Mods",
    "empty_wishlist": "Esvaziar lista de desejos",
    "empty_wishlist_confirm": "Tem certeza de que deseja esvaziar a sua lista de desejos?\n\nIsso não pode ser desfeito!",
    "empty_wishlist_loading": "Esvaziando lista de desejos. Por favor, aguarde...",
    "about": "Sobre",
    "never": "Nunca",
    "coupon_available": "Você possui um cupom!",
    "info": "Informações",
    "launch_random": "Iniciar jogo aleatório",
    "play_game": "Jogar __gamename__?",
    "drops_value": "Maior preço",
    "notcommon_label": "Ocultar jogos que você possui",
    "show_all_steam_releases": "Exibir todos os lançamentos no Steam",
    "wishlist": "Lista de desejos",
    "on_wishlist": "Na lista de desejos",
    "notdiscounted": "Itens sem desconto",
    "cancel": "Cancelar",
    "wiki_article": "Ver artigo da __pcgw__",
    "view_all": "VER TODOS",
    "programming": "Programação",
    "historical_low": "Menor preço registrado",
    "games_with_booster": "Apto a receber pacotes bônus de __boostergames__ jogos",
    "sort_by": "Ordenar por:",
    "lastonline": "Última vez online",
    "edit_price": "Editar preço",
    "relist": "Anunciar novamente",
    "relist_an_item": "Anunciar um item novamente",
    "relist_text": "Você gostaria de anunciar novamente este item com um preço menor?",
    "search_market": "Buscar no Mercado da Comunidade Steam",
    "drm_third_party_sub": "Aviso: Um ou mais títulos neste pacote usa GDD de terceiros",
    "customize": "Personalizar",
    "custom": "Personalizado",
    "bundle_saving_text": "O quanto você economiza comprando este pacote",
    "thewordoptions": "Opções",
    "concepts": "Conceitos",
    "collections": "Coleções",
    "discussions": "Discussões",
    "add_wishlist_note": "Adicionar uma anotação",
    "update_wishlist_note": "Atualizar anotação",
    "add_wishlist_note_prompt": "Insira a sua anotação",
    "update_wishlist_note_prompt": "Atualize a sua anotação",
    "results": "__num__ resultados",
    "all_results": "Todos os __num__ resultados exibidos",
    "see_more": "Ver mais",
    "lowest_price_format": "__price__ na Loja __store__",
    "historical_low_format": "__price__ na Loja __store__ em __date__",
    "favorited": "Favoritos",
    "followed": "Seguindo",
    "leave_group_selected": "Sair dos selecionados",
    "leave_group_all": "Sair de todos",
    "leave_group_all_confirm": "Você está prestes a sair de TODOS OS GRUPOS a que pertence!\nTem certeza de que deseja continuar?",
    "leave_group_admin_confirm": "Você é Administrador neste grupo: __groupname__\nTem certeza de que deseja sair?",
    "wrong_try_again": "Algo deu errado. Por favor, tente novamente.",
    "join_group": "Entrar no grupo",
    "chat": "Conversa",
    "web_browser_chat": "Conversa (navegador)",
    "steam_client_chat": "Conversa (cliente)",
    "available": "Disponível",
    "set_as_background": "Definir como plano de fundo",
    "preview_background": "Pré-visualizar plano de fundo",
    "details": "Detalhes",
    "expand_slider": "Expandir",
    "contract_slider": "Contrair",
    "early_access": "Acesso antecipado",
    "filter_games": "Filtrar jogos",
    "note_for": "Anotação para",
    "show_wishlist_total": "Exibir total da lista de desejos",
    "tag_short": "Usar marcadores curtos para economizar espaço",
    "no_price_data": "Não há informações de preço disponíveis",
    "exclude_tags": "Excluir marcadores",
    "user_score": "Pontuação do usuário",
    "user_reviews": "Análises de usuários",
    "review_summary": "__percent__ das __num__ análises de usuários deste jogo são positivas.",
    "market_popular_items_toggle": "Alternar atualização em tempo real para itens populares",
    "achievements": {
        "option": "Exibir conquistas na página da loja",
        "achievements": "Conquistas",
        "includes": "Inclui __num__ conquistas Steam",
        "view_all": "Ver todas as conquistas"
    },
    "bundle": {
        "offer_ends": "A oferta acaba em",
        "at_least": "Pague pelo menos",
        "pwyw": "Pague o quanto quiser",
        "includes": "Inclui __num__ itens",
        "tier_includes": "__tier__ (__price__) inclui __num__ itens",
        "tier": "Fila __num__",
        "header": "Pacotes que incluem este jogo",
        "info": "Informações do pacote",
        "bundle_count": "Quantidade de pacotes que incluíam este jogo"
    },
    "charts": {
        "peakall": "recorde",
        "current": "Jogadores atuais",
        "playing_now": "jogando agora",
        "peaktoday": "recorde do dia"
    },
    "hltb": {
        "title": "How Long to Beat",
        "main_e": "História principal e extras",
        "compl": "Completar tudo",
        "submit": "Envie o seu tempo",
        "main": "História principal",
        "no_data": "Nenhum dado encontrado",
        "help": "Clique aqui para ajudar",
        "wrong": "Jogo errado?"
    },
    "library": {
        "in_library": "Na biblioteca",
        "error_loading_library": "Não foi possível carregar a sua biblioteca.",
        "categories": "Categorias...",
        "genres": "Gêneros...",
        "private_profile": "Torne o seu perfil Público <a href=\"http://steamcommunity.com/my/edit/settings\">nas suas configurações</a> para usar este recurso."
    },
    "spy": {
        "player_data": "Dados dos jogadores",
        "owners": "Contas que possuem o jogo",
        "players_total": "Total de jogadores",
        "players_2weeks": "Jogadores nas últimas duas semanas",
        "average_playtime": "Tempo médio de jogo",
        "average_playtime_2weeks": "Tempo médio de jogo nas duas últimas semanas",
        "formatted_time": "__hours__ horas e __minutes__ minutos"
    },
    "options": {
        "wsgf": "Exibir informações do site WSGF (Widescreen)",
        "version_show": "Exibir registro de alterações quando o Enhanced Steam atualizar",
        "steamcardexchange": "Exibir links para o site SteamCardExchange em insígnias",
        "regional_price": "Comparação de preços regionais",
        "acrtag": "Exibir avisos em itens que não podem ser trocados entre certas regiões",
        "excludef2p": "Não destacar jogos gratuitos para jogar",
        "contscroll": "Ativar rolagem contínua em resultados de busca",
        "profile_link_images_none": "Nenhuma",
        "replace_account_name": "Substituir nome de usuário pelo nome de perfil",
        "profile_links": "Exibir links no perfil para",
        "library_header": "Biblioteca (BETA)",
        "tag": "Marcar",
        "icon": "Ícone",
        "name": "Nome",
        "show_alternative_linux_icon": "Exibir ícone alternativo do Linux",
        "showcomparelinks": "Exibir link \"Comparar\" para conquistas na atividade dos amigos",
        "hidetmsymbols": "Símbolos de marca registrada em títulos de jogos",
        "metacritic": "Exibir nota de usuários do Metacritic",
        "opencritic": "Exibir informações do site Opencritic.com",
        "hideactivelistings": "Ocultar todos anúncios ativos na página inicial do Mercado por padrão",
        "clear": "Tem certeza de que deseja restaurar as opções padrão? Isso não pode ser desfeito.",
        "profile_api_info": "Exibir link para informações do usuário via API em perfis",
        "coupon": "Itens com cupons",
        "show_package_info": "Exibir informações do pacote para todos os aplicativos",
        "wlbuttoncommunityapp": "Exibir botão \"Adicionar à lista de desejos\" em Centrais da Comunidade",
        "removeguideslanguagefilter": "Não filtrar automaticamente guias pelo idioma do usuário",
        "disablelinkfilter": "Desativar a confirmação ao acessar sites externos",
        "regional_price_on": "Exibir comparação de preços regionais",
        "cart": "Itens no seu carrinho",
        "friends_own": "Itens que os seus amigos possuem",
        "drm": "Exibir avisos para GDD/DRM de terceiros",
        "profile_permalink": "Exibir link permanente (permalink) em perfis",
        "show_regionwarning": "Exibir aviso caso esteja navegando pela loja em região que não seja da conta",
        "foot_link": "Extensão Enhanced Steam",
        "profile_link_images": "Imagens dos links",
        "library": "Exibir botão Biblioteca no cabeçalho",
        "show1clickgoo": "Exibir botão \"1 clique para transformar em gemas...\" em itens aplicáveis no inventário",
        "hidedlcunownedgames": "Conteúdo adicional para jogos que você não possui",
        "hltb": "Exibir informações do site HowLongToBeat.com",
        "hidespamcomments": "Ocultar comentários de spam em perfis e páginas da Oficina",
        "hide_owned": "Itens que você possui nas páginas de marcadores e de busca",
        "reset": "Redefinir opções",
        "api_key": "Chave da API",
        "gift": "Itens no seu inventário",
        "show_sysreqcheck": "Exibir botão para verificar requisitos do sistema em páginas de aplicativos (Experimental!)",
        "es_bg": "Definir plano de fundo personalizado na tela \"Editar perfil\"",
        "regional_price_mouse": "ao passar o mouse no preço",
        "friends_rec": "Itens que os seus amigos analisaram",
        "lowestprice_header": "Informações de histórico de preços",
        "total_spent": "Exibir total gasto na página de detalhes da conta",
        "add_wallet_balance": "Exibir fundos da Carteira Steam no cabeçalho",
        "add_to_cart_wishlist": "Exibir botão \"+ Carrinho\" em listas de desejos",
        "about_text": "<div class=\"header\">Sobre o <a href='http://www.enhancedsteam.com'>Enhanced Steam</a>:</div><p>Enhanced Steam é uma extensão para Google Chrome que adiciona muitos recursos novos ao site do Steam.<p>Recursos incluem:<ul><li>Destacar jogos que você já possui</li><li>Destacar jogos na sua lista de desejos</li><li>Cálculo correto do desconto de pacotes com base nos jogos que você já possui</li><li>Exibir quanto você já gastou no Steam desde a criação da sua conta</li><li>Destacar conteúdo adicional (DLC) que você possui na página do jogo base</li><li>Corrigir ícones \"Sem imagem disponível\" de jogos ou conteúdos adicionais na sua lista de desejos</li><li>Apontar títulos com DRM de terceiros</li></ul><p>Caso ache esta extensão útil, considere fazer uma doação.",
        "stores_all": "Comparar todas as lojas",
        "show_early_access_text": "Exibir faixas de Acesso Antecipado",
        "author_info": "por jshackles",
        "profile_link_images_gray": "Em escala de cinza",
        "quickinv": "Exibir botões de anúncio rápido nos itens da Comunidade Steam presentes no Inventário",
        "quickinv_diff": "Modificador de venda rápida:",
        "library_f2p": "Exibir jogos gratuitos para jogar e demonstrações já jogados na Biblioteca",
        "inventory_market_text": "Exibir preço do Mercado na página do inventário",
        "send_age_info": "Enviar verificação de idade automaticamente quando solicitado",
        "pcgw": "Exibir links para a PCGamingWiki",
        "store_steamcards": "Exibir links para o site SteamCardExchange em páginas da loja",
        "spamcommentregex": "String de expressão regular:",
        "hide_owned_homepage": "Itens que você possui na página inicial",
        "saved_note": "Opções salvas",
        "regional_hideworld": "Ocultar indicador de globo",
        "show_astatslink": "Exibir link para o site AStats em páginas de aplicativos",
        "showclient": "Exibir links do cliente Steam",
        "guest": "Itens dos quais você possui um passe de convidado",
        "show_steamchart_info": "Exibir informações do site SteamCharts.com",
        "show_steamspy_info": "Exibir informações do site steamspy.com",
        "showallachievements": "Exibir estatísticas de conquistas na página \"Todos os jogos\"",
        "lowestprice_onwishlist": "Exibir na lista de desejos",
        "steamrepapi": "Exibir status SteamRep no perfil",
        "header": "Cabeçalho",
        "lowestprice": "Exibir",
        "group_events": "Exibir eventos na página inicial do grupo",
        "changelog": "Últimas atualizações:",
        "owned": "Itens que você possui",
        "steamdb": "Exibir links para o site SteamDB",
        "hide_early_access": "Ocultar jogos com Acesso Antecipado na página inicial, de marcadores e de busca",
        "reset_note": "Opções redefinidas",
        "html5video": "Exibir vídeos usando HTML5 em vez de Flash",
        "profiles_link_group_game": "Jogo exclusivo",
        "friends_wishlist": "Itens que os seus amigos desejam",
        "showspeechsearch": "Adicionar busca por voz em caixas de busca",
        "profile_link_images_color": "Coloridas",
        "hide_about": "Ocultar link \"Sobre\"",
        "show_empty_wishlist": "Exibir botão \"Esvaziar lista de desejos\"",
        "inventory_nav_text": "Exibir navegação avançada na página do inventário",
        "carousel_description": "Exibir descrições de aplicativos no carrossel da página inicial da loja",
        "market_total": "Exibir resumo de transações no Mercado",
        "hide_install": "Ocultar botão \"Instale o Steam\"",
        "lowestprice_coupon": "Incluir cupons na comparação de preços",
        "general": "Geral",
        "market": "Mercado",
        "inventory": "Inventário",
        "profile": "Perfil",
        "show_languagewarning": "Exibir aviso caso esteja navegando em um idioma que não seja",
        "homepage": "Início ",
        "homepage_default_tab": "Página inicial padrão",
        "homepage_default_tab_remember": "Lembrar anterior",
        "homepage_default_tab_newreleases": "Novos lançamentos populares",
        "homepage_default_tab_allreleases": "Todos os novos lançamentos",
        "homepage_default_tab_topsellers": "Mais vendidos",
        "homepage_default_tab_upcoming": "Em breve",
        "homepage_default_tab_specials": "Ofertas",
        "wishlist": "Itens na sua lista de desejos",
        "add_another_region": "Adicionar",
        "skip_got_steam": "Pular a janela \"Você tem o Steam?\"",
        "store_general_thirdparty": "Opções para informações de sites de terceiros",
        "purchase_dates": "Exibir data da compra do aplicativo na loja",
        "show_badge_progress": "Exibir progresso da insígnia em páginas da loja",
        "show_wishlist_link": "Exibir um link para a lista de desejos em perfis",
        "show_wishlist_count": "Exibir o número de itens na lista de desejos",
        "lang": {
            "english": "Inglês",
            "brazilian": "Português (Brasil)",
            "bulgarian": "Búlgaro",
            "czech": "Tcheco",
            "danish": "Dinamarquês",
            "dutch": "Holandês",
            "finnish": "Finlandês",
            "french": "Francês",
            "greek": "Grego",
            "german": "Alemão",
            "hungarian": "Húngaro",
            "italian": "Italiano",
            "japanese": "Japonês",
            "koreana": "Coreano",
            "norwegian": "Norueguês",
            "polish": "Polonês",
            "portuguese": "Português (Portugal)",
            "russian": "Russo",
            "romanian": "Romeno",
            "schinese": "Chinês simplificado",
            "spanish": "Espanhol",
            "swedish": "Sueco",
            "tchinese": "Chinês Tradicional",
            "thai": "Tailandês",
            "turkish": "Turco",
            "ukrainian": "Ucraniano"
        }
    },
    "ready": {
        "errormsg": "Erro ao carregar dados do Enhanced Steam",
        "loading": "Enhanced Steam está carregando dados...",
        "ready": "Enhanced Steam pronto",
        "failed": "Uma ou mais solicitações falharam"
    },
    "twitch": {
        "now_streaming": "__username__ está transmitindo ao vivo na Twitch",
        "viewers": "Espectadores",
        "followers": "Seguidores",
        "views": "Visualizações"
    },
    "survey": {
        "performance_survey": "Pesquisa de desempenho",
        "users": "__users__ usuários responderam a pesquisa de desempenho deste jogo",
        "framerate": "Taxa de quadros",
        "framerate_response": "respondeu que a taxa de quadros era",
        "framerate_30": "fixada a 30qps ou menor",
        "framerate_fi": "fixada a mais de 30qps",
        "framerate_va": "variável de acordo com o hardware",
        "resolution": "Resolução",
        "resolution_support": "O jogo aparenta ser compatível com",
        "resolution_less": "resoluções inferiores a __pixels__",
        "resolution_up": "resoluções de até __pixels__",
        "graphics_settings": "Configurações gráficas",
        "satisfaction": "Satisfação de desempenho por GPU",
        "gs_y": "Possui opções gráficas ou menu de gráficos embutidos",
        "gs_n": "Não possui opções gráficas ou menu de gráficos embutidos",
        "nobody": "Ninguém respondeu a pesquisa de desempenho deste jogo",
        "take": "Responder a pesquisa"
    },
    "select": {
        "wishlisted_dlc": "Selecionar na lista de desejos",
        "none": "Selecionar nenhum",
        "unowned_dlc": "Selecionar ainda não comprados"
    },
    "tag": {
        "wishlist": "Desejo",
        "friends_own": "__friendcount__ possuem",
        "coupon": "Cupom",
        "friends_rec": "Analisado por <a href=\"http://store.steampowered.com/recommended/byfriends/__appid__\">__friendcount__ amigos",
        "inv_gift": "Presente",
        "inv_guestpass": "Passe",
        "owned": "Possuo",
        "notinterested": "Dispensado",
        "friends_want": "<a href=\"http://steamcommunity.com/my/friendsthatplay/__appid__\">__friendcount__ desejam</a>"
    },
    "wallet": {
        "custom_amount": "Adicionar quantia personalizada",
        "custom_amount_text": "Adicione qualquer quantia acima de __minamount__"
    },
    "wsgf": {
        "incomplete": "Incompleto",
        "unsupported": "Esta pontuação é dada a jogos que não possuem compatibilidade com __type__.  O jogo pode não ser jogado no modo __type__ ou a imagem é estendida para preencher a janela. A proporção correta não é mantida.",
        "gold": "Esta medalha é dada a jogos que receberam pontuações perfeitas do WSGF pela sua compatibilidade com __type__, sendo assim Certificados para uso __type__.",
        "silver": "Esta medalha é dada a jogos que receberam uma nota final B pela sua compatibilidade com __type__.  Todos os jogos com esta nota não possuem grandes problemas, mas pode haver um detalhe que impede a pontuação perfeita.",
        "limited": "Esta medalha é dada a jogos que receberam uma nota final C pela sua compatibilidade com __type__.  Todos os jogos com esta nota possuem algum tipo de compatibilidade com __type__, mas podem ter problemas significativos.",
        "certifications": "Certificados de Widescreen da WSGF"
    },
    "itad": {
        "option": "Exibir opção para sincronizar dados com IsThereAnyDeal.com",
        "send_to_itad": "Enviar jogos adquiridos para IsThereAnyDeal",
        "sending": "Carregando seus jogos e pacotes adquiridos e enviando-os para IsThereAnyDeal.com"
    },
    "tradeoffer": {
        "num_item": "__num__ item",
        "num_items": "__num__ itens"
    },
    "update": {
        "dont_show": "Não exibir novamente",
        "updated": "O Enhanced Steam foi atualizado para a versão __version__",
        "changes": "Esta nova versão inclui as seguintes alterações"
    },
    "register": {
        "success": "__gamename__ ativado com sucesso",
        "owned": "Esta conta Steam já possui o(s) produto(s) contido(s) nesta oferta.",
        "notavail": "Lamentamos, mas esse produto não está disponível para compra neste país. O código de produto não foi ativado.",
        "invalid": "O código de produto inserido não é válido. Por favor, verifique se você o digitou corretamente.",
        "already": "O código de produto inserido já foi ativado por uma outra conta Steam.",
        "dlc": "O código de produto inserido requer que você tenha outro produto antes desta ativação.",
        "wallet": "O código inserido é de um vale-presente Steam ou código da Carteira Steam.",
        "toomany": "Houve muitas tentativas de ativação realizadas a partir desta conta ou endereço IP. Por favor, aguarde e tente usar o seu código de produto novamente mais tarde.",
        "default": "Um erro inesperado ocorreu. O código de produto não foi ativado. Por favor, tente ativá-lo novamente daqui a 30 minutos."
    }
}