{
    "post_history": "Zobrazit historii příspěvků",
    "add_nickname": "Přidat přezdívku",
    "total_size": "Celková velikost",
    "dlc_details": "Detaily DLC",
    "badge_not_unlocked": "Neodemknuto",
    "each": "Každý",
    "view_in_market": "Zobrazit na Komunitním tržišti",
    "homepage_spotlight": "V záři reflektorů",
    "official_group_url": "steamcommunity.com/groups/enhancedsteam",
    "remove": "Odstranit",
    "get_help": "Získat pomoc",
    "add_selected_dlc_to_cart": "Přidat vybraná DLC do košíku",
    "credits": "Autoři",
    "store_transactions": "Transakce v Obchodu",
    "activates": "Lze aktivovat na Steamu",
    "games_coupon": "Hry s kupóny",
    "all_friends_own": "Všichni přátelé, co toto vlastní (__friendcount__)",
    "translate": "Přeložit",
    "search_names_only": "Hledat pouze v názvech",
    "packs": "Balíčky",
    "remove_owned_wishlist": "Odstranit vlastněné hry ze Seznamu přání",
    "donate": "Přispět",
    "close": "Zavřít",
    "error": "Došlo k chybě",
    "go": "Přejít",
    "activate": "Aktivovat produkt",
    "activate_multiple_header": "Vložte aktivační kódy, jeden na řádek",
    "activate_multiple": "Aktivovat více produktů",
    "activate_products": "Aktivovat produkty",
    "coupon_application_note": "Kupón ve vašem inventáři bude automaticky aplikován při nákupu.",
    "hide": "Schovat",
    "cards_owned": "Vlastněno __owned__ z __possible__ karet",
    "common_label": "Schovat hry, které nevlastníte",
    "birthday_message": "Šťastné Steam narozeniny, __username__! Vašemu Steam účtu je __age__ let.",
    "buying_total": "Celá nákupní nabídka",
    "allreleases_products": "Vyber si typy produktů, které si přeješ vidět v této sekci",
    "library_menu": "Knihovna",
    "clear_cache": "Vyčistit data uložená v mezipaměti",
    "events": "Události",
    "translation": "Překlad",
    "lowest": "Nejnižší",
    "lowest_price": "Aktuálně nejnižší cena",
    "view_badge_progress": "Zobrazit postup odznaku",
    "badge_progress": "Postup odznaku",
    "sales_total": "Prodeje celkem",
    "hold_total": "Celkem pozdržených",
    "view_normal_badge": "Zobrazit postup normálního odznaku",
    "community_name_account_header": "Účet uživatele __username__",
    "apppage_sections": "Vyber sekce, které chceš vidět na této stránce",
    "search_error": "Chyba při načítání dalších výsledků",
    "website": "Webová stránka",
    "games": "Hry",
    "total_time": "Celkový čas",
    "dlc_suggest": "Doporučit novou kategorii",
    "badge_completion_cost": "Cena dokončení odznaku",
    "loading": "Načítání...",
    "selling": "Prodávání...",
    "quick_sell": "Rychle prodat za __amount__",
    "instant_sell": "Běžně prodat za __amount__",
    "starting_at": "Začínají na",
    "hardwareads": "Reklamy na hardware",
    "homepage_tabs": "Záložky na hlavní stránce",
    "store": "Obchod",
    "view_in": "Ukázat v",
    "drm_third_party": "Upozornění: Tento titul používá DRM třetí strany",
    "stores": "Obchody",
    "game_transactions": "Transakce ve hrách",
    "after_coupon": "po kupónu",
    "games_installed": "Nainstalované hry",
    "hours_short": "__hours__ hod",
    "faqs": "Často kladené otázky",
    "spam_comment_show": "__num__ spam komentářů skryto na této stránce.  Klikněte sem pro jejich zobrazení.",
    "dlc": "Stáhnutelný obsah",
    "add_to_wishlist": "Přidat do Seznamu přání",
    "language": "Jazyk",
    "theworddefault": "Výchozí",
    "coupon_learn_more": "<a href=\"https://support.steampowered.com/kb_article.php?ref=4210-YIPC-0275\">Zjistěte více</a> o Steam kupónech",
    "show": "Ukázat",
    "badges_all": "Všechny odznaky",
    "comparison_mode": "Povolte přehled všech her pro porovnávání her",
    "search": "Hledat",
    "es_supporter": "Podporovatel Enhanced Steamu",
    "view_to_scale": "Zobrazení v měřítku",
    "videos": "Videa / Upoutávky",
    "community": "Komunita",
    "dlc_data_header": "Detaily DLC",
    "graphics": "Grafika",
    "trading_cards": "Sběratelské karty služby Steam",
    "view_badge": "Zobrazit odznak",
    "purchase_total": "Nákupy celkem",
    "view_foil_badge": "Zobrazit postup foil odznaku",
    "view_astats": "Zobrazit stránku AStats",
    "apppage_purchase": "Možnosti nákupu",
    "search_error_retry": "Klikněte zde pro opakování",
    "contribute": "Pomoci s kódem (GitHub)",
    "reviews": "Recenze",
    "read_reviews": "Číst recenze",
    "read_more_reviews": "Více recenzí na",
    "size": "Velikost",
    "package_info": "Informace o balíčku",
    "badge_completion_avg": "Prům. cena dokončení",
    "using_store": "Používáte Obchod Steam pro region __current__.",
    "volume_sold_last_24": "Množství: __sold__ kusů prodáno za posledních 24 hodin",
    "sold_last_24": "__sold__ kusů prodáno za posledních 24 hodin",
    "homepage_sidebar": "Postranní panel",
    "drop_calc": "Klikněte zde pro spočítání zbývajících přídělů karet",
    "price": "Cena",
    "view_marketplace": "Zobrazit Tržiště",
    "market_transactions": "Transakce na Tržišti",
    "card_drops_remaining": "Zbývá __drops__ přídělů karet",
    "badges_drops": "Odznaky se zbývajícími příděly karet",
    "using_language_return": "Klikněte zde pro prohlížení Steamu v __base__.",
    "spam_comment_warn": "Zde žijí draci...",
    "guides": "Návody",
    "buy_wishlist": "Koupit obsah Seznamu přání",
    "highlight": "Zvýraznění",
    "save": "Uložit",
    "not": "Není __tag__",
    "add_to_cart": "Přidat do košíku",
    "view": "Zobrazit",
    "games_all": "Všechny hry",
    "permalink": "Trvalý odkaz",
    "game_name": "Název hry",
    "gift_transactions": "Dárkové transakce",
    "demos": "Dema",
    "notinterested": "Položky označené jako nezajímavé",
    "mixed_item": "Smíšeně hodnocené položky",
    "negative_item": "Negativně hodnocené položky",
    "price_above": "Položky, které stojí více než",
    "price_above_tooltip": "Zadejte nulu pro položky zdarma nebo položky bez ceny; zanechte prázdné, pokud tuto funkci nechcete použít",
    "news": "Novinky",
    "check_system": "Zkontrolujte váš systém",
    "viewinclient": "Zobrazit ve Steam aplikaci",
    "custom_background": "Vlastní pozadí",
    "custom_style": "Vlastní motiv",
    "custom_style_help": "Všichni uživatelé Enhanced Steam uvidí toto téma na vašem profilu. Uživatelé bez Enhanced Steam neuvidí žádné změny.",
    "noneselected": "Nevybrané / Beze Změny",
    "most_drops": "Nejvíce zbývajících přídělů karet",
    "badge_foil_progress": "Zobrazit postup foil odznaku",
    "net_gain": "Zisk",
    "apppage_legal": "Právní informace",
    "acrtag_msg": "Obchodování mezi určitými oblastmi bylo pro tuto položku zakázáno",
    "bug_feature": "Nahlásit chybu/Navrhnout funkci",
    "always": "Vždy",
    "compare": "Porovnat",
    "discount": "Sleva",
    "discountper": "Sleva v procentech",
    "discountabs": "Hodnota slevy (Amount)",
    "rating_details": "Zobrazit detaily hodnocení",
    "drops_worth_avg": "Přibližná hodnota",
    "using_store_return": "Klikněte zde pro návrat na __base__ Obchod.",
    "family_sharing_notice": "<b>Upozornění:</b> Na tuto hru se nevztahuje služba Steam Family Sharing.",
    "valid": "Platná",
    "price_options": "Nastavení cen",
    "no_results_found": "Žádné výsledky nenalezeny",
    "visit_store": "Navštívit stránku Obchodu",
    "all": "Vše",
    "total_spent": "Celkem utraceno",
    "games_with_drops": "Zbývá __dropsgames__ her se zbývajícími příděly karet",
    "binder_view": "Tabulkové zobrazení",
    "view_stats": "Zobrazit statistiky",
    "using_language": "Prohlížíte Steam v __current__.",
    "popular": "Populární",
    "visit_trade_forum": "Navštívit fórum Obchodování",
    "software": "Software",
    "purchase_date": "(Zakoupeno __date__)",
    "custom_background_help": "Všichni uživatelé Enhanced Steam uvidí toto pozadí na vašem profilu. Uživatelé bez Enhanced Steam uvidí vaše normální pozadí profilu.",
    "date_unlocked": "Datum odemknutí",
    "view_badge_foil": "Zobrazit foil odznak",
    "net_spent": "Utraceno",
    "homepage_carousel": "Slideshow",
    "acrtag_tooltip": "Tato položka nemůže být vyměněna mezi oblastmi, pokud je koupena ve východní Evropě, jižní Americe nebo v jihovýchodní Asii",
    "official_group": "Oficiální Steam skupina",
    "saved": "Uloženo",
    "add_unowned_dlc_to_cart": "Přidat nevlastněná DLC do košíku",
    "buy": "Koupit",
    "buy_package": "Koupit __package__",
    "more_information": "Více informací",
    "games_discount": "Hry se slevami",
    "region_unavailable": "Nedostupné v tomto regionu",
    "item_type": "Typ předmětu",
    "avg_price_3cards": "Průměrná cena 3 sběratelských karet",
    "mods": "Módy",
    "empty_wishlist": "Vyprázdnit Seznam přání",
    "empty_wishlist_confirm": "Jste si jistý, že chcete vymazat váš seznam přání?\n\nTato akce je nevratná!",
    "empty_wishlist_loading": "Váš seznam přání je vyprazdňován, prosím čekejte...",
    "about": "O rozšíření",
    "never": "Nikdy",
    "coupon_available": "Máte dostupný kupón!",
    "info": "Informace",
    "launch_random": "Spustit Náhodnou Hru",
    "play_game": "Hrát __gamename__?",
    "drops_value": "Nejvyšší hodnota zbývajících přídělů karet",
    "notcommon_label": "Schovat hry, které vlastníte",
    "show_all_steam_releases": "Zobrazit vše vydané ve službě Steam",
    "wishlist": "Seznam přání",
    "on_wishlist": "Seznam přání",
    "notdiscounted": "Nezlevněné položky",
    "cancel": "Zrušit",
    "wiki_article": "Ukázat článek __pcgw__",
    "view_all": "ZOBRAZIT VŠE",
    "programming": "Programování",
    "historical_low": "Historicky nejnižší cena",
    "games_with_booster": "__boostergames__ her s nárokem na přídavné balíčky",
    "sort_by": "Seřadit podle:",
    "lastonline": "Naposledy Online",
    "edit_price": "Upravit cenu",
    "relist": "Přeprodat",
    "relist_an_item": "Přeprodat položky",
    "relist_text": "Opravdu chceš přeprodat tuto položku za nejmenší cenu?",
    "search_market": "Prohledat Komunitní trh služby Steam",
    "drm_third_party_sub": "Upozornění: Jeden nebo více titulů z tohoto balíčku používá DRM třetí strany",
    "customize": "Upravit",
    "custom": "Vlastní",
    "bundle_saving_text": "Zakoupením tohoto balíčku ušetříte",
    "thewordoptions": "Nastavení",
    "concepts": "Koncepty",
    "collections": "Kolekce",
    "discussions": "Diskuze",
    "add_wishlist_note": "Přidat k seznamu přání",
    "update_wishlist_note": "Aktualizovat seznam přání",
    "add_wishlist_note_prompt": "Přidat poznámku přání",
    "update_wishlist_note_prompt": "Aktualizovat své přání",
    "results": "__num__ Výsledků",
    "all_results": "Všech __num__ výsledků je zobrazeno",
    "see_more": "Zobrazit více",
    "lowest_price_format": "__price__ v __store__",
    "historical_low_format": "__price__ v __store__ dne __date__",
    "favorited": "Oblíbené",
    "followed": "Sledováno",
    "leave_group_selected": "Opustit vybrané",
    "leave_group_all": "Opustit všechny",
    "leave_group_all_confirm": "Chystáte se opustit VŠECHNY SKUPINY, ke kterým patříte!\nJste si jisti, že chcete pokračovat?",
    "leave_group_admin_confirm": "Jste správce v této skupině: __groupname__\nJste si jisti, že skupinu chcete opustit?",
    "wrong_try_again": "Něco se pokazilo. Zkuste prosím znovu.",
    "join_group": "Připojit se ke skupině",
    "chat": "Chat",
    "web_browser_chat": "Webový chat",
    "steam_client_chat": "Chat v klientovi Steamu",
    "available": "K dispozici",
    "set_as_background": "Nastavit jako pozadí",
    "preview_background": "Náhled pozadí",
    "details": "Podrobnosti",
    "expand_slider": "Rozšířit posuvník",
    "contract_slider": "Zmenšit posuvník",
    "early_access": "Předběžný přístup",
    "filter_games": "Filtrovat hry",
    "note_for": "Poznámka pro",
    "show_wishlist_total": "Zobrazit cenu seznamu přání",
    "tag_short": "Použít zkrácené značky, aby se ušetřilo místo",
    "no_price_data": "Údaje o ceně nejsou dostupné",
    "exclude_tags": "Vyřadit značky",
    "user_score": "Hodnocení uživatele",
    "user_reviews": "Uživatelské recenze",
    "review_summary": "__percent__ z __num__ uživatelských recenzí pro tuto hru je pozitivních.",
    "market_popular_items_toggle": "Povolit automatické aktualizace pro oblíbené položky",
    "achievements": {
        "option": "Ukázat achievementy na stránce obchodu",
        "achievements": "Achievementy",
        "includes": "Obsahuje __num__ achievementů služby Steam",
        "view_all": "Zobrazit všechny achievementy"
    },
    "bundle": {
        "offer_ends": "Nabídka končí",
        "at_least": "Cena nejméně",
        "pwyw": "Zaplaťte, kolik chcete",
        "includes": "Obsahuje __num__ předmětů",
        "tier_includes": "__tier__ (__price__) obsahuje __num__ předmětů",
        "tier": "Trída __num__",
        "header": "Balíčky obsahující tuto hru",
        "info": "Informace o balíčku",
        "bundle_count": "Kolikrát byla tato hra v balíčku"
    },
    "charts": {
        "peakall": "rekord",
        "current": "Aktuální hráči",
        "playing_now": "právě hraje",
        "peaktoday": "dnešní rekord"
    },
    "hltb": {
        "title": "Jak dlouho na překonání",
        "main_e": "Hlavní příběh a úkoly/medaile apod.",
        "compl": "Vše dokončeno",
        "submit": "Pošlete svůj čas",
        "main": "Hlavní příběh",
        "no_data": "Nebyla nalezena jakákoli data",
        "help": "Klikněte zde pro pomoc",
        "wrong": "Špatná hra?"
    },
    "library": {
        "in_library": "V knihovně",
        "error_loading_library": "Nepodařilo se načíst vaši knihovnu.",
        "categories": "Kategorie...",
        "genres": "Žánry...",
        "private_profile": "Pro použití této funkce musíte změnit svůj stav profilu na veřejný <a href='http://steamcommunity.com/my/edit/settings'>ve vašem nastavení</a>."
    },
    "spy": {
        "player_data": "Data hráče",
        "owners": "Vlastníci",
        "players_total": "Celkem hráčů",
        "players_2weeks": "Hráči v posledních dvou týdnech",
        "average_playtime": "Průměrná délka hraní",
        "average_playtime_2weeks": "Průmerná délka hraní v posledních dvou týdnech",
        "formatted_time": "__hours__hodiny,__minutes__minuty"
    },
    "options": {
        "wsgf": "Ukázat informace z WSGF (širokoúhlé hraní)",
        "version_show": "Ukázat seznam změn při aktualizacích Enhanced Steamu",
        "steamcardexchange": "Ukázat odkazy na SteamCardExchange u odznaků",
        "regional_price": "Srovnání cen v regionech",
        "acrtag": "Zobrazit upozornění, pokud je zakázáno obchodování mezi oblastmi",
        "excludef2p": "Vynechat Free To Play hry ze zvýrazňování",
        "contscroll": "Povolit nekonečné skrolování výsledků hledání",
        "profile_link_images_none": "Žádné",
        "replace_account_name": "Nahradit jméno účtu komunitním jménem",
        "profile_links": "Ukázat odkazy na profil na",
        "library_header": "Knihovna (BETA)",
        "tag": "Popisek",
        "icon": "Ikona",
        "name": "Název",
        "show_alternative_linux_icon": "Zobrazit alternativní ikonu Linuxu",
        "showcomparelinks": "Ukázat odkazy \"Porovnat\" u achievementů v Aktivitě přátel",
        "hidetmsymbols": "TM a copyright symboly v názvech her",
        "metacritic": "Ukázat uživatelská hodnocení Metacritic",
        "opencritic": "Ukázat informace z Opencritic.com",
        "hideactivelistings": "Schovat všechny aktivní prodávané položky z hlavní stránky Tržiště při načtení",
        "clear": "Jste si jisti, že chcete resetovat všechna nastavení? Nelze to vrátit zpět.",
        "profile_api_info": "Ukázat odkaz na uživatelskou API na profilech",
        "coupon": "Položky s kupóny",
        "show_package_info": "Ukázat Informace o balíčku pro všechny aplikace",
        "wlbuttoncommunityapp": "Ukázat tlačítko \"Přidat do Seznamu přání\" na komunitních hubech aplikací",
        "removeguideslanguagefilter": "Nefiltrovat automaticky uživatelské návody podle jazyka",
        "disablelinkfilter": "Zakázat potvrzení, když přecházím na jiné stránky",
        "regional_price_on": "Ukázat srovnání cen v regionech",
        "cart": "Položky ve vašem košíku",
        "friends_own": "Položky, které vlastní vaši přátelé",
        "drm": "Ukázat upozornění na DRM třetí strany",
        "profile_permalink": "Ukázat odkaz na profil",
        "show_regionwarning": "Ukázat varování, pokud je aktivní jiný region, než má účet",
        "foot_link": "Rozšíření Enhanced Steam",
        "profile_link_images": "Obrázky odkazů na profily",
        "library": "Ukázat tlačítko Knihovna v hlavičce",
        "show1clickgoo": "Ukázat tlačítko \"1-Click Vyměnit za drahokamy...\" u vyhovujících položek v inventáři",
        "hidedlcunownedgames": "DLC pro nevlastněné hry",
        "hltb": "Ukázat informace z HowLongToBeat.com",
        "hidespamcomments": "Schovat spamové komentáře z Workshopu & profilů",
        "hide_owned": "Položky, které vlastníte, ve výsledcích vyhledávání a na stránkách se značkami",
        "reset": "Resetovat nastavení",
        "api_key": "API klíč",
        "gift": "Položky, které vlastníte jako dárek",
        "show_sysreqcheck": "Ukázat tlačítko pro ověření systémových požadavků na stránkách aplikací (experimentální!)",
        "es_bg": "Možnost nastavit vlastní pozadí na stránce \"Upravit profil\"",
        "regional_price_mouse": "při najetí myší",
        "friends_rec": "Položky, na které vaši přátelé napsali recenzi",
        "lowestprice_header": "Informace o historii ceny",
        "total_spent": "Ukázat celkem utracenou částku na stránce Účet",
        "add_wallet_balance": "Zobrazit zůstatek Steam peněženky v záhlaví",
        "add_to_cart_wishlist": "Zobrazit tlačítko \"Přidat do košíku\" na seznamu přání",
        "about_text": "<div class=\"header\">O <a href='http://www.enhancedsteam.com'>Enhanced Steam</a>:</div><p>Enhanced Steam je rozšíření pro Google Chrome, které přidává mnoho nových funkcí na webovou stránku Steamu.<p>Mezi jeho funkce patří:<ul><li>Zvýraznění již vlastněných her</li><li>Zvýraznění her na Vašem Seznamu přání</li><li>Přesné spočítaní slev u balíčků založené na hrách, které již vlastníte</li><li>Ukázání, kolik jste na Steamu utratili od založení Vašeho účtu</li><li>Zvýraznění DLC, které již vlastníte, na stránce hry</li><li>Oprava ikon \"No Image Available\" ve vašem Seznamu přání pro každou hru i DLC</li><li>Upozornění na hry s DRM třetí strany</li></ul><p>Pokud vám toto rozšíření přijde užitečné, prosím popřemýšlejte o příspěvku.",
        "stores_all": "Porovnat všechny obchody",
        "show_early_access_text": "Ukázat banner u her s Předběžným přístupem",
        "author_info": "autor: jshackles",
        "profile_link_images_gray": "Šedé",
        "quickinv": "Zobrazit tlačítka pro rychlý prodej ve Steam komunitě (v inventáři)",
        "quickinv_diff": "Modifikátor rychlého prodeje:",
        "library_f2p": "Ukázat hrané Free To Play hry a dema v knihovně",
        "inventory_market_text": "Ukázat cenu na Tržišti na stránce Inventář",
        "send_age_info": "Automaticky odeslat potvrzení věku, pokud je vyžádováno",
        "pcgw": "Ukázat odkazy na PCGamingWiki",
        "store_steamcards": "Zobrazit SteamCardExchange odkazy v obchodě",
        "spamcommentregex": "Regulární výraz:",
        "hide_owned_homepage": "Položky, které vlastníte, na hlavní stránce",
        "saved_note": "Nastavení uložena",
        "regional_hideworld": "Schovat indikátor země",
        "show_astatslink": "Ukázat odkaz na AStats na stránkách aplikací",
        "showclient": "Zobrazit odkazy Steam klienta",
        "guest": "Položky, na které máte Guest Pass",
        "show_steamchart_info": "Ukázat informace ze SteamCharts.com",
        "show_steamspy_info": "Zobrazit steamspy.com info",
        "showallachievements": "Ukázat statistiky achievementů na stránce \"Všechny hry\"",
        "lowestprice_onwishlist": "Ukázat v Seznamu přání",
        "steamrepapi": "Ukázat SteamRep status na profilových stránkách",
        "header": "Hlavička",
        "lowestprice": "Ukázat",
        "group_events": "Ukázat události na Přehledu skupiny",
        "changelog": "Seznam změn:",
        "owned": "Položky, které vlastníte",
        "steamdb": "Ukázat odkazy na SteamDB",
        "hide_early_access": "Schovat hry s Předběžným přístupem na hlavní stránce, při procházení a ve výsledcích vyhledávání",
        "reset_note": "Nastavení resetována",
        "html5video": "Spouštět videa v HTML5 místo Flashe",
        "profiles_link_group_game": "Pouze k určitým hrám",
        "friends_wishlist": "Položky, které vaši přátelé mají na Seznamu přání",
        "showspeechsearch": "Přidat hlasové zadávání do vyhledávacích polí",
        "profile_link_images_color": "Barevné",
        "hide_about": "Schovat odkaz \"O Steamu\"",
        "show_empty_wishlist": "Zobrazit tlačítko \"Vyprázdnit Seznam přání\"",
        "inventory_nav_text": "Ukázat pokročilou navigaci na stránce Inventář",
        "carousel_description": "Ukázat popis aplikace na slideshow na stránce Obchod",
        "market_total": "Ukázat shrnutí transakcí na Tržišti",
        "hide_install": "Schovat tlačítko \"Nainstalovat Steam\"",
        "lowestprice_coupon": "Zahrnout kupóny při porovnávání cen",
        "general": "Obecné",
        "market": "Tržiště",
        "inventory": "Inventář",
        "profile": "Profil",
        "show_languagewarning": "Ukázat varování, pokud je aktivní jiný jazyk, než",
        "homepage": "Domů",
        "homepage_default_tab": "Výchozí domovská stránka",
        "homepage_default_tab_remember": "Zapamatovat předchozí",
        "homepage_default_tab_newreleases": "Populární nově vydané",
        "homepage_default_tab_allreleases": "Všechny nově vydané",
        "homepage_default_tab_topsellers": "Nejprodávanější",
        "homepage_default_tab_upcoming": "Nadcházející",
        "homepage_default_tab_specials": "Slevněné",
        "wishlist": "Položky, které máte na Seznamu přání",
        "add_another_region": "Přidat",
        "skip_got_steam": "Přeskočit okno \"Máte klienta služby Steam?\"",
        "store_general_thirdparty": "Nastavení pro informace ze stránek třetích stran",
        "purchase_dates": "Zobrazit datumy nákupu aplikací v obchodě",
        "show_badge_progress": "Zobrazit průběh odznaku na stránkách obchodu",
        "show_wishlist_link": "Zobrazit odkaz na seznam přání na profilech",
        "show_wishlist_count": "Zobrazit počet položek na seznamu přání",
        "lang": {
            "english": "Angličtina",
            "brazilian": "Portugalská-Brazilština",
            "bulgarian": "Bulgarština",
            "czech": "Čeština",
            "danish": "Dánština",
            "dutch": "Holandština",
            "finnish": "Finština",
            "french": "Francouzština",
            "greek": "Řečtina",
            "german": "Němčina",
            "hungarian": "Maďarština",
            "italian": "Italština",
            "japanese": "Japonština",
            "koreana": "Korejtina",
            "norwegian": "Norština",
            "polish": "Polština",
            "portuguese": "Portugalština",
            "russian": "Ruština",
            "romanian": "Rumunština",
            "schinese": "Čínština (zjednodušená)",
            "spanish": "Španělština",
            "swedish": "Švédština",
            "tchinese": "Tradiční čínština",
            "thai": "Thaiština",
            "turkish": "Turečtina",
            "ukrainian": "Ukrajinština"
        }
    },
    "ready": {
        "errormsg": "Chyba při načítání Enhanced Steam dat",
        "loading": "Enhanced Steam načítá data...",
        "ready": "Enhanced Steam je připravený.",
        "failed": "Jeden nebo více požadavků selhalo"
    },
    "twitch": {
        "now_streaming": "__username__ živě steamuje na Twitch",
        "viewers": "Diváci",
        "followers": "Sledující",
        "views": "Zobrazení"
    },
    "survey": {
        "performance_survey": "Průzkum",
        "users": "__users__ uživatelů podstoupilo průzkum pro tuto hru",
        "framerate": "Snímková frekvence",
        "framerate_response": "odpovědělo že snímková frekvence byla",
        "framerate_30": "uzamčena na 30 FPS nebo méně",
        "framerate_fi": "uzamčena na více než 30 FPS",
        "framerate_va": "Proměnná, závislé na hardwaru",
        "resolution": "Rozlišení",
        "resolution_support": "Tato hra podporuje",
        "resolution_less": "rozlišení méně než __pixels__",
        "resolution_up": "až rozlišení __pixels__",
        "graphics_settings": "Nastavení grafiky",
        "satisfaction": "Poměr mezi grafickými kartami",
        "gs_y": "Má možnost nastavení grafiky",
        "gs_n": "Nemá možnost nastavení grafiky",
        "nobody": "Nikdo dosud nevyplnil dotazník výkonu pro tuto hru",
        "take": "Vyplnit dotazník"
    },
    "select": {
        "wishlisted_dlc": "Vybrat DLC na Seznamu přání",
        "none": "Zrušit výběr",
        "unowned_dlc": "Vybrat nevlastněná DLC"
    },
    "tag": {
        "wishlist": "Na Seznamu přání",
        "friends_own": "__friendcount__ vlastní",
        "coupon": "S kupónem",
        "friends_rec": "<a href=\"http://store.steampowered.com/recommended/byfriends/__appid__\">__friendcount__ recenzovalo",
        "inv_gift": "Vlastněný dárek",
        "inv_guestpass": "Vlastněný Guest Pass",
        "owned": "Vlastněné",
        "notinterested": "Nezajímá mě",
        "friends_want": "<a href=\"http://steamcommunity.com/my/friendsthatplay/__appid__\">__friendcount__ si přeje</a>"
    },
    "wallet": {
        "custom_amount": "Přidat vlastní částku",
        "custom_amount_text": "Přidat jakoukoli částku nad __minamount__"
    },
    "wsgf": {
        "incomplete": "Nekompletní",
        "unsupported": "Toto skóre je udělováno hrám, které nemají podporu __type__.  Tato hra může být nehratelná v __type__, nebo může být obrázek roztažen na šířku okna.  Správný poměr stran není zachován.",
        "gold": "Tato medaile je udělována hrám, které mají perfektní skóre od WSGF za podporu __type__, and jsou certifikovány __type__.",
        "silver": "Tato medaile je udělována hrám, které obdržely známku B za podporu __type__.  Všechny tyto hry jsou bez výraznějších problémů, ale mají minimálně jeden problém, který zabraňuje perfektnímu skóre",
        "limited": "Toto skóre je udělováno hrám, které obdržely známku C za podporu __type__.  Všechny tyto hry do nějaké úrovně podporují __type__, ale mají výraznější problémy.",
        "certifications": "Optimalizováno pro širokoúhlé monitory"
    },
    "itad": {
        "option": "Zobrazit nabídku Možností synchronizace dat do IsThereAnyDeal.com",
        "send_to_itad": "Odeslat vlastněné hry na IsThereAnyDeal",
        "sending": "Načítám vlastněné hry a balíčky a posílám je do IsThereAnyDeal.com"
    },
    "tradeoffer": {
        "num_item": "__num__ položka",
        "num_items": "__num__ položek"
    },
    "update": {
        "dont_show": "Příště nezobrazovat",
        "updated": "Enhanced Steam byl aktualizován na verzi __version__",
        "changes": "Tato aktualizace obsahuje následující změny"
    },
    "register": {
        "success": "Hra __gamename__ byla úspěšně aktivována",
        "owned": "Tento Steam účet již disponuje produkt(y) obsaženými v této nabídce.",
        "notavail": "Omlouváme se, ale tento produkt není ve Vaší zemi dostupný. Váš kód nebyl aktivován.",
        "invalid": "Zadaný kód produktu je neplatný. Důkladně zkontrolujte, zda jste kód zadali správně.",
        "already": "Zadaný kód produktu byl již aktivován na jiném účtu služby Steam a je proto neplatný.",
        "dlc": "Před aktivací zadaného kódu produktu je vyžadováno vlastnictví jiného produktu.",
        "wallet": "Zadaný kód produktu patří k dárkovému kupónu nebo jde o kód pro Steam peněženku",
        "toomany": "Proběhlo příliš mnoho pokusů o aktivaci z tohoto účtu. Počkejte prosím a zkuste to znovu později.",
        "default": "Došlo k neočekávané chybě. Váš klíč nebyl použit. Počkejte prosím 30 minut a zkuste jej aktivovat znovu."
    }
}