{
  "post_history":"Vezi istoricul postărilor",
  "add_nickname":"Adaugă poreclă",
  "total_size":"Dimensiune totală",
  "dlc_details":"Detalii conținut descărcabil",
  "badge_not_unlocked":"Nu este deblocat",
  "each":"Fiecare",
  "view_in_market":"Vezi pe Piața Comunitară",
  "homepage_spotlight":"Articole promovate",
  "official_group_url":"steamcommunity.com/groups/enhancedsteam",
  "remove":"Șterge",
  "get_help":"Obține ajutor",
  "add_selected_dlc_to_cart":"Adaugă DLC-ul selectat în coșul de cumpărături",
  "credits":"Contribuţii",
  "store_transactions":"Tranzacții Magazin",
  "activates":"Activabil pe Steam",
  "games_coupon":"Jocuri cu cupoane",
  "all_friends_own":"Toți prietenii care îl dețin (__friendcount__)",
  "translate":"Traduce",
  "search_names_only":"Caută doar în nume",
  "packs":"Pachete",
  "remove_owned_wishlist":"Elimină jocurile deținute din lista de dorințe",
  "donate":"Donează",
  "close":"Închide",
  "error":"A apărut o eroare",
  "go":"Go",
  "activate":"Activează un produs",
  "activate_multiple_header":"Introduceți codurile produselor mai jos, câte unul pe linie",
  "activate_multiple":"Activează mai multe produse",
  "activate_products":"Activează produsele",
  "coupon_application_note":"Un cupon de reducere din inventarul tău Steam va fi aplicat automat la această comandă.",
  "hide":"Ascunde",
  "cards_owned":"__owned__ cărţi colectate din __possible__ posibile",
  "common_label":"Ascunde jocurile pe care nu le deții",
  "birthday_message":"La mulți Steam ani, __username__! Contul tău Steam împlinește astăzi  __age__ ani.",
  "buying_total":"Total comandă de cumparare",
  "allreleases_products":"Selectaţi tipurile de produse pe care doriţi să le vedeţi în această secţiune",
  "library_menu":"Colecție",
  "clear_cache":"Șterge date cache",
  "events":"Evenimente",
  "translation":"Traducere",
  "lowest":"Cel mai mic",
  "lowest_price":"Cel mai mic preț actual",
  "view_badge_progress":"Vezi progresul insignei",
  "badge_progress":"Progres insignă",
  "sales_total":"Total vânzări",
  "hold_total":"Total în așteptare",
  "view_normal_badge":"Vizualizează progresul insignei",
  "community_name_account_header":"cont __username__",
  "apppage_sections":"Alegeţi secţiunile pe care doriţi sa le vedeţi pe această pagină",
  "search_error":"Eroare la încărcarea mai multor rezultate de căutare",
  "website":"Pagină Web",
  "games":"Jocuri",
  "total_time":"Timp total",
  "dlc_suggest":"Sugerează o categorie nouă",
  "badge_completion_cost":"Costul completării insignei",
  "loading":"Se încarcă...",
  "selling":"Vânzare în curs...",
  "quick_sell":"Vinde repede pentru __amount__",
  "instant_sell":"Vinde imediat pentru __amount__",
  "starting_at":"Începând cu",
  "hardwareads":"Publicitate Hardware",
  "homepage_tabs":"File pe pagina de pornire",
  "store":"Magazin",
  "view_in":"Vezi în",
  "drm_third_party":"Avertisment: Acest titlu utilizează un DRM independent Steam",
  "stores":"Magazine",
  "game_transactions":"Tranzacții în joc",
  "after_coupon":"după codul promoţional",
  "games_installed":"Jocuri instalate",
  "hours_short":"__hours__ ore",
  "faqs":"Întrebări adresate frecvent",
  "spam_comment_show":"__num__ comentarii spam ascunse pe această pagină. Click aici pentru a le afișa.",
  "dlc":"Conţinut suplimentar",
  "add_to_wishlist":"Adaugă la lista de dorințe",
  "language":"Limba",
  "theworddefault":"Implicit",
  "coupon_learn_more":"<a href=\"https://support.steampowered.com/kb_article.php?ref=4210-YIPC-0275\"> Aflaţi mai multe</a> despre cupoanele Steam",
  "show":"Afișează",
  "badges_all":"Toate insignele",
  "comparison_mode":"Afișează toate datele pentru a face comparaţii",
  "search":"Caută",
  "es_supporter":"Susținător Enhanced Steam",
  "view_to_scale":"Vezi la scară",
  "videos":"Videoclipuri / Trailere",
  "community":"Comunitate",
  "dlc_data_header":"Detalii conținut descărcabil",
  "graphics":"Grafică",
  "trading_cards":"Cărţi de schimb Steam",
  "view_badge":"Vezi insignă",
  "purchase_total":"Total cumpărături",
  "view_foil_badge":"Vizualizează progresul insignei înfoliate",
  "view_astats":"Vezi pagina AStats",
  "apppage_purchase":"Opţiuni de cumpărare",
  "search_error_retry":"Click aici pentru a reîncerca",
  "contribute":"Contribuie (GitHub)",
  "reviews":"Recenzii",
  "read_reviews":"Citește recenziile",
  "read_more_reviews":"Citește mai multe recenzii pe",
  "size":"Dimensiune",
  "package_info":"Informații pachet",
  "badge_completion_avg":"Cost aproximativ de completare",
  "using_store":"În prezent folosești pagina magazinului Steam pentru regiunea __current__.",
  "volume_sold_last_24":"Volum: __sold__ vândute în ultimele 24 de ore",
  "sold_last_24":"__sold__ vândute în ultimele 24 de ore",
  "homepage_sidebar":"Bară laterală",
  "drop_calc":"Click aici pentru a afla numărul de cărți de schimb rămase de obținut",
  "price":"Preț",
  "view_marketplace":"Vezi Piața",
  "market_transactions":"Tranzacții piață",
  "card_drops_remaining":"__drops__ cărți de schimb rămase de obținut",
  "badges_drops":"Insigne cu cărți de schimb rămase",
  "using_language_return":"Click aici pentru a naviga pe Steam în __base__.",
  "spam_comment_warn":"Aici vor fi dragoni...",
  "guides":"Tutoriale",
  "buy_wishlist":"Cumpără lista de dorințe",
  "highlight":"Evidențiere",
  "save":"Salvează",
  "not":"Nu __tag__",
  "add_to_cart":"Adaugă în coș",
  "view":"Vizualizează",
  "games_all":"Toate jocurile",
  "permalink":"Permalink",
  "game_name":"Nume joc",
  "gift_transactions":"Tranzacții Cadouri",
  "demos":"Demo-uri",
  "notinterested":"Produse marcate ca 'Neinteresat'",
  "mixed_item":"Produse cu recenzii echilibrate",
  "negative_item":"Produse cu recenzii negative",
  "price_above":"Produse mai scumpe de",
  "price_above_tooltip":"Introdu zero pentru produse gratuite sau produse fără preț; lasă câmpul gol pentru a dezactiva aceasta opțiune",
  "news":"Noutăți",
  "check_system":"Verifică sistemul meu",
  "viewinclient":"Vezi în clientul Steam",
  "custom_background":"Imagine de fundal personalizată",
  "custom_style":"Stil particularizat",
  "custom_style_help":"Toți utilizatorii Enhanced Steam vor vedea acestă temă pe profilul tău. Cei ce nu folosesc Enhanced Steam nu vor vedea vreo schimbare.",
  "noneselected":"Nicio temă",
  "most_drops":"Cele mai multe cărți de schimb obținute",
  "badge_foil_progress":"Vezi progres insignă înfoliată",
  "net_gain":"Câștig net",
  "apppage_legal":"Date cu caracter juridic",
  "acrtag_msg":"Acest produs nu poate fi schimbat între anumite regiuni",
  "bug_feature":"Raportează Bug / Sugerează Facilități",
  "always":"Întotdeauna",
  "compare":"Compară",
  "discount":"Reducere",
  "discountper":"Reducere (Procentaj)",
  "discountabs":"Reducere (Sumă)",
  "rating_details":"Vezi detalii evaluare",
  "drops_worth_avg":"În valoare de aproximativ",
  "using_store_return":"Click aici pentru a reveni la magazinul __base__.",
  "family_sharing_notice":"<b>Notă:</b> Acest joc este exclus din serviciul Steam \"Împărtășire în Familie\".",
  "valid":"Valabil",
  "price_options":"Opțiuni preț",
  "no_results_found":"Nu a fost găsit niciun rezultat",
  "visit_store":"Vezi pagină magazin",
  "all":"Toate",
  "total_spent":"Total cheltuit",
  "games_with_drops":"__dropsgames__ jocuri ce contin cărți de schimb rămase de obținut",
  "binder_view":"Vizualizare tip dosar",
  "view_stats":"Vezi statistici",
  "using_language":"Navighezi pe Steam în __current__.",
  "popular":"Populare",
  "visit_trade_forum":"Vizitează forumul de schimb",
  "software":"Aplicații",
  "purchase_date":"(Cumpărat pe __date__)",
  "custom_background_help":"Toți utilizatorii de Enhanced Steam vor vedea acest fundal pe profilul tău. Cei ce nu folosesc Enhanced Steam vor vedea fundalul obișnuit.",
  "date_unlocked":"Deblocat pe",
  "view_badge_foil":"Vezi insignă înfoliată",
  "net_spent":"Cheltuit net",
  "homepage_carousel":"Carusel",
  "acrtag_tooltip":"Acest element nu pot fi schimbat între regiuni în cazul în care a fost achiziţionat în Europa de Est, America de Sud sau în Asia de Sud-Est",
  "official_group":"Grupul oficial",
  "saved":"Salvat",
  "add_unowned_dlc_to_cart":"Adauga DLC-urile pe care nu le deții în coş",
  "buy":"Cumpără",
  "buy_package":"Cumpără __package__",
  "more_information":"Mai multe informații",
  "games_discount":"Jocuri cu reduceri",
  "region_unavailable":"Nu este disponibil în această regiune",
  "item_type":"Tip Produs",
  "avg_price_3cards":"Prețul mediu a trei cărți de schimb",
  "mods":"Mod-uri",
  "empty_wishlist":"Golește lista de dorințe",
  "empty_wishlist_confirm":"Ești sigur că vrei să golești lista de dorințe?\nAceastă acțiune este ireversibilă!",
  "empty_wishlist_loading":"Se golește lista de dorințe, te rog să aștepți...",
  "about":"Despre",
  "never":"Niciodată",
  "coupon_available":"Ai un cupon disponibil!",
  "info":"informaţii",
  "launch_random":"Deschide un joc aleator",
  "play_game":"Vrei să joci __gamename__?",
  "drops_value":"Cel mai scump obiect",
  "notcommon_label":"Ascunde jocurile pe care le dețin",
  "show_all_steam_releases":"Afișează toate lansările Steam",
  "wishlist":"Listă de dorințe",
  "on_wishlist":"Pe lista de dorințe",
  "notdiscounted":"Produse fără reducere",
  "cancel":"Anulează",
  "wiki_article":"Vezi articol __pcgw__",
  "view_all":"VEZI TOATE",
  "programming":"Programare",
  "historical_low":"Istoric cele mai mici prețuri",
  "games_with_booster":"__boostergames__ jocuri eligibile pentru pachete booster",
  "sort_by":"Sortează după:",
  "lastonline":"Ultima dată online",
  "edit_price":"Modifică preț",
  "relist":"Relistează",
  "relist_an_item":"Relistează un obiect",
  "relist_text":"Dorești să relistezi obiectul la un preț mai mic?",
  "search_market":"Caută pe Piața Comunitară Steam",
  "drm_third_party_sub":"ATENȚIE: Unul sau mai multe produse din acest pachet folosesc DRM terțe",
  "customize":"Personalizați",
  "custom":"Personalizat",
  "bundle_saving_text":"Uite cât economisești dacă cumperi acest pachet 'bundle'",
  "thewordoptions":"Opțiuni",
  "concepts":"Concepte",
  "collections":"Colecții",
  "discussions":"Discuții",
  "add_wishlist_note":"Adaugă o notiță",
  "update_wishlist_note":"Modifică notița",
  "add_wishlist_note_prompt":"Introduce notița",
  "update_wishlist_note_prompt":"Modifică notița",
  "results":"__num__ Rezultate/le",
  "all_results":"Toate __num__ rezultatele afișate",
  "see_more":"Vezi mai mult",
  "lowest_price_format":"__price__ la __store__",
  "historical_low_format":"__price__ la __store__ pe data de __date__",
  "favorited":"Adăugat la favorite",
  "followed":"Urmărit",
  "leave_group_selected":"Părăsește pe cele selectate",
  "leave_group_all":"Părăsește pe toate",
  "leave_group_all_confirm":"Ești pe cale să părăsești TOATE GRUPURILE de care aparții!\nEști sigur că vrei să continui?",
  "leave_group_admin_confirm":"Ești Administrator în acest grup: __groupname__\nEști sigur ca vrei să-l părăsești?",
  "wrong_try_again":"A apărut o problemă. Te rugăm să mai încerci o dată.",
  "join_group":"Alătură-te grupului",
  "chat":"Chat",
  "web_browser_chat":"Prin Browserul web",
  "steam_client_chat":"Prin Steam",
  "available":"Disponibil",
  "set_as_background":"Setează ca Fundal",
  "preview_background":"Examinează Fundal",
  "details":"Detalii",
  "expand_slider":"Extinde",
  "contract_slider":"Restrânge",
  "early_access":"Acces Timpuriu",
  "filter_games":"Filtrează jocuri",
  "note_for":"Notiţă pentru",
  "show_wishlist_total":"Arată totalul listei de dorințe",
  "tag_short":"Folosește etichete scurte pentru a economisi spațiu",
  "no_price_data":"Nu există date de preț disponibile",
  "exclude_tags":"Exclude etichete",
  "user_score":"Scor Utilizator",
  "user_reviews":"Recenzii utilizatori",
  "review_summary":"__percent__ din __num__ de recenzii ale utilizatorilor pentru acest joc sunt pozitive.",
  "market_popular_items_toggle":"Comută actualizarea în timp real pentru Obiecte populare",
  "achievements":{
    "option":"Afișează realizările pe paginile magazinului",
    "achievements":"Realizări",
    "includes":"Include __num__ realizări Steam",
    "view_all":"Vezi toate Realizările"
  },
  "bundle":{
    "offer_ends":"Oferta expiră",
    "at_least":"Plătește cel puțin",
    "pwyw":"Plătește cât vrei",
    "includes":"Include __num__ produse",
    "tier_includes":"__tier__ (__price__) include __num__ produse",
    "tier":"Nivelul __num__",
    "header":"Pachete 'bundle' ce conțin acest joc",
    "info":"Info Pachet",
    "bundle_count":"De câte ori acest joc a fost într-un pachet 'bundle'"
  },
  "charts":{
    "peakall":"vârf all-time",
    "current":"Jucători în prezent",
    "playing_now":"joacă acum",
    "peaktoday":"vârf astăzi"
  },
  "hltb":{
    "title":"How Long to Beat",
    "main_e":"Povestea principală şi Extras",
    "compl":"Jocul complet",
    "submit":"Trimite timpul tău",
    "main":"Povestea principală",
    "no_data":"Nu există date",
    "help":"Click aici pentru a ajuta",
    "wrong":"Jocul greșit?"
  },
  "library":{
    "in_library":"În Colecție",
    "error_loading_library":"Nu am putut încărca colecția ta.",
    "categories":"Categorii...",
    "genres":"Genuri...",
    "private_profile":"Schimbă starea profilului pe public <a href='http://steamcommunity.com/my/edit/settings'>din setări</a> pentru a utiliza această caracteristică."
  },
  "spy":{
    "player_data":"Date jucători",
    "owners":"Deținători",
    "players_total":"Jucători în total",
    "players_2weeks":"Jucători în ultimele două săptămâni",
    "average_playtime":"Timp acordat jocului în medie",
    "average_playtime_2weeks":"Timp acordat jocului în medie în ultimele două săptămâni",
    "formatted_time":"__hours__ ore, __minutes__ minute"
  },
  "options":{
    "wsgf":"Afișează informații WSGF (Panoramic)",
    "version_show":"Afișează lista de modificări când Enhanced Steam se actualizează",
    "steamcardexchange":"Afișează link-uri SteamCardExchange la insigne",
    "regional_price":"Compararea prețurilor pe regiuni",
    "acrtag":"Arată avertismente pe obiectele unde schimbul intre regiuni este dezactivat",
    "excludef2p":"Exclude jocurile gratuite din evidenţiere",
    "contscroll":"Activează derularea continuă a rezultatelor căutării",
    "profile_link_images_none":"Niciunul",
    "replace_account_name":"Înlocuiţi numele contului steam cu numele profilului",
    "profile_links":"Afișează link-uri pe profil pentru",
    "library_header":"Colecție (BETA)",
    "tag":"Etichetă",
    "icon":"Pictogramă",
    "name":"Nume",
    "show_alternative_linux_icon":"Arată o altă alternativă a pictogramei Linux",
    "showcomparelinks":"Arată link-urile \"Compară\" pentru realizările din pagina 'Activitatea prietenilor'",
    "hidetmsymbols":"Marca și drepturile de autor în titlurile jocurilor",
    "metacritic":"Afișează scorurile de utilizator Metacritic",
    "opencritic":"Afișează informații de pe Opencritic.com",
    "hideactivelistings":"Ascunde toate listările active de pe pagina de start a Pieței Steam în mod implicit",
    "clear":"Sunteți sigur că doriți să resetați toate opțiunile? Această acțiune este ireversibilă.",
    "profile_api_info":"Afișează link-ul API de utilizator pe profile",
    "coupon":"Produse cu cupoane",
    "show_package_info":"Afișează informații pachet pentru toate aplicațiile",
    "wlbuttoncommunityapp":"Arată butonul \"Adaugă la lista de dorințe\" pe paginile comunității jocului",
    "removeguideslanguagefilter":"Nu filtra automat ghidurile după limba utilizatorului",
    "disablelinkfilter":"Dezactivează confirmarea la accesarea site-urilor externe",
    "regional_price_on":"Arată diferența preţurilor între regiuni",
    "cart":"Articole in coș",
    "friends_own":"Produse deținute de prietenii tăi",
    "drm":"Afișează avertismente pentru jocurile cu DRM terțe",
    "profile_permalink":"Afișează link permanent pe profil",
    "show_regionwarning":"Arată un avertisment dacă navighezi pe o regiune diferită",
    "foot_link":"Extensia Enhanced Steam",
    "profile_link_images":"Imagini link profil",
    "library":"Arată butonul \"Colecție\" in meniul principal",
    "show1clickgoo":"Arată butonul \"1-Click Transformă în Nestemate...\" pe obiectele din inventar",
    "hidedlcunownedgames":"DLC pentru jocurile care nu le dețin",
    "hltb":"Afișează informații HowLongToBeat.com",
    "hidespamcomments":"Ascunde comentariile spam din Atelier & profiluri",
    "hide_owned":"Obiectele deținute în rezultatele de căutare si tag-uri",
    "reset":"Resetează opțiuni",
    "api_key":"Cheie API",
    "gift":"Produse stocate drept cadou",
    "show_sysreqcheck":"Arată butonul de verificare a cerințelor de sistem pe pagina produsului (Experimental!)",
    "es_bg":"Opțiune setare fundal personalizat pe pagina \"Editare profil\"",
    "regional_price_mouse":"trecând cu mouse-ul peste preț",
    "friends_rec":"Produse recenzate de prietenii tăi",
    "lowestprice_header":"Informații istoric preț",
    "total_spent":"Afișează total cheltuit pe pagina contului",
    "add_wallet_balance":"Afișează soldul Portofelului Steam în antet",
    "add_to_cart_wishlist":"Afișează butonul \"Adaugă în coș\" în listele de dorințe",
    "about_text":"<div class=\"header\"> Despre <a href='http://www.enhancedsteam.com'>Enhanced Steam</a>:</div><p>Enhanced Steam este o extensie pentru Google Chrome, care adaugă o serie de caracteristici noi pentru site-ul Steam.<p>Caracteristici incluse: <ul><li>Evidențierea jocurilor deja deținute</li> <li>Evidențierea jocurilor de pe lista ta de dorințe</li> <li>Calcularea corectă a reducerilor din pachete, luând in calcul și jocurile deja deținute</li> <li>Afișarea banilor cheltuiți pe Steam pe toată durata contului</li> <li>Evidențierea DLC-urile pe care le dețineți pe pagina jocului</li> <li>Rezolvă problema pictogramelor jocurilor sau a DLC-urilor ce afișau \"No Image Available\" pe lista dumneavoastră de dorințe</li> <li>Specifică ce jocuri folosesc un DRM independent Steam</li></ul> <p>Dacă considerați această extensie utilă, vă rugăm să luați în calcul efectuarea unei donații.",
    "stores_all":"Compară în toate magazinele",
    "show_early_access_text":"Afișează o bandieră pe jocurile cu Acces Timpuriu",
    "author_info":"de jshackles",
    "profile_link_images_gray":"Nuanțe de gri",
    "quickinv":"Afișează butoanele de vânzare rapidă în inventar pentru produsele comunitare",
    "quickinv_diff":"Modificator de vânzare rapidă:",
    "library_f2p":"Afișează jocurile gratuite și demo-urile jucate în colecție",
    "inventory_market_text":"Arată preţul pieţei pe pagina Inventar",
    "send_age_info":"Trimite în mod automat verificarea vârstei la cerere",
    "pcgw":"Afișează link-uri PCGamingWiki",
    "store_steamcards":"Arată linkurile SteamCardExchange pe paginile magazinului",
    "spamcommentregex":"Șir expresie regulată:",
    "hide_owned_homepage":"Obiectele deținute pe prima pagină",
    "saved_note":"Opțiuni salvate",
    "regional_hideworld":"Ascunde indicatorul global",
    "show_astatslink":"Afișează link AStats pe paginile aplicațiilor",
    "showclient":"Afișează un link de deschide în clientul de Steam",
    "guest":"Produse care le ai ca invitație",
    "show_steamchart_info":"Afișează informații SteamCharts.com",
    "show_steamspy_info":"Arată informații de pe steamspy.com",
    "showallachievements":"Arată statisticile realizărilor pe pagina \"Toate jocurile\"",
    "lowestprice_onwishlist":"Afișează în Lista de dorințe",
    "steamrepapi":"Arată status-ul SteamRep pe paginile de profil",
    "header":"Antet",
    "lowestprice":"Afișează",
    "group_events":"Afișează evenimente pe pagina de ansamblu al grupului",
    "changelog":"Notițe schimbări:",
    "owned":"Produse deținute",
    "steamdb":"Afișează link-uri SteamDB",
    "hide_early_access":"Ascunde jocurile cu 'Acces Timpuriu' pe pagina de pornire, pagina 'Explorează' şi paginile de căutare",
    "reset_note":"Resetează opțiuni",
    "html5video":"Afișează clipurile video folosind HTML5 în loc de Flash",
    "profiles_link_group_game":"Joc exclusiv",
    "friends_wishlist":"Produse dorite de prietenii tăi",
    "showspeechsearch":"Adaugă introducere verbală în căsuțele de căutare",
    "profile_link_images_color":"Colorat",
    "hide_about":"Ascunde link-ul \"Despre\"",
    "show_empty_wishlist":"Afișează butonul \"Golește lista de dorințe\"",
    "inventory_nav_text":"Arată navigarea avansată pe pagina de inventar",
    "carousel_description":"Arată descrierea produsului pe caruselul magazinului",
    "market_total":"Arată rezumatul tranzacţiilor din piaţa Steam",
    "hide_install":"Ascunde butonul \"Instalează Steam\"",
    "lowestprice_coupon":"Include coduri promoționale în compararea prețurilor",
    "general":"Setări generale",
    "market":"Piață",
    "inventory":"Inventar",
    "profile":"Profilul",
    "show_languagewarning":"Arată un avertisment dacă navigarea este într-o alta limbă decât",
    "homepage":"Pagină de start",
    "homepage_default_tab":"Pagină de pornire implicită",
    "homepage_default_tab_remember":"Ține minte tab-ul precedent",
    "homepage_default_tab_newreleases":"Lansări populare noi",
    "homepage_default_tab_allreleases":"Toate lansările noi",
    "homepage_default_tab_topsellers":"Cele mai vândute",
    "homepage_default_tab_upcoming":"Următoare",
    "homepage_default_tab_specials":"Oferte speciale",
    "wishlist":"Produse în lista de dorințe",
    "add_another_region":"Adaugă",
    "skip_got_steam":"Sări peste fereastra 'Ai Steam?'",
    "store_general_thirdparty":"Opțiuni pentru informații ce provin de pe alte site-uri terțe",
    "purchase_dates":"Arată data achiziționării produselor pe paginile magazinului",
    "show_badge_progress":"Afișează progresul insignei pe paginile aplicațiilor în Magazin",
    "show_wishlist_link":"Afișează pe paginile profilelor un link către lista de dorințe",
    "show_wishlist_count":"Afișează numărul de produse din lista de dorințe",
    "lang":{
      "english":"Engleză",
      "brazilian":"Portugheză-Brazilia",
      "bulgarian":"Bulgară",
      "czech":"Cehă",
      "danish":"Daneză",
      "dutch":"Olandeză",
      "finnish":"Finlandeză",
      "french":"Franceză",
      "greek":"Greacă",
      "german":"Germană",
      "hungarian":"Maghiară",
      "italian":"Italiană",
      "japanese":"Japoneză",
      "koreana":"Coreeană",
      "norwegian":"Norvegiană",
      "polish":"Poloneză",
      "portuguese":"Portugheză",
      "russian":"Rusă",
      "romanian":"Română",
      "schinese":"Chineză simplificată",
      "spanish":"Spaniolă",
      "swedish":"Suedeză",
      "tchinese":"Chineză tradiţională",
      "thai":"Tailandeză",
      "turkish":"Turcă",
      "ukrainian":"Ucraineană"
    }
  },
  "ready":{
    "errormsg":"Eroare la încărcarea datelor Enhanced Steam",
    "loading":"Enhanced Steam încarcă datele...",
    "ready":"Enhanced Steam pregătit",
    "failed":"Una sau mai multe solicitări au eșuat"
  },
  "twitch":{
    "now_streaming":"__username__ este live pe Twitch",
    "viewers":"Spectatori",
    "followers":"Urmăritori",
    "views":"Vizualizări"
  },
  "survey":{
    "performance_survey":"Sondaj de performanță",
    "users":"__users__ utilizatori au finalizat sondajul de performanță pentru acest joc",
    "framerate":"Număr de cadre",
    "framerate_response":"au răspuns că numărul de cadre a fost",
    "framerate_30":"fixat la 30 de cadre pe secundă sau mai puțin",
    "framerate_fi":"fixat la mai mult de 30 de cadre pe secundă",
    "framerate_va":"variabilă, în funcție de configurație",
    "resolution":"Rezoluție",
    "resolution_support":"Acest joc pare să suporte",
    "resolution_less":"mai puțin de __pixels__ în rezoluție",
    "resolution_up":"până la __pixels__ în rezoluție",
    "graphics_settings":"Setări de grafică",
    "satisfaction":"Performanța plăcilor video",
    "gs_y":"Are opțiuni grafice sau meniu pentru grafică încorporat",
    "gs_n":"Nu are opțiuni grafice sau un meniu pentru grafică",
    "nobody":"Nimeni nu a participat încă în sondajul de performanță pentru acest joc",
    "take":"Participă în sondaj"
  },
  "select":{
    "wishlisted_dlc":"Selectează DLC-uri dorite",
    "none":"Deselectează tot",
    "unowned_dlc":"Selectează DLC-uri neposedate"
  },
  "tag":{
    "wishlist":"Lista de dorințe",
    "friends_own":"__friendcount__ dețin",
    "coupon":"Cupon",
    "friends_rec":"<a href=\"http://store.steampowered.com/recommended/byfriends/__appid__\">__friendcount__ prieteni recomandă",
    "inv_gift":"Cadou",
    "inv_guestpass":"Invitaţie",
    "owned":"Deținute",
    "notinterested":"Nu mă interesează",
    "friends_want":"<a href=\"http://steamcommunity.com/my/friendsthatplay/__appid__\">__friendcount__ își doresc</a>"
  },
  "wallet":{
    "custom_amount":"Adaugă sumă personalizată",
    "custom_amount_text":"Adaugă orice sumă peste __minamount__"
  },
  "wsgf":{
    "incomplete":"Incomplet",
    "unsupported":"Acest scor este acordat jocurilor care nu suportă modul __type__.  Jocul s-ar putea să nu ruleze în modul  __type__, sau imaginea este întinsă pentru a se potrivi. Setarea raportului de aspect nu se salvează.",
    "gold":"Această medalie este acordată jocurilor care au primit scoruri perfecte de la WSGF pentru compatibilitatea cu modul __type__, și sunt certificate __type__.",
    "silver":"Această medalie este acordată jocurilor care au primit nota B pentru compatibilitatea cu modul __type__.  Toate aceste jocuri sunt fără defecte majore, dar au cel puțin un cusur care împiedică un scor perfect.",
    "limited":"Acest scor este acordat jocurilor care au primit nota C pentru compatibilitatea lor cu modul __type__.  Toate aceste jocuri sunt oarecum compatibile cu __type__, dar au probleme semnificative.",
    "certifications":"Certificări Widescreen WSGF"
  },
  "itad":{
    "option":"Arată opțiune in meniu pentru a sincroniza datele cu IsThereAnyDeal.com",
    "send_to_itad":"Trimite jocurile deținute către IsThereAnyDeal",
    "sending":"Se încarcă jocurile și pachetele pe care le deții și vor fi trimise către IsThereAnyDeal.com"
  },
  "tradeoffer":{
    "num_item":"__num__ obiect",
    "num_items":"__num__ obiecte"
  },
  "update":{
    "dont_show":"Nu mai afișa",
    "updated":"Enhanced Steam a fost actualizat la versiunea __version__",
    "changes":"Această versiune include următoarele schimbări"
  },
  "register":{
    "success":"Activat cu succes __gamename__",
    "owned":"Acest cont Steam deține deja produsul/produsele inclus(e) în această ofertă.",
    "notavail":"Ne pare rău, dar acest produs nu este disponibil pentru achiziție în această țară. Cheia produsului nu a fost revendicată.",
    "invalid":"Codul produsului pe care l-ați introdus nu este valid. Vă rugăm să verificați dacă ați tastat greșit cheia.",
    "already":"Codul produsului pe care l-ați introdus a fost deja activat de un alt cont Steam.",
    "dlc":"Codul produsului pe care l-ai introdus necesită deținerea unui alt produs înainte de activare.",
    "wallet":"Codul pe care l-ai introdus este de pe un Card Cadou Steam sau un cod pentru Portofelul Steam",
    "toomany":"Recent au avut loc prea multe tentative de activare de pe acest cont. Te rugăm să așteptați și să încerci din nou mai târziu.",
    "default":"A apărut o eroare neașteptată. Codul produsului tău nu a fost revendicat. Te rugăm să aștepți 30 de minute și să încerci din nou să revendici codul."
  }
}