{
  "post_history":"Voir l'historique des messages",
  "add_nickname":"Ajout d'un surnom",
  "total_size":"Taille totale",
  "dlc_details":"Détails sur le contenu téléchargeable",
  "badge_not_unlocked":"Non débloqué",
  "each":"chacun",
  "view_in_market":"Voir sur le Marché de la Communauté",
  "homepage_spotlight":"Offre spéciale",
  "official_group_url":"steamcommunity.com/groups/enhancedsteam",
  "remove":"Retirer",
  "get_help":"Obtenir de l'aide",
  "add_selected_dlc_to_cart":"Ajouter les DLC sélectionnés au panier",
  "credits":"Crédits",
  "store_transactions":"Achats dans le magasin",
  "activates":"Activer sur Steam",
  "games_coupon":"Jeux avec des coupons",
  "all_friends_own":"Amis le possèdant (__friendcount__)",
  "translate":"Traduire",
  "search_names_only":"Chercher uniquement dans les noms",
  "packs":"Packs",
  "remove_owned_wishlist":"Retirer les jeux possédés de la liste de souhaits",
  "donate":"Faire un don",
  "close":"Fermer",
  "error":"Une erreur s'est produite",
  "go":"Aller",
  "activate":"Activer un produit",
  "activate_multiple_header":"Entrez les codes produit ci-dessous, un par ligne",
  "activate_multiple":"Activer plusieurs produits",
  "activate_products":"Activer les produits",
  "coupon_application_note":"Un coupon de votre inventaire sera utilisé automatiquement à l'achat.",
  "hide":"Masquer",
  "cards_owned":"__owned__ cartes sur __possible__ possédées",
  "common_label":"Masquer les jeux que vous ne possédez pas",
  "birthday_message":"Joyeux anniversaire Steam, __username__ ! Votre compte Steam a __age__ ans aujourd'hui.",
  "buying_total":"Total des ordres d'achat",
  "allreleases_products":"Sélectionnez les types de produits que vous souhaitez voir dans cette section",
  "library_menu":"Bibliothèque",
  "clear_cache":"Vider le cache de données",
  "events":"Événements",
  "translation":"Traduction",
  "lowest":"Le plus bas",
  "lowest_price":"Prix actuellement le plus bas",
  "view_badge_progress":"Voir la progression du badge",
  "badge_progress":"Progression du badge",
  "sales_total":"Total des ventes",
  "hold_total":"Total en attente",
  "view_normal_badge":"Voir la progression du badge",
  "community_name_account_header":"Compte de __username__",
  "apppage_sections":"Sélectionnez les sections que vous aimeriez voir sur cette page",
  "search_error":"Erreur lors du chargement de plus de résultats de recherche",
  "website":"Site web",
  "games":"Jeux",
  "total_time":"Durée totale",
  "dlc_suggest":"Suggérer une nouvelle catégorie",
  "badge_completion_cost":"Coût pour compléter le badge",
  "loading":"Chargement...",
  "selling":"Vente...",
  "quick_sell":"Vente rapide pour __amount__",
  "instant_sell":"Vente instantanée pour __amount__",
  "starting_at":"Prix de départ ",
  "hardwareads":"Publicité sur le matériel",
  "homepage_tabs":"Onglets de la page d'accueil",
  "store":"Magasin",
  "view_in":"Voir sur",
  "drm_third_party":"Attention : ce titre utilise le DRM d'un tiers",
  "stores":"Magasins",
  "game_transactions":"Achats en jeu",
  "after_coupon":"après le code du coupon",
  "games_installed":"Jeux installés",
  "hours_short":"__hours__ h",
  "faqs":"Foire aux questions",
  "spam_comment_show":"__num__ commentaires de spam masqués sur cette page. Cliquez ici pour les afficher.",
  "dlc":"Contenu téléchargeable",
  "add_to_wishlist":"Ajouter à votre liste de souhaits",
  "language":"Langue",
  "theworddefault":"Défaut",
  "coupon_learn_more":"<a href=\"https://support.steampowered.com/kb_article.php?ref=4210-YIPC-0275\">En savoir plus</a> sur les Coupons Steam",
  "show":"Afficher",
  "badges_all":"Tous les badges",
  "comparison_mode":"Permettre à tous les aperçus de jeux de voir la comparaison des jeux",
  "search":"Rechercher",
  "es_supporter":"Supporter Enhanced Steam",
  "view_to_scale":"Voir à l'échelle",
  "videos":"Vidéos/Bandes-annonces",
  "community":"Communauté",
  "dlc_data_header":"Détails sur le contenu téléchargeable",
  "graphics":"Graphismes",
  "trading_cards":"Cartes à échanger Steam",
  "view_badge":"Voir le badge",
  "purchase_total":"Total des achats",
  "view_foil_badge":"Voir la progression du badge premium",
  "view_astats":"Voir la page AStats",
  "apppage_purchase":"Options d'achat",
  "search_error_retry":"Cliquez ici pour réessayer",
  "contribute":"Contribuer (GitHub)",
  "reviews":"Évaluations",
  "read_reviews":"Lire les évaluations",
  "read_more_reviews":"Lire plus d'évaluations sur",
  "size":"Taille",
  "package_info":"Infos sur le package",
  "badge_completion_avg":"Coût moyen de complétion",
  "using_store":"Vous utilisez le magasin Steam pour la région __current__.",
  "volume_sold_last_24":"Volume : __sold__ vendus dans les dernières 24 heures",
  "sold_last_24":"__sold__ vendu dans les dernières 24 heures",
  "homepage_sidebar":"Barre latérale",
  "drop_calc":"Cliquez ici pour calculer le nombre de cartes restantes",
  "price":"Prix",
  "view_marketplace":"Voir le Marché",
  "market_transactions":"Transactions dans le marché",
  "card_drops_remaining":"__drops__ carte(s) restante(s)",
  "badges_drops":"Badges avec des cartes restantes",
  "using_language_return":"Cliquez ici pour naviguer sur Steam en __base__.",
  "spam_comment_warn":"Ici sont les dragons...",
  "guides":"Guides",
  "buy_wishlist":"Acheter le contenu de la liste de souhaits",
  "highlight":"Surlignage",
  "save":"Enregistrer",
  "not":"Pas __tag__",
  "add_to_cart":"Ajouter au panier",
  "view":"Vue",
  "games_all":"Tous les jeux",
  "permalink":"Permalien",
  "game_name":"Nom du jeu",
  "gift_transactions":"Achats de cadeaux",
  "demos":"Démos",
  "notinterested":"Articles pas intéressants",
  "mixed_item":"Articles au score variable",
  "negative_item":"Articles au score négatif",
  "price_above":"Articles coûtant plus de",
  "price_above_tooltip":"Entrer zéro pour les articles gratuits ou sans prix ; Laisser ce champ vide pour désactiver cette fonctionnalité",
  "news":"Nouveautés",
  "check_system":"Vérifier votre système",
  "viewinclient":"Voir dans le client Steam",
  "custom_background":"Arrière-plan personnalisé",
  "custom_style":"Thème personnalisé",
  "custom_style_help":"Tous les utilisateurs d'Enhanced Steam verront ce thème sur votre profil. Les autres utilisateurs ne verront aucune des modifications apportées ici.",
  "noneselected":"Aucun / pas de changement",
  "most_drops":"Le plus de cartes restantes",
  "badge_foil_progress":"Voir la progression du badge premium",
  "net_gain":"Bénéfice net",
  "apppage_legal":"Informations légales",
  "acrtag_msg":"Les échanges entre certaines régions ont été désactivés pour cet article",
  "bug_feature":"Signaler un bug / suggérer une fonctionnalité",
  "always":"Toujours",
  "compare":"Comparer",
  "discount":"Remise",
  "discountper":"Remise (Pourcentage)",
  "discountabs":"Remise (montant)",
  "rating_details":"Voir le détail de l'évaluation",
  "drops_worth_avg":"Valeur approximative",
  "using_store_return":"Cliquez ici pour retourner sur le magasin __base__.",
  "family_sharing_notice":"<b>Remarque :</b> Ce jeu est exclu du service de partage familial Steam.",
  "valid":"Validité ",
  "price_options":"Options des prix",
  "no_results_found":"Aucun résultat trouvé",
  "visit_store":"Visitez la page du magasin",
  "all":"Tous",
  "total_spent":"Total dépensé",
  "games_with_drops":"__dropsgames__ jeux avec des cartes restantes",
  "binder_view":"Grille",
  "view_stats":"Voir les stats",
  "using_language":"Vous naviguez sur Steam en __current__.",
  "popular":"Populaire",
  "visit_trade_forum":"Visiter le forum d'échange",
  "software":"Logiciel",
  "purchase_date":"(Acheté le __date__)",
  "custom_background_help":"Tous les utilisateurs d'Enhanced Steam verront cet arrière-plan sur votre profil. Les autres utilisateurs verront votre arrière-plan de profil standard.",
  "date_unlocked":"Date de déblocage",
  "view_badge_foil":"Voir le badge premium",
  "net_spent":"Dépense nette",
  "homepage_carousel":"Carrousel",
  "acrtag_tooltip":"Cet article ne peut pas être échangé entre les régions s'il est acheté en Europe de l'Est, en Amérique du Sud ou en Asie du Sud-Est",
  "official_group":"Groupe officiel",
  "saved":"Enregistré",
  "add_unowned_dlc_to_cart":"Ajouter les DLC non-possédés au panier",
  "buy":"Acheter",
  "buy_package":"Acheter __package__",
  "more_information":"Plus d'informations",
  "games_discount":"Jeux avec des remises",
  "region_unavailable":"Non disponible dans cette région",
  "item_type":"Type d'article",
  "avg_price_3cards":"Prix moyen de 3 cartes à échanger",
  "mods":"Mods",
  "empty_wishlist":"Vider la liste de souhaits",
  "empty_wishlist_confirm":"Êtes-vous sûr de vouloir vider votre liste de souhaits ?\n\nCette action ne peut pas être annulée !",
  "empty_wishlist_loading":"Vidage de votre liste de souhaits, veuillez patienter...",
  "about":"À propos",
  "never":"Jamais",
  "coupon_available":"Vous avez un coupon disponible !",
  "info":"Infos",
  "launch_random":"Lancer un jeu au hasard",
  "play_game":"Jouer à __gamename__ ?",
  "drops_value":"Plus haute valeur de carte",
  "notcommon_label":"Masquer les jeux que vous possédez",
  "show_all_steam_releases":"Afficher les nouvelles sorties Steam",
  "wishlist":"Liste de souhaits",
  "on_wishlist":"Dans votre liste de souhaits",
  "notdiscounted":"Articles sans remise",
  "cancel":"Annuler",
  "wiki_article":"Voir l'article de __pcgw__",
  "view_all":"TOUT AFFICHER",
  "programming":"Programmation",
  "historical_low":"Prix historiquement le plus bas",
  "games_with_booster":"__boostergames__ jeux éligibles pour des booster packs",
  "sort_by":"Trier par :",
  "lastonline":"Dernier en ligne",
  "edit_price":"Modifier le prix",
  "relist":"Remettre en vente",
  "relist_an_item":"Remettre un objet en vente",
  "relist_text":"Voulez-vous remettre cet objet en vente à un prix inférieur ?",
  "search_market":"Chercher sur le Marché de la Communauté Steam",
  "drm_third_party_sub":"Attention : un ou plusieurs titres dans ce package utilisent le DRM d'un tiers",
  "customize":"Personnaliser",
  "custom":"Personnalisé",
  "bundle_saving_text":"Voici ce que vous économisez en achetant ce pack",
  "thewordoptions":"Options",
  "concepts":"Concepts",
  "collections":"Collections",
  "discussions":"Discussions",
  "add_wishlist_note":"Ajouter une note à la liste de souhaits",
  "update_wishlist_note":"Mettre à jour la note de la liste de souhaits",
  "add_wishlist_note_prompt":"Saisissez votre note pour la liste de souhaits",
  "update_wishlist_note_prompt":"Mettez à jour votre note de la liste de souhaits",
  "results":"__num__ résultats",
  "all_results":"Tous les __num__ résultats sont affichés",
  "see_more":"En voir plus",
  "lowest_price_format":"__price__ sur __store__",
  "historical_low_format":"__price__ sur __store__ le __date__",
  "favorited":"Favoris",
  "followed":"Suivi",
  "leave_group_selected":"Quitter la sélection",
  "leave_group_all":"Quitter tous",
  "leave_group_all_confirm":"Vous êtes sur le point de quitter TOUS LES GROUPES auxquels vous appartenez ! Êtes-vous sûr de vouloir continuer ?",
  "leave_group_admin_confirm":"Vous êtes administrateur de ce groupe : __groupname__\nÊtes-vous sûr de vouloir le quitter ?",
  "wrong_try_again":"Une erreur est survenue. Veuillez réessayer.",
  "join_group":"Rejoindre le groupe",
  "chat":"Chat",
  "web_browser_chat":"Chat dans le navigateur",
  "steam_client_chat":"Chat dans le client Steam",
  "available":"Disponible",
  "set_as_background":"Définir comme arrière-plan",
  "preview_background":"Prévisualiser l'arrière plan",
  "details":"Détails",
  "expand_slider":"Agrandir",
  "contract_slider":"Réduire",
  "early_access":"Accès anticipé",
  "filter_games":"Filtrer les jeux",
  "note_for":"Note pour",
  "show_wishlist_total":"Afficher le total de la liste de souhaits",
  "tag_short":"Utiliser des tags courts pour économiser l’espace",
  "no_price_data":"Aucune donnée de prix disponible",
  "exclude_tags":"Exclure par tag",
  "user_score":"Note des utilisateurs",
  "user_reviews":"Évaluations des utilisateurs",
  "review_summary":"__percent__ des __num__ évaluations des utilisateurs de ce jeu sont positives.",
  "market_popular_items_toggle":"Activer/désactiver la mise à jour en direct des articles populaires",
  "achievements":{
    "option":"Afficher les succès dans le magasin",
    "achievements":"Succès",
    "includes":"Inclut __num__ succès Steam",
    "view_all":"Afficher tous les succès"
  },
  "bundle":{
    "offer_ends":" L'offre prend fin",
    "at_least":"Payez au moins",
    "pwyw":"Payez ce que vous voulez",
    "includes":"Inclut __num__ articles",
    "tier_includes":"__tier__ (__price__) inclut __num__ articles",
    "tier":"Niveau __num__",
    "header":"Packs incluant ce jeu",
    "info":"Infos sur le pack",
    "bundle_count":"Nombre de fois que ce jeu a été dans un pack"
  },
  "charts":{
    "peakall":"pointe la plus élevée",
    "current":"Joueurs actuels",
    "playing_now":"jouent en ce moment",
    "peaktoday":"pointe du jour"
  },
  "hltb":{
    "title":"Combien de temps pour le finir",
    "main_e":"Histoire principale et extras ",
    "compl":"Perfectionniste ",
    "submit":"Envoyer votre temps",
    "main":"Histoire principale ",
    "no_data":"Aucune donnée trouvée",
    "help":"Cliquez ici pour aider",
    "wrong":"Mauvais jeu ?"
  },
  "library":{
    "in_library":"Dans votre bibliothèque",
    "error_loading_library":"Impossible de charger votre bibliothèque.",
    "categories":"Catégories...",
    "genres":"Genres...",
    "private_profile":"Changez le statut de votre profil pour public <a href='http://steamcommunity.com/my/edit/settings'>dans vos paramètres</a> pour utiliser cette fonctionnalité."
  },
  "spy":{
    "player_data":"Données des joueurs",
    "owners":"Propriétaires",
    "players_total":"Total des joueurs",
    "players_2weeks":"Joueurs au cours des deux dernières semaines",
    "average_playtime":"Temps de jeu moyen",
    "average_playtime_2weeks":"Temps de jeu moyen au cours des deux dernières semaines",
    "formatted_time":"__hours__ heures, __minutes__ minutes"
  },
  "options":{
    "wsgf":"Afficher les informations du WSGF (écran large)",
    "version_show":"Afficher le Journal des modifications lors de la mise à jour d'Enhanced Steam",
    "steamcardexchange":"Afficher les liens SteamCardExchange sur les badges",
    "regional_price":"Comparaison des prix par région",
    "acrtag":"Afficher des avertissements sur les articles quand l'échange entre régions est désactivé",
    "excludef2p":"Exclure les jeux Free To Play du surlignage",
    "contscroll":"Activer le défilement continu dans les résultats des recherches",
    "profile_link_images_none":"Aucune",
    "replace_account_name":"Remplacer le nom du compte par le nom communautaire",
    "profile_links":"Afficher les liens de profil de ",
    "library_header":"Bibliothèque (BÊTA)",
    "tag":"Tag",
    "icon":"Icône",
    "name":"Nom",
    "show_alternative_linux_icon":"Afficher l'icône Linux alternative",
    "showcomparelinks":"Afficher les liens \"Comparer\" pour les succès sur la page d'activité des amis",
    "hidetmsymbols":"Symboles des marques et du droit d'auteur dans les titres des jeux",
    "metacritic":"Afficher les scores des utilisateurs de Metacritic",
    "opencritic":"Afficher les informations d'Opencritic.com",
    "hideactivelistings":"Masquer, par défaut, toutes les offres actives sur la page d'accueil du Marché",
    "clear":"Êtes-vous sûr de vouloir réinitialiser toutes les options ? Cela ne peut pas être annulée.",
    "profile_api_info":"Afficher le lien API utilisateur sur les profils",
    "coupon":"Articles pour lesquels vous avez des coupons",
    "show_package_info":"Afficher les informations sur les packages pour toutes les applications",
    "wlbuttoncommunityapp":"Afficher le bouton \"Ajouter à votre liste de souhaits\" dans les hubs de la communauté",
    "removeguideslanguagefilter":"Ne pas filtrer automatiquement les guides par la langue de l'utilisateur",
    "disablelinkfilter":"Désactiver la confirmation lors de l'accès à des sites externes",
    "regional_price_on":"Afficher la comparaison des prix par région",
    "cart":"Articles dans votre panier",
    "friends_own":"Articles que vos amis possèdent",
    "drm":"Afficher les avertissements sur les DRMs tierces",
    "profile_permalink":"Afficher un permalien dans les profils",
    "show_regionwarning":"Afficher un avertissement si vous naviguez hors de la région de votre compte",
    "foot_link":"Extension Enhanced Steam",
    "profile_link_images":"Images des liens de profil ",
    "library":"Afficher le bouton Bibliothèque dans l'en-tête",
    "show1clickgoo":"Afficher \"1-Click Transformer en gemmes...\" sur les objets transformables",
    "hidedlcunownedgames":"DLC pour les jeux que vous ne possédez pas",
    "hltb":"Afficher les informations de HowLongToBeat.com",
    "hidespamcomments":"Masquer les commentaires de spam du Workshop et des profils",
    "hide_owned":"Articles que vous possédez dans les résultats de recherche et les pages de tags",
    "reset":"Réinitialiser les options",
    "api_key":"Clé API",
    "gift":"Articles stockés en tant que cadeaux",
    "show_sysreqcheck":"Afficher un bouton pour vérifier la configuration système requise dans la page des applications (expérimental !)",
    "es_bg":"Définir un arrière-plan personnalisé dans la page de modification du profil",
    "regional_price_mouse":"Au passage de la souris sur le prix",
    "friends_rec":"Articles que vos amis ont évalués",
    "lowestprice_header":"Informations sur l'historique des prix",
    "total_spent":"Afficher \"Total dépensé\" dans la page du compte",
    "add_wallet_balance":"Afficher les fonds du Porte-monnaie Steam dans l'en-tête",
    "add_to_cart_wishlist":"Afficher le bouton \"Ajouter au panier\" dans la liste de souhaits",
    "about_text":"À propos d'<a href='http://www.enhancedsteam.com'>Enhanced Steam</a> :<p>Enhanced Steam est une extension pour Google Chrome qui ajoute de nombreuses nouvelles fonctionnalités sur le site de Steam.<p>Caractéristiques incluses :<ul><li>Le surlignage des jeux que vous possédez déjà</li><li>Le surlignage des jeux dans votre liste de souhaits</li><li>Le calcul correct des remises de pack basé sur les jeux que vous possédez déjà</li><li>L'affichage de l'argent que vous avez dépensé sur Steam pour la durée de vie de votre compte</li><li>Le surlignage des DLCs que vous possédez sur la page du jeu</li><li>La correction du \"No Image Available\" des icônes de jeu dans votre liste de souhaits pour n'importe quel jeu ou DLC</li><li>L'affichage des titres avec des DRMs tierces</li></ul><p>Si vous trouvez cette extension utile, veuillez envisager de faire don.",
    "stores_all":"Comparer tous les magasins",
    "show_early_access_text":"Afficher des bannières d'images pour l'accès anticipé",
    "author_info":"par jshackles",
    "profile_link_images_gray":"Niveaux de gris",
    "quickinv":"Afficher les boutons pour la vente rapide d'objets de la communauté Steam dans l'inventaire",
    "quickinv_diff":"Modificateur de vente rapide :",
    "library_f2p":"Afficher les jeux gratuits auxquels vous avez joué et les démos dans la bibliothèque",
    "inventory_market_text":"Afficher les prix du marché dans la page d'inventaire",
    "send_age_info":"Activer la vérification automatique de l'âge",
    "pcgw":"Afficher les liens PCGamingWiki",
    "store_steamcards":"Afficher les liens SteamCardExchange dans le magasin",
    "spamcommentregex":"Expression régulière : ",
    "hide_owned_homepage":"Articles que vous possédez sur la page d'accueil",
    "saved_note":"Options sauvegardées",
    "regional_hideworld":"Cacher le globe indicateur",
    "show_astatslink":"Afficher le lien AStats dans les pages des applications",
    "showclient":"Afficher les liens pour le client Steam",
    "guest":"Articles pour lesquels vous avez des invitations",
    "show_steamchart_info":"Afficher les informations de SteamCharts.com",
    "show_steamspy_info":"Afficher les informations de steamspy.com",
    "showallachievements":"Afficher les statistiques des succès dans la page \"Tous les jeux\"",
    "lowestprice_onwishlist":"Afficher dans la liste de souhaits",
    "steamrepapi":"Afficher le statut SteamRep sur les profils",
    "header":"En-tête",
    "lowestprice":"Afficher l'historique des prix",
    "group_events":"Afficher les événements dans l'aperçu des groupes",
    "changelog":"Journal des modifications :",
    "owned":"Articles que vous possédez",
    "steamdb":"Afficher les liens SteamDB",
    "hide_early_access":"Masquer les jeux en accès anticipé sur la page d'accueil, en navigant et dans les pages de recherche",
    "reset_note":"Options réinitialisées",
    "html5video":"Afficher les vidéos en utilisant HTML5 au lieu de Flash",
    "profiles_link_group_game":"Exclusif pour ce jeu",
    "friends_wishlist":"Articles que vos amis ont dans leurs listes de souhaits",
    "showspeechsearch":"Ajouter la saisie vocale aux boîtes de recherche",
    "profile_link_images_color":"Colorées",
    "hide_about":"Masquer le lien \"À propos\"",
    "show_empty_wishlist":"Afficher le bouton \"Vider la liste de souhaits\"",
    "inventory_nav_text":"Activer la navigation avancée dans la page d'inventaire",
    "carousel_description":"Afficher les descriptions des applications dans le carrousel du magasin",
    "market_total":"Afficher un récapitulatif des transactions sur le Marché",
    "hide_install":"Masquer le bouton \"Installer Steam\"",
    "lowestprice_coupon":"Inclure les codes des coupons dans la comparaison des prix",
    "general":"Général",
    "market":"Marché",
    "inventory":"Inventaire",
    "profile":"Profil",
    "show_languagewarning":"Afficher un avertissement si vous naviguez dans une langue autre que",
    "homepage":"Page d'accueil",
    "homepage_default_tab":"Onglet par défaut de la page d'accueil ",
    "homepage_default_tab_remember":"Dernier choix",
    "homepage_default_tab_newreleases":"Sorties populaires",
    "homepage_default_tab_allreleases":"Toutes les nouveautés",
    "homepage_default_tab_topsellers":"Meilleures ventes",
    "homepage_default_tab_upcoming":"Bientôt",
    "homepage_default_tab_specials":"Offres",
    "wishlist":"Articles souhaités",
    "add_another_region":"Ajouter",
    "skip_got_steam":"Éviter la fenêtre \"Vous avez Steam ?\"",
    "store_general_thirdparty":"Options pour les informations de sites tiers",
    "purchase_dates":"Afficher les dates d'achat dans le magasin",
    "show_badge_progress":"Afficher la progression des badges dans le magasin",
    "show_wishlist_link":"Afficher un lien vers la liste de souhaits dans les profils",
    "show_wishlist_count":"Afficher le nombre d'articles dans la liste de souhaits",
    "lang":{
      "english":"Anglais",
      "brazilian":"Portugais du Brésil",
      "bulgarian":"Bulgare",
      "czech":"Tchèque",
      "danish":"Danois",
      "dutch":"Néerlandais",
      "finnish":"Finnois",
      "french":"Français",
      "greek":"Grec",
      "german":"Allemand",
      "hungarian":"Hongrois",
      "italian":"Italien",
      "japanese":"Japonais",
      "koreana":"Coréen",
      "norwegian":"Norvégien",
      "polish":"Polonais",
      "portuguese":"Portugais",
      "russian":"Russe",
      "romanian":"Roumain",
      "schinese":"Chinois simplifié",
      "spanish":"Espagnol",
      "swedish":"Suédois",
      "tchinese":"Chinois traditionnel",
      "thai":"Thai",
      "turkish":"Turc",
      "ukrainian":"Ukrainien"
    }
  },
  "ready":{
    "errormsg":"Erreur lors du chargement des données d'Enhanced Steam",
    "loading":"Chargement des données d'Enhanced Steam...",
    "ready":"Enhanced Steam prêt",
    "failed":"Une ou plusieurs demandes ont échoué"
  },
  "twitch":{
    "now_streaming":"__username__ diffuse en direct sur Twitch",
    "viewers":"Spectateurs",
    "followers":"Abonnés",
    "views":"Vues"
  },
  "survey":{
    "performance_survey":"Enquête de performance",
    "users":"__users__ utilisateurs ont répondu à l'enquête de performance pour ce jeu",
    "framerate":"Fréquence d'images ",
    "framerate_response":"ont répondu que la fréquence d'images est",
    "framerate_30":"bloquée à 30 fps ou moins",
    "framerate_fi":"bloquée à plus de 30 fps",
    "framerate_va":"variable, dépend du matériel",
    "resolution":"Résolution ",
    "resolution_support":"Ce jeu semble supporter",
    "resolution_less":"une résolution inférieure à __pixels__",
    "resolution_up":"une résolution allant jusqu'à __pixels__",
    "graphics_settings":"Paramètres graphiques ",
    "satisfaction":"Satisfaction sur les performances par GPU",
    "gs_y":"A des options graphiques intégrées ou un menu graphique",
    "gs_n":"N'a pas d'options graphiques intégrées ou un menu graphique",
    "nobody":"Personne n'a participé l'enquête de performance pour ce jeu",
    "take":"Participer à l'enquête"
  },
  "select":{
    "wishlisted_dlc":"Sélectionner les DLC de la liste de souhaits",
    "none":"Sélectionner aucun",
    "unowned_dlc":"Sélectionner les DLC non-possédés"
  },
  "tag":{
    "wishlist":"Liste de souhaits",
    "friends_own":"__friendcount__ propriétaire(s)",
    "coupon":"Coupon",
    "friends_rec":"<a href=\"http://store.steampowered.com/recommended/byfriends/__appid__\">__friendcount__ évaluation(s) d'ami(s)",
    "inv_gift":"Cadeau",
    "inv_guestpass":"Invitation",
    "owned":"Possédé",
    "notinterested":"Pas intéressé",
    "friends_want":"<a href=\"http://steamcommunity.com/my/friendsthatplay/__appid__\">__friendcount__ souhait(s)</a>"
  },
  "wallet":{
    "custom_amount":"Ajouter un montant personnalisé",
    "custom_amount_text":"Ajouter un montant supérieur à __minamount__"
  },
  "wsgf":{
    "incomplete":"Incomplet",
    "unsupported":"Ce score est accordé aux jeux qui ne supportent pas le __type__. Le jeu peut être injouable en __type__ ou l'image est étirée pour s'adapter à la fenêtre. Le format de l'image n'est pas respecté.",
    "gold":"Cette médaille est accordée aux jeux qui ont reçu un score parfait du WSGF pour leur support du __type__, et sont certifiés pour le __type__.",
    "silver":"Cette médaille est accordée aux jeux qui ont reçu un rang calculé de B pour leur support du __type__. Tous ces jeux n'ont pas de défaut majeur, mais ils en ont au moins un qui les empêche d'avoir un score parfait.",
    "limited":"Ce score est accordé aux jeux qui ont reçu un rang calculé de C pour leur support du __type__. Tous ces jeux ont un certain niveau de support du __type__ mais ont des problèmes importants.",
    "certifications":"Certifications écran large du WSGF"
  },
  "itad":{
    "option":"Afficher une option dans le menu pour synchroniser les données vers IsThereAnyDeal.com",
    "send_to_itad":"Envoyer la liste des jeux possédés vers IsThereAnyDeal",
    "sending":"Chargement de la liste des jeux et des packages vous appartenant et envoit à IsThereAnyDeal.com"
  },
  "tradeoffer":{
    "num_item":"__num__ objet",
    "num_items":"__num__ objets"
  },
  "update":{
    "dont_show":"Ne plus afficher",
    "updated":"Enhanced Steam a été mis à jour à la version __version__",
    "changes":"Cette version apporte les modifications suivantes"
  },
  "register":{
    "success":"__gamename__ activé avec succès",
    "owned":"Ce compte Steam a déjà fait l'acquisition du ou des produits couverts par cette offre.",
    "notavail":"Désolé, mais ce produit n'est pas disponible à l'achat dans ce pays. Votre code produit n'a pas été activé.",
    "invalid":"Le code produit que vous avez saisi n'est pas valide. Vérifiez que vous n'avez pas fait d'erreur en saisissant votre code.",
    "already":"Le code produit que vous avez saisi est associé à un compte Steam différent.",
    "dlc":"Le code produit que vous avez indiqué nécessite que vous disposiez d'un autre produit avant de pouvoir être activé.",
    "wallet":"Le code que vous avez saisi est un code de porte-monnaie Steam ou d'une carte cadeau",
    "toomany":"Trop de tentatives d'activation récentes depuis ce compte ont été effectuées. Veuillez patienter et réessayer d'activer votre code produit plus tard.",
    "default":"Une erreur s'est produite. Votre code produit n'a pas été activé. Veuillez attendre 30 minutes et réessayer."
  }
}