{
  "post_history":"Ver historial de mensajes",
  "add_nickname":"Añadir nombre de usuario",
  "total_size":"Tamaño total",
  "dlc_details":"Detalles de contenido descargable",
  "badge_not_unlocked":"No desbloqueada",
  "each":"Cada uno",
  "view_in_market":"Ver en el Mercado de la Comunidad",
  "homepage_spotlight":"Destacados",
  "official_group_url":"steamcommunity.com/groups/enhancedsteam",
  "remove":"Eliminar",
  "get_help":"Obtener ayuda",
  "add_selected_dlc_to_cart":"Añadir el DLC seleccionado al carrito",
  "credits":"Créditos",
  "store_transactions":"Transacciones de la tienda",
  "activates":"activable en Steam",
  "games_coupon":"Juegos con cupones",
  "all_friends_own":"Todos los amigos que lo tienen (__friendcount__)",
  "translate":"Traducir",
  "search_names_only":"Buscar solo en nombres",
  "packs":"Paquetes",
  "remove_owned_wishlist":"Eliminar juegos que ya tienes de la lista de deseados",
  "donate":"Donar",
  "close":"Cerrar",
  "error":"Se ha producido un error.",
  "go":"Ir",
  "activate":"Activar un producto",
  "activate_multiple_header":"Introduce las claves de producto a continuación, una por línea.",
  "activate_multiple":"Activar varios productos",
  "activate_products":"Activar productos",
  "coupon_application_note":"Los cupones de tu inventario se aplicarán automáticamente a la hora de pagar.",
  "hide":"Ocultar",
  "cards_owned":"Tienes __owned__ de __possible__ cromos",
  "common_label":"Ocultar juegos que no posees",
  "birthday_message":"Feliz Cumpleaños de Steam, __username__! Tu cuenta de Steam cumple hoy __age__ años.",
  "buying_total":"Compra total del pedido",
  "allreleases_products":"Selecciona el tipo de productos que deseas ver en esta sección",
  "library_menu":"Biblioteca",
  "clear_cache":"Borrar datos del caché",
  "events":"Eventos",
  "translation":"Traducción",
  "lowest":"Más bajo",
  "lowest_price":"Precio más bajo actualmente",
  "view_badge_progress":"Ver progreso de insignia",
  "badge_progress":"Progreso de la insignia",
  "sales_total":"Ventas totales",
  "hold_total":"Total en espera",
  "view_normal_badge":"Ver Progreso de Insignia Normal",
  "community_name_account_header":"Cuenta de __username__",
  "apppage_sections":"Elige las secciones que quieres ver en esta página",
  "search_error":"Error al cargar más resultados de búsqueda",
  "website":"Página web",
  "games":"Juegos",
  "total_time":"Tiempo total",
  "dlc_suggest":"Sugerir nueva categoría",
  "badge_completion_cost":"Coste de completado de la insignia",
  "loading":"Cargando...",
  "selling":"Vender...",
  "quick_sell":"Vender rápido por __amount__",
  "instant_sell":"Vender inmediatamente por __amount__",
  "starting_at":"Desde",
  "hardwareads":"Publicidad de hardware",
  "homepage_tabs":"Pestañas de la página de Inicio",
  "store":"Tienda",
  "view_in":"Ver en",
  "drm_third_party":"ATENCIÓN: Este título utiliza DRM de terceros",
  "stores":"Tiendas",
  "game_transactions":"Transacciones en juegos",
  "after_coupon":"tras aplicar el cupón",
  "games_installed":"Juegos instalados",
  "hours_short":"__hours__ h",
  "faqs":"Preguntas más frecuentes",
  "spam_comment_show":"__num__ comentarios ocultos marcados como spam. Haz clic aquí para mostrarlos.",
  "dlc":"Contenido descargable",
  "add_to_wishlist":"Añadir a tu lista de deseados",
  "language":"Idioma",
  "theworddefault":"Por defecto",
  "coupon_learn_more":"<a href=\"https://support.steampowered.com/kb_article.php?ref=4210-YIPC-0275\">Mas información</a> sobre los cupones de Steam",
  "show":"Mostrar",
  "badges_all":"Todas las insignias",
  "comparison_mode":"Habilitar todo sobre el juego para ver la comparación del juego",
  "search":"Buscar",
  "es_supporter":"Seguidor de Enhanced Steam",
  "view_to_scale":"Ver a escala",
  "videos":"Vídeos / Avances",
  "community":"Comunidad",
  "dlc_data_header":"Detalles del contenido descargable",
  "graphics":"Gráficos",
  "trading_cards":"Cromos de Steam",
  "view_badge":"Ver insignia",
  "purchase_total":"Compras totales",
  "view_foil_badge":"Ver Progreso de Insignia Reflectante",
  "view_astats":"Ver página de AStats",
  "apppage_purchase":"Opciones de compra",
  "search_error_retry":"Haz clic aquí para reintentarlo",
  "contribute":"Contribuir (GitHub)",
  "reviews":"Análisis",
  "read_reviews":"Leer análisis",
  "read_more_reviews":"Lee más análisis en",
  "size":"Tamaño",
  "package_info":"Datos del paquete",
  "badge_completion_avg":"Coste de completado medio",
  "using_store":"Estás utilizando la tienda de Steam de la siguiente zona: __current__.",
  "volume_sold_last_24":"Volumen: __sold__ venta(s) en las últimas 24 horas",
  "sold_last_24":"__sold__ venta(s) en las últimas 24 horas",
  "homepage_sidebar":"Barra lateral",
  "drop_calc":"Haz clic aquí para calcular las obtención aleatorias restantes",
  "price":"Precio",
  "view_marketplace":"Ver en el mercado",
  "market_transactions":"Transacciones del mercado",
  "card_drops_remaining":"Quedan __drops__ obtenciones de cromos",
  "badges_drops":"Insignias con obtenciones de cromos restantes",
  "using_language_return":"Haz clic aquí para usar Steam en __base__.",
  "spam_comment_warn":"No pongas tus manos al fuego...",
  "guides":"Guías",
  "buy_wishlist":"Comprar lista de deseados",
  "highlight":"Destacar",
  "save":"Guardar",
  "not":"Sin __tag__",
  "add_to_cart":"Añadir al carrito",
  "view":"Ver",
  "games_all":"Todos los juegos",
  "permalink":"Enlace permanente",
  "game_name":"Nombre del Juego",
  "gift_transactions":"Transacciones de regalos",
  "demos":"Demos",
  "notinterested":"Artículos marcados no interesantes",
  "mixed_item":"Artículos con recepción mixta",
  "negative_item":"Artículos con recepción negativa",
  "price_above":"Artículos que cuestan mas de",
  "price_above_tooltip":"Introduce un cero para buscar artículos gratuitos o sin precio; deja este campo vacío para desactivar esta función",
  "news":"Noticias",
  "check_system":"Comprueba tu sistema",
  "viewinclient":"Ver en el cliente de Steam",
  "custom_background":"Fondo de perfil personalizado",
  "custom_style":"Tema personalizado",
  "custom_style_help":"Todos los usuarios de Enhanced Steam podrán ver este tema en tu perfil.  Los que no tengan Enhanced Steam no verán ningún cambio aquí.",
  "noneselected":"Ninguno seleccionado / sin cambios",
  "most_drops":"Mayores obtenciones",
  "badge_foil_progress":"Ver Progreso de Insignia Reflectante",
  "net_gain":"Ganancias netas",
  "apppage_legal":"Información legal",
  "acrtag_msg":"Comercio entre ciertas regiones ha sido deshabilitado para este artículo",
  "bug_feature":"Informar de un error / Sugerir una característica",
  "always":"Siempre",
  "compare":"Comparar",
  "discount":"Descuento",
  "discountper":"Descuento (porcentaje)",
  "discountabs":"Descuento (cantidad)",
  "rating_details":"Ver detalles",
  "drops_worth_avg":"Valoración Aproximada",
  "using_store_return":"Haz clic aquí para volver a la tienda __base__.",
  "family_sharing_notice":"<b>Aviso:</b> Este juego está excluido del Préstamo Familiar de Steam.",
  "valid":"Válido",
  "price_options":"Opciones de precio",
  "no_results_found":"No se encontraron resultados",
  "visit_store":"Visita la Página de la Tienda",
  "all":"Todo",
  "total_spent":"Total gastado",
  "games_with_drops":"Quedan __dropsgames__ juegos con obtenciones de cromos",
  "binder_view":"Vista de carpeta",
  "view_stats":"Ver estadísticas",
  "using_language":"Estás usando Steam en __current__",
  "popular":"Popular",
  "visit_trade_forum":"Visitar foro de intercambio",
  "software":"Software",
  "purchase_date":"(Comprado el __date__)",
  "custom_background_help":"Todos los usuarios de Enhanced Steam podrán ver este fondo en tu perfil.  Los que no tengan Enhanced Steam no verán ningún cambio aquí.",
  "date_unlocked":"Fecha de desbloqueo",
  "view_badge_foil":"Ver Insignia Reflectante",
  "net_spent":"Gastos netos",
  "homepage_carousel":"Carrusel",
  "acrtag_tooltip":"Este artículo no puede ser intercambiado entre regiones si fue comprado en Europa del Este, América del Sur, o Sur-Este de Asia",
  "official_group":"Grupo oficial",
  "saved":"Guardado",
  "add_unowned_dlc_to_cart":"Añadir al carrito las DLC que no tengas",
  "buy":"Comprar",
  "buy_package":"Comprar __package__",
  "more_information":"Más información",
  "games_discount":"Juegos con descuentos",
  "region_unavailable":"No disponible en tu región",
  "item_type":"Tipo de Objeto",
  "avg_price_3cards":"Precio medio de tres cromos.",
  "mods":"Mods",
  "empty_wishlist":"Vacíar lista de deseados",
  "empty_wishlist_confirm":"¿Estás seguro que deseas vaciar tu lista de deseados?\n\n!Esta acción no se puede deshacer!",
  "empty_wishlist_loading":"Vaciando tu lista de deseados. Por favor, espera...",
  "about":"Acerca de",
  "never":"Nunca",
  "coupon_available":"¡Tienes un cupón disponible!",
  "info":"Información",
  "launch_random":"Lanzar juego al azar",
  "play_game":"¿Jugar a __gamename__?",
  "drops_value":"Obtención Más Valiosa",
  "notcommon_label":"Ocultar juegos que ya tienes",
  "show_all_steam_releases":"Mostrar todos los lanzamientos de Steam",
  "wishlist":"Lista de deseados",
  "on_wishlist":"En la lista de deseados",
  "notdiscounted":"Artículos sin descuento",
  "cancel":"Cancelar",
  "wiki_article":"Ver artículo de __pcgw__",
  "view_all":"VER TODOS",
  "programming":"Programación",
  "historical_low":"Precio más bajo en el que estuvo",
  "games_with_booster":"__boostergames__ juegos elegibles para packs de refuerzo",
  "sort_by":"Ordenar por:",
  "lastonline":"Última conexión",
  "edit_price":"Editar precio",
  "relist":"Poner en venta",
  "relist_an_item":"Poner en venta un artículo",
  "relist_text":"¿Quieres poner en venta este artículo a un precio menor?",
  "search_market":"Buscar el Mercado de la Comunidad de Steam",
  "drm_third_party_sub":"Advertencia: Uno o más títulos en este paquete usa DRM de terceros",
  "customize":"Personalizar",
  "custom":"Personalizar",
  "bundle_saving_text":"Esto es lo que ahorras al comprar este pack",
  "thewordoptions":"Opciones",
  "concepts":"Conceptos",
  "collections":"Colecciones",
  "discussions":"Discusiones",
  "add_wishlist_note":"Añadir una nota a la lista de deseados",
  "update_wishlist_note":"Actualizar nota de la lista de deseados",
  "add_wishlist_note_prompt":"Introduce tu nota de la lista de deseados",
  "update_wishlist_note_prompt":"Actualiza tu nota de la lista de deseados",
  "results":"__num__ resultados",
  "all_results":"Se muestran todos los __num__ resultados",
  "see_more":"Ver más",
  "lowest_price_format":"__price__ en __store__",
  "historical_low_format":"__price__ en __store__ en __date__",
  "favorited":"En favoritos",
  "followed":"Seguido",
  "leave_group_selected":"Abandonar los seleccionados",
  "leave_group_all":"Abandonar todos",
  "leave_group_all_confirm":"¡Estás a punto de abandonar TODOS los grupos a los que perteneces! ¿Quieres continuar?",
  "leave_group_admin_confirm":"Eres administrador de este grupo: __groupname__ \n¿Seguro que quieres dejarlo?",
  "wrong_try_again":"Algo ha salido mal. Por favor, vuelve a intentarlo.",
  "join_group":"Unirse al grupo",
  "chat":"Chat",
  "web_browser_chat":"Chat en navegador web",
  "steam_client_chat":"Chat en Steam",
  "available":"Disponible",
  "set_as_background":"Establecer como fondo",
  "preview_background":"Vista previa del fondo",
  "details":"Detalles",
  "expand_slider":"Ampliar el control deslizante",
  "contract_slider":"Contraer el control deslizante",
  "early_access":"Early access",
  "filter_games":"Filtrar juegos",
  "note_for":"Nota para",
  "show_wishlist_total":"Ver total de lista de deseados",
  "tag_short":"Usa etiquetas cortas para ahorrar espacio",
  "no_price_data":"No hay datos de precios disponibles",
  "exclude_tags":"Excluir etiquetas",
  "user_score":"Puntuación de usuarios",
  "user_reviews":"Reseñas de usuarios",
  "review_summary":"Un __percent__ de __num__ análisis de este juego son positivos.",
  "market_popular_items_toggle":"Activar actualización en vivo para artículos populares",
  "achievements":{
    "option":"Mostrar logros en las páginas de la tienda",
    "achievements":"Logros",
    "includes":"Incluye __num__ Logros de Steam",
    "view_all":"Ver todos los Logros"
  },
  "bundle":{
    "offer_ends":"Oferta finalizada",
    "at_least":"Paga al menos",
    "pwyw":"Paga lo que quieras",
    "includes":"Incluye __num__ artículos",
    "tier_includes":"__tier__ (__price__) incluye __num__ artículos",
    "tier":"Nivel __num__",
    "header":"Packs que incluyen este juego",
    "info":"Datos del paquete",
    "bundle_count":"Veces que este juego ha estado en un pack"
  },
  "charts":{
    "peakall":"máximo histórico",
    "current":"Jugadores actuales",
    "playing_now":"jugando ahora",
    "peaktoday":"máximo de hoy"
  },
  "hltb":{
    "title":"Tiempo para completar",
    "main_e":"Historia y extras",
    "compl":"Completitsta",
    "submit":"Enviar tu tiempo",
    "main":"Historia principal",
    "no_data":"No se han encontrado datos",
    "help":"Pulse aquí para ayuda",
    "wrong":"¿Juego equivocado?"
  },
  "library":{
    "in_library":"En la biblioteca",
    "error_loading_library":"No se ha podido cargar tu librería",
    "categories":"Categorías...",
    "genres":"Géneros...",
    "private_profile":"Haz público tu perfil <a href='http://steamcommunity.com/my/edit/settings'>en ajustes</a> para utilizar esta característica."
  },
  "spy":{
    "player_data":"Datos de jugadores",
    "owners":"Propietarios",
    "players_total":"Total de jugadores",
    "players_2weeks":"Jugadores en las últimas dos semanas",
    "average_playtime":"Tiempo medio de juego",
    "average_playtime_2weeks":"Tiempo medio de juego en las dos últimas semanas",
    "formatted_time":"__hours__ horas, __minutes__ minutos"
  },
  "options":{
    "wsgf":"Mostrar información WSGF (panorámico)",
    "version_show":"Mostrar registro de cambios al actualizar Enhanced Steam",
    "steamcardexchange":"Mostrar enlaces a SteamCardExchange en las insignias",
    "regional_price":"Comparación de Precios Regionales",
    "acrtag":"Mostrar advertencias sobre artículos en los que no está habilitado el intercambio entre regiones",
    "excludef2p":"No destacar los juegos Free to Play",
    "contscroll":"Activar deslizamiento continuo en los resultados de búsqueda",
    "profile_link_images_none":"Ninguno",
    "replace_account_name":"Reemplazar el nombre de la cuenta por el de la comunidad",
    "profile_links":"Mostrar enlaces en el perfil a",
    "library_header":"Biblioteca (BETA)",
    "tag":"Etiqueta",
    "icon":"Icono",
    "name":"Nombre",
    "show_alternative_linux_icon":"Mostrar icono alternativo de Linux",
    "showcomparelinks":"Mostrar \"Comparar\" enlaces para logros en la lista de actividad de amigos",
    "hidetmsymbols":"Símbolos de Marca Registrada y Derechos de Autor en los títulos de los juegos",
    "metacritic":"Mostrar puntuaciones de los usuarios de Metacritic",
    "opencritic":"Mostrar información de Opencritic.com",
    "hideactivelistings":"Ocultar todas las listas activas en el índice del mercado",
    "clear":"¿Estás seguro que querés reiniciar todas las opciones? Esto no puede ser deshecho.",
    "profile_api_info":"Enseñar link del API de usuario en los perfiles",
    "coupon":"Artículos con cupones",
    "show_package_info":"Mostrar información de pack para todas las aplicaciones",
    "wlbuttoncommunityapp":"Mostrar botón \"Añadir a la lista de deseados\" en los puntos de encuentro",
    "removeguideslanguagefilter":"No filtrar las guías automáticamente por el idioma del usuario",
    "disablelinkfilter":"Desactivar confirmación al acceder a sitios externos",
    "regional_price_on":"Mostrar comparación de precios regionales",
    "cart":"Artículos en su carro",
    "friends_own":"Artículos que tienen tus amigos",
    "drm":"Mostrar advertencias de DRM de terceros",
    "profile_permalink":"Mostrar link permanentes en los perfiles",
    "show_regionwarning":"Mostrar un aviso si estás en una región sin cuenta",
    "foot_link":"Extensión Enhanced Steam",
    "profile_link_images":"Imagenes de los enlaces en el perfil",
    "library":"Motrar botón de \"Biblioteca\" en el encabezado (en beta)",
    "show1clickgoo":"Mostrar el botón \"Cambiar a gemas con 1 clic...\" en los artículos del inventario compatibles",
    "hidedlcunownedgames":"DLC de juegos que no tienes",
    "hltb":"Mostrar información de HowLongToBeat.com",
    "hidespamcomments":"Ocultar comentarios spam del Workshop y Perfiles",
    "hide_owned":"Objetos que ya posees en resultados de búsqueda y páginas de tags",
    "reset":"Reiniciar opciones",
    "api_key":"Llave API",
    "gift":"Artículos que posees como regalo",
    "show_sysreqcheck":"Mostrar botón para comprobar los requerimientos del sistema en las páginas de aplicación (Experimental)",
    "es_bg":"Establecer fondo personalizado en la edición de perfil",
    "regional_price_mouse":"cuando se pasa el ratón",
    "friends_rec":"Artículos que tus amigos han reseñado",
    "lowestprice_header":"Información del Historial de Precios",
    "total_spent":"Mostrar \"Total gastado\" en los detalles de la cuenta",
    "add_wallet_balance":"Mostrar fondos de la cartera de Steam en la cabecera de la página",
    "add_to_cart_wishlist":"Mostrar el botón \"Añadir al carro\" en la lista de deseos",
    "about_text":"<div class=\"header\">Acerca de <a href='http://www.enhancedsteam.com'>Enhanced Steam</a>:</div><p>Enhanced Steam es una extensión para Google Chrome que añade un montón de características nuevas a la página de Steam.<p>Características incluidas:<ul><li>Resaltar juegos que ya tienes</li><li>Resaltar juegos de tu lista de deseados</li><li>Calcular el precio real de todos los juegos que tienes con sus descuentos correspondientes</li><li>Mostrar cuánto dinero has gastado en Steam en la vida de tu cuenta</li><li>Resaltar las DLC que ya tienes</li><li>Solucionar las imágenes no disponibles de juegos o DLC de tu lista de deseados</li><li>Advertirte de títulos con DRM de terceros</li></ul><p>Si esta extensión te parece útil, valora la opción de realizar una donación.",
    "stores_all":"Comparar todas las tiendas",
    "show_early_access_text":"Mostrar banners de Acceso Anticipado en las imágenes",
    "author_info":"por jshackles",
    "profile_link_images_gray":"Escala de grises",
    "quickinv":"Mostrar botones de venta rápida en los elementos del inventario de la comunidad de Steam",
    "quickinv_diff":"Modificador de venta rápida:",
    "library_f2p":"Mostrar los demos y los juegos free to play jugados en la biblioteca",
    "inventory_market_text":"Mostrar precios del mercado en la página del inventario (en beta)",
    "send_age_info":"Enviar automáticamente verificación de edad cuando sea requerida",
    "pcgw":"Mostrar enlaces a PCGagmingWiki",
    "store_steamcards":"Mostrar enlaces de SteamCardExchange en las páginas de la tienda",
    "spamcommentregex":"Expresión Regular (RegEx):",
    "hide_owned_homepage":"Objetos que ya posees en la página de inicio",
    "saved_note":"Se han guardado las opciones",
    "regional_hideworld":"Esconder globo indicador",
    "show_astatslink":"Mostrar enlace de AStat en páginas de aplicaciones",
    "showclient":"Mostrar enlaces del cliente de Steam",
    "guest":"Artículos de los que posees un pase de invitado",
    "show_steamchart_info":"Mostrar información de SteamCharts.com",
    "show_steamspy_info":"Mostrar información de steamspy.com",
    "showallachievements":"Mostrar estadísticas de los logros en la página \"Todos los juegos\"",
    "lowestprice_onwishlist":"Mostrar en la lista de deseados",
    "steamrepapi":"Mostrar estado SteamRep en las páginas de perfil",
    "header":"Encabezado",
    "lowestprice":"Mostrar",
    "group_events":"Mostrar eventos en el resumen de grupos",
    "changelog":"Lista de cambios:",
    "owned":"Artículos que posees",
    "steamdb":"Mostrar enlaces de SteamDB",
    "hide_early_access":"Esconder juegos con Acceso Anticipado en las páginas de inicio, exploración y búsqueda",
    "reset_note":"Se han reiniciado las opciones",
    "html5video":"Reproducir vídeos con HTML5 en vez de Flash",
    "profiles_link_group_game":"Exclusivo del Juego",
    "friends_wishlist":"Artículos que tus amigos tienen en su lista de deseados",
    "showspeechsearch":"Añadir entrada de voz a la caja de búsqueda",
    "profile_link_images_color":"Coloreado",
    "hide_about":"Ocultar botón \"Acerca de\" en el encabezado",
    "show_empty_wishlist":"Mostrar botón \"Vaciar lista de deseados\"",
    "inventory_nav_text":"Mostrar navegación avanzada en la página de inventario",
    "carousel_description":"Mostrar información de la aplicación en la página principal",
    "market_total":"Mostrar resumen de transacciones en el mercado",
    "hide_install":"Ocultar el botón \"Instalar Steam\"",
    "lowestprice_coupon":"Incluir cupones de descuento en la comparación de precios",
    "general":"General",
    "market":"Mercado",
    "inventory":"Inventario",
    "profile":"Perfíl",
    "show_languagewarning":"Mostrar un aviso si se está navegando en otro idioma que no sea",
    "homepage":"Página de inicio",
    "homepage_default_tab":"Página de inicio por defecto",
    "homepage_default_tab_remember":"Recordar anteriores",
    "homepage_default_tab_newreleases":"Novedades populares",
    "homepage_default_tab_allreleases":"Todas las novedades",
    "homepage_default_tab_topsellers":"Mejores vendedores",
    "homepage_default_tab_upcoming":"Próximamente",
    "homepage_default_tab_specials":"Especiales",
    "wishlist":"Artículos en tu lista de deseados",
    "add_another_region":"Añadir",
    "skip_got_steam":"Saltar la ventana de '¿Tienes Steam?'",
    "store_general_thirdparty":"Opciones para obtener información de sitios de terceros",
    "purchase_dates":"Mostrar fecha de compra en las páginas de la tienda",
    "show_badge_progress":"Mostrar progreso de la insignia en las páginas de la tienda",
    "show_wishlist_link":"Mostrar un enlace a la lista de deseados en los perfiles",
    "show_wishlist_count":"Mostrar el número de artículos en la lista de deseados",
    "lang":{
      "english":"inglés",
      "brazilian":"portugués de Brasil",
      "bulgarian":"búlgaro",
      "czech":"checo",
      "danish":"danés",
      "dutch":"holandés",
      "finnish":"finlandés",
      "french":"francés",
      "greek":"griego",
      "german":"alemán",
      "hungarian":"húngaro",
      "italian":"italiano",
      "japanese":"japonés",
      "koreana":"coreano",
      "norwegian":"noruego",
      "polish":"polaco",
      "portuguese":"portugués",
      "russian":"ruso",
      "romanian":"rumano",
      "schinese":"chino simplificado",
      "spanish":"español",
      "swedish":"sueco",
      "tchinese":"chino tradicional",
      "thai":"tailandés",
      "turkish":"turco",
      "ukrainian":"ucraniano"
    }
  },
  "ready":{
    "errormsg":"Error al cargar los datos de Enhanced Steam",
    "loading":"Cargando datos de Enhanced Steam...",
    "ready":"Enhanced Steam está listo",
    "failed":"Error al realizar una o más solicitudes"
  },
  "twitch":{
    "now_streaming":"__username__ está ahora haciendo streaming en Twitch",
    "viewers":"Espectadores",
    "followers":"Seguidores",
    "views":"Vistas"
  },
  "survey":{
    "performance_survey":"Encuesta de rendimiento",
    "users":"__users__ usuarios han completado la encuesta de rendimiento para este juego",
    "framerate":"Framerate",
    "framerate_response":"han respondido que el framerate era",
    "framerate_30":"fijo a 30fps o menor",
    "framerate_fi":"fijo a más de 30fps",
    "framerate_va":"variable, dependiendo del hardware",
    "resolution":"Resolución",
    "resolution_support":"Este juego parece soportar",
    "resolution_less":"Resolución menor de __pixels__",
    "resolution_up":"resoluciones de hasta __pixels__",
    "graphics_settings":"Ajustes gráficos",
    "satisfaction":"Satisfacción del rendimiento de la GPU",
    "gs_y":"Tiene opciones gráficas o menú de gráficos incorporado",
    "gs_n":"No tiene incorporado opciones gráficas o menú de gráficos",
    "nobody":"Hasta el momento nadie ha hecho la encuesta de rendimiento para este juego",
    "take":"Hacer la encuesta"
  },
  "select":{
    "wishlisted_dlc":"Seleccionar DLC en la lista de deseados",
    "none":"No seleccionar nada",
    "unowned_dlc":"Seleccionar DLC no poseído"
  },
  "tag":{
    "wishlist":"Lista de deseados",
    "friends_own":"__friendcount__ lo tienen",
    "coupon":"Cupón",
    "friends_rec":"<a href=\"http://store.steampowered.com/recommended/byfriends/__appid__\">__friendcount__ lo recomiendan",
    "inv_gift":"Regalo",
    "inv_guestpass":"Pase de invitado",
    "owned":"Comprado",
    "notinterested":"No me interesa",
    "friends_want":"<a href=\"http://steamcommunity.com/my/friendsthatplay/__appid__\">__friendcount__ amigos lo desean</a>"
  },
  "wallet":{
    "custom_amount":"Añadir valor personal",
    "custom_amount_text":"Añadir cualquier valor sobre __minamount__"
  },
  "wsgf":{
    "incomplete":"Incompleto",
    "unsupported":"Esta puntuación se otorga a los juegos que no tienen soporte __type__.  El juego puede ser incompatible en __type__, o su imagen se reproduce de forma incorrecta en el monitor.  No guarda relación con el aspecto que da.",
    "gold":"Esta insignia se otorga a los juegos que han recibido una puntuación perfecta de la WSGF por su soporte __type__ y está certificada por __type__.",
    "silver":"Esta insignia se otorga a los juegos que han recibido un grado B calculado por su soporte __type__. Todos estos juegos carecen de fallos graves, pero tienen algún defecto que impide que su puntuación sea perfecta.",
    "limited":"Esta insignia se otorga a los juegos que han recibido un grado C calculado por su soporte __type__. Todos estos juegos tienen un tipo de soporte __type__, pero cuentan con fallos importantes.",
    "certifications":"Certificaciones Widescreen WSGF"
  },
  "itad":{
    "option":"Mostrar opción de menú para sincronizar datos con IsThereAnyDeal.com",
    "send_to_itad":"Enviar los juegos que tienes a IsThereAnyDeal",
    "sending":"Cargando tus juegos y paquetes y enviándolos a IsThereAnyDeal.com"
  },
  "tradeoffer":{
    "num_item":"__num__ objt",
    "num_items":"__num__ objts"
  },
  "update":{
    "dont_show":"No mostrar de nuevo",
    "updated":"Enhanced Steam se ha actualizado a la versión __version__",
    "changes":"Esta versión incluye los siguientes cambios"
  },
  "register":{
    "success":"__gamename__ se ha activado con éxito",
    "owned":"Esta cuenta de Steam ya tiene productos contenidos en esta oferta.",
    "notavail":"Lo sentimos, pero este producto no está disponible en este país. Tu clave no puede canjearse.",
    "invalid":"La clave de producto que has introducido no es válida. Por favor, comprueba que no te hayas equivocado.",
    "already":"La clave de producto que has introducido ya se ha activado en otra cuenta de Steam.",
    "dlc":"La clave de producto que has introducido necesita que tengas otro producto base antes de su activación.",
    "wallet":"La clave que has introducido pertenece a una tarjeta de regalo de Steam o saldo de la cartera.",
    "toomany":"Han habido demasiados intentos de activación de este código recientemente. Por favor, espera e inténtalo más tarde.",
    "default":"Se ha producido un error inesperado. Tu clave de producto no se ha canjeado. Por favor, espera 30 minutos y vuelve a intentarlo."
  }
}