{
    "post_history": "Ver histórico de posts",
    "add_nickname": "Adicionar Alcunha",
    "total_size": "Tamanho Total",
    "dlc_details": "Detalhes do Conteúdo Descarregável",
    "badge_not_unlocked": "Não desbloqueada",
    "each": "Cada",
    "view_in_market": "Ver no Mercado da Comunidade",
    "homepage_spotlight": "Destaque",
    "official_group_url": "steamcommunity.com/groups/enhancedsteam",
    "remove": "Remover",
    "get_help": "Obter ajuda",
    "add_selected_dlc_to_cart": "Adicionar DLC selecionado ao carrinho",
    "credits": "Créditos",
    "store_transactions": "Transações na loja",
    "activates": "Ativa no Steam",
    "games_coupon": "Jogos Com Cupões",
    "all_friends_own": "Todos os amigos que adquiriram isto (__friendcount__)",
    "translate": "Traduzir",
    "search_names_only": "Pesquisar apenas em nomes",
    "packs": "Pacotes",
    "remove_owned_wishlist": "Remover jogos adquiridos da lista de desejos",
    "donate": "Fazer um donativo",
    "close": "Fechar",
    "error": "Ocorreu um erro",
    "go": "Ir",
    "activate": "Activar um produto",
    "activate_multiple_header": "Escreve os codigos de produto abaixo, um por linha",
    "activate_multiple": "Ativar múltiplos produtos",
    "activate_products": "Ativar produtos",
    "coupon_application_note": "Um cupão de desconto do teu inventário será aplicado automaticamente no fim da compra",
    "hide": "Esconder",
    "cards_owned": "__owned__ de __possible__ cartas adquiridas",
    "common_label": "Esconder jogos não adquiridos",
    "birthday_message": "Feliz aniversário Steam, __username__! A tua conta faz __age__ anos de idade hoje.",
    "buying_total": "Total",
    "allreleases_products": "Seleccione os tipos de produtos a apresentar nesta secção",
    "library_menu": "Biblioteca",
    "clear_cache": "Limpar dados em cache",
    "events": "Eventos",
    "translation": "Tradução",
    "lowest": "Mais baixo",
    "lowest_price": "Preço mais baixo atualmente",
    "view_badge_progress": "Ver progresso da medalha",
    "badge_progress": "Progresso da Medalha",
    "sales_total": "Total das vendas",
    "hold_total": "Total em espera",
    "view_normal_badge": "Ver Progresso Normal da Medalha",
    "community_name_account_header": "Conta de __username__",
    "apppage_sections": "Selecione as secções que gostaria de ver nesta página",
    "search_error": "Erro ao carregar mais resultados",
    "website": "Site oficial",
    "games": "Jogos",
    "total_time": "Tempo Total",
    "dlc_suggest": "Sugerir nova categoria",
    "badge_completion_cost": "Custo para completar medalha",
    "loading": "A carregar...",
    "selling": "Vendendo...",
    "quick_sell": "Venda Rápida por __amount__",
    "instant_sell": "Venda Instantânea por __amount__",
    "starting_at": "A partir de",
    "hardwareads": "Publicidade de hardware",
    "homepage_tabs": "Aba Inicial",
    "store": "Loja",
    "view_in": "Ver em",
    "drm_third_party": "Aviso: Este título usa DRM de terceiros",
    "stores": "Lojas",
    "game_transactions": "Transações em jogos",
    "after_coupon": "depois do cupão",
    "games_installed": "Jogos Instalados",
    "hours_short": "__hours__ hrs",
    "faqs": "Perguntas frequentes",
    "spam_comment_show": "__num__ comentários irrelevantes ocultos nesta página. Clica aqui para os veres.",
    "dlc": "Conteúdo Transferível",
    "add_to_wishlist": "Adicionar à lista de desejos",
    "language": "Idioma",
    "theworddefault": "Padrão",
    "coupon_learn_more": "<a href=\"https://support.steampowered.com/kb_article.php?ref=4210-YIPC-0275\">Saber mais</a> sobre Cupões Steam",
    "show": "Mostrar",
    "badges_all": "Todas as Medalhas",
    "comparison_mode": "Ativa o modo \"Todos os jogos\" para comparar jogos",
    "search": "Pesquisar",
    "es_supporter": "Apoiante do Enhanced Steam",
    "view_to_scale": "Ver à escala",
    "videos": "Vídeos / Trailers",
    "community": "Comunidade",
    "dlc_data_header": "Detalhes do conteúdo descarregável  ",
    "graphics": "Gráficos",
    "trading_cards": "Cartas Colecionáveis Steam",
    "view_badge": "Ver Medalha",
    "purchase_total": "Total da compra",
    "view_foil_badge": "Ver Progresso da Medalha \"Foil\"",
    "view_astats": "Ver página no AStats",
    "apppage_purchase": "Opções de Pagamento",
    "search_error_retry": "Clique aqui para tentar novamente",
    "contribute": "Contribuir (GitHub)",
    "reviews": "Análises",
    "read_reviews": "Ler análises",
    "read_more_reviews": "Ler mais análises em",
    "size": "Tamanho",
    "package_info": "Informações do pacote",
    "badge_completion_avg": "Custo médio para completar",
    "using_store": "Estás a usar a loja Steam da região __current__.",
    "volume_sold_last_24": "Quantidade: __sold__ vendido(s) nas últimas 24 horas",
    "sold_last_24": "__sold__ vendido(s) nas últimas 24 horas",
    "homepage_sidebar": "Barra Lateral",
    "drop_calc": "Clique aqui para calcular as quedas restantes",
    "price": "Preço",
    "view_marketplace": "Ver Mercado",
    "market_transactions": "Transações no Mercado",
    "card_drops_remaining": "__drops__ cartas por encontrar",
    "badges_drops": "Medalhas com cartas por encontrar",
    "using_language_return": "Clica aqui para navegar pelo Steam em __base__.",
    "spam_comment_warn": "Cuidado...",
    "guides": "Guias",
    "buy_wishlist": "Comprar Lista de Desejos",
    "highlight": "Destaque",
    "save": "Guardar",
    "not": "Que não seja __tag__",
    "add_to_cart": "Adicionar ao Carrinho",
    "view": "Ver",
    "games_all": "Todos os Jogos",
    "permalink": "Link permanente",
    "game_name": "Nome do Jogo",
    "gift_transactions": "Transações de presentes",
    "demos": "Demos",
    "notinterested": "Itens marcados como sem interesse",
    "mixed_item": "Itens com avaliação mista",
    "negative_item": "Itens com avaliação negativa",
    "price_above": "Itens que custam mais de",
    "price_above_tooltip": "Insira zero para itens gratuítos ou itens sem marcadores de preço; Deixe este campo vazio para desativar esta funcionalidade",
    "news": "Notícias",
    "check_system": "Verifica o teu sistema",
    "viewinclient": "Ver na Steam",
    "custom_background": "Fundo Personalizado",
    "custom_style": "Tema Personalizado",
    "custom_style_help": "Todos os utilizadores do Enhanced Steam irão ver este tema no teu perfil. Utilizadores sem o Enhanced Steam não irão ver nenhuma alteração feita aqui.",
    "noneselected": "Nada Selecionado / Sem Mudanças",
    "most_drops": "Mais cartas para obter",
    "badge_foil_progress": "Ver o progresso da Medalha \"Foil\"",
    "net_gain": "Lucro final",
    "apppage_legal": "Informação Legal",
    "acrtag_msg": "Este item não pode ser trocado entre certas regiões.",
    "bug_feature": "Comunicar bug / Sugerir funcionalidade",
    "always": "Sempre",
    "compare": "Comparar",
    "discount": "Desconto",
    "discountper": "Desconto (Percentagem)",
    "discountabs": "Desconto (Valor)",
    "rating_details": "Ver detalhes de classificação",
    "drops_worth_avg": "Vale Aproximadamente",
    "using_store_return": "Clica aqui para voltares à loja da região __base__.",
    "family_sharing_notice": "<b>Nota:</b> Este jogo foi excluído do serviço de Partilha de Biblioteca Steam.",
    "valid": "Valido",
    "price_options": "Opções de preço",
    "no_results_found": "Não foram encontrados resultados",
    "visit_store": "Visitar Página da Loja",
    "all": "Tudo",
    "total_spent": "Total gasto",
    "games_with_drops": "__dropsgames__ jogos com cartas por encontrar",
    "binder_view": "Grelha",
    "view_stats": "Ver estatísticas",
    "using_language": "Estás a navegar pelo Steam em __current__.",
    "popular": "Populares",
    "visit_trade_forum": "Visitar fórum de trocas",
    "software": "Software",
    "purchase_date": "(Comprado em __date__)",
    "custom_background_help": "Todos os utilizadores do Enhanced Steam irão ver este fundo no teu perfil. Não-utilizadores do Enhanced Steam irão ver o teu fundo de perfil padrão.",
    "date_unlocked": "Data de Desbloqueio",
    "view_badge_foil": "Ver Medalha \"Foil\"",
    "net_spent": "Gastos finais",
    "homepage_carousel": "Carrossel",
    "acrtag_tooltip": "Este item não pode ser trocado entre regiões se comprado no Este da Europa, Sul da América ou Sudeste Asiático",
    "official_group": "Grupo oficial ",
    "saved": "Guardado",
    "add_unowned_dlc_to_cart": "Adicionar DLC não adquirido ao carrinho",
    "buy": "Comprar",
    "buy_package": "Comprar __package__",
    "more_information": "Mais informações",
    "games_discount": "Jogos Com Descontos",
    "region_unavailable": "Indisponível nesta região",
    "item_type": "Tipo de Item",
    "avg_price_3cards": "Preço médio de três cartas",
    "mods": "Mods",
    "empty_wishlist": "Esvaziar lista de desejos",
    "empty_wishlist_confirm": "Tens a certeza que queres limpar a tua lista de desejos?\n\nEsta acção não pode ser desfeita!",
    "empty_wishlist_loading": "Limpando a tua lista de desejos, por favor espere...",
    "about": "Sobre",
    "never": "Nunca",
    "coupon_available": "Tens um cupão disponível!",
    "info": "Informações",
    "launch_random": "Inicia aleatoriamente um jogo",
    "play_game": "Jogar __gamename__?",
    "drops_value": "Maior preço",
    "notcommon_label": "Esconder jogos que possuis",
    "show_all_steam_releases": "Mostrar todos os lançamentos no Steam",
    "wishlist": "Lista de desejos",
    "on_wishlist": "Na lista de desejos",
    "notdiscounted": "Itens sem desconto",
    "cancel": "Cancelar",
    "wiki_article": "Ver Artigo __pcgw__",
    "view_all": "VER TUDO",
    "programming": "Programação",
    "historical_low": "Preço mais baixo registado",
    "games_with_booster": "__boostergames__ jogos habilitados a receber boosters",
    "sort_by": "Ordenar por:",
    "lastonline": "Última vez online",
    "edit_price": "Editar preço",
    "relist": "Realistar",
    "relist_an_item": "Realistar um item",
    "relist_text": "Gostarias de realistar este item a um preço mais baixo?",
    "search_market": "Procurar no Mercado da Comunidade Steam",
    "drm_third_party_sub": "Aviso: Um ou mais títulos neste pacote usa DRM de terceiros",
    "customize": "Customizar",
    "custom": "Personalizado",
    "bundle_saving_text": "Aqui está o que poupas com este pacote",
    "thewordoptions": "Opções",
    "concepts": "Conceito",
    "collections": "Colecções",
    "discussions": "Discussões",
    "add_wishlist_note": "Adicionar uma nota ao seu lista de desejos",
    "update_wishlist_note": "Atualizar sua nota de lista de desejos",
    "add_wishlist_note_prompt": "Digite sua nota de lista de desejos",
    "update_wishlist_note_prompt": "Atualizar lista de desejos",
    "results": "__num__ Resultados",
    "all_results": "A apresentar todos os __num__ resultados",
    "see_more": "Ver mais",
    "lowest_price_format": "__price__ em __store__",
    "historical_low_format": "__price__ em __store__ em __date__",
    "favorited": "Adicionado aos favoritos",
    "followed": "A seguir",
    "leave_group_selected": "Sair dos selecionados",
    "leave_group_all": "Sair de todos",
    "leave_group_all_confirm": "Estás prestes a sair de TODOS os teus grupos!\nTens a certeza que queres continuar?",
    "leave_group_admin_confirm": "És do Administrador deste grupo: __groupname__\nTens a certeza que queres sair?",
    "wrong_try_again": "Algo não ocorreu como esperado. Por favor, tenta novamente.",
    "join_group": "Aderir a grupo",
    "chat": "Conversação",
    "web_browser_chat": "Conversação no navegador",
    "steam_client_chat": "Conversação na Steam",
    "available": "Disponível",
    "set_as_background": "Definir como plano de fundo",
    "preview_background": "Pré-visualizar plano de fundo",
    "details": "Detalhes",
    "expand_slider": "Expandir",
    "contract_slider": "Contrair",
    "early_access": "Acesso Antecipado",
    "filter_games": "Filtrar jogos",
    "note_for": "Nota para",
    "show_wishlist_total": "Ver lista completa",
    "tag_short": "Usar tags curtas para economizar espaço",
    "no_price_data": "Não há dados de preços disponíveis",
    "exclude_tags": "Excluir tags",
    "user_score": "Pontuação do utilizador",
    "user_reviews": "Análises dos utilizadores",
    "review_summary": "__percent__ de __num__ avaliações de jogadores para este jogo são positivas.",
    "market_popular_items_toggle": "Ativar update automatico para itens populares",
    "achievements": {
        "option": "Mostrar proezas em páginas da loja",
        "achievements": "Proezas",
        "includes": "Inclui __num__ Proezas do Steam",
        "view_all": "Ver Todas as Proezas"
    },
    "bundle": {
        "offer_ends": "A promoção termina em",
        "at_least": "Pagar Pelo Menos",
        "pwyw": "Paga o que quiseres",
        "includes": "Inclui __num__ itens",
        "tier_includes": "__tier__ (__price__) inclui __num__ itens",
        "tier": "Conjunto __num__",
        "header": "Pacotes que incluem este jogo",
        "info": "Informações do pacote",
        "bundle_count": "Número de vezes que este jogo fez parte de um pacote"
    },
    "charts": {
        "peakall": "pico de todos os tempos",
        "current": "Jogadores atuais",
        "playing_now": "a jogar agora",
        "peaktoday": "pico de hoje"
    },
    "hltb": {
        "title": "Quanto tempo para bater",
        "main_e": "História principal e Extras",
        "compl": "Completar tudo",
        "submit": "Submeter o teu tempo",
        "main": "Estória principal",
        "no_data": "Nenhum dado encontrado",
        "help": "Clique aqui para ajudar",
        "wrong": "Jogo errado?"
    },
    "library": {
        "in_library": "Na biblioteca",
        "error_loading_library": "Não foi possível carregar a tua biblioteca.",
        "categories": "Categorias...",
        "genres": "Gêneros...",
        "private_profile": "Muda o estado do teu perfil para público <a href='http://steamcommunity.com/my/edit/settings'>in your settings</a> para usar esta funcionalidade."
    },
    "spy": {
        "player_data": "Dados acerca dos jogadores",
        "owners": "Donos",
        "players_total": "Total de jogadores",
        "players_2weeks": "Jogadores nas últimas duas semanas",
        "average_playtime": "Média de tempo de jogo",
        "average_playtime_2weeks": "Tempo médio jogado nas últimas duas semanas",
        "formatted_time": "__hours__ horas, __minutes__ minutos"
    },
    "options": {
        "wsgf": "Mostrar informação WSGF (ecrã panorâmico)",
        "version_show": "Mostrar o histórico de alterações quando o Enhanced Steam atualiza",
        "steamcardexchange": "Mostrar hiperligações SteamCardExchange nas medalhas",
        "regional_price": "Comparação de preços regionais",
        "acrtag": "Adicionar avisos nos itens em que as trocas regionais estejam desabilitadas",
        "excludef2p": "Excluir destaque de jogos grátis para jogar",
        "contscroll": "Ativar resultados de procura contínuos",
        "profile_link_images_none": "Nenhum",
        "replace_account_name": "Substitui o nome da conta com o nome da Comunidade",
        "profile_links": "Mostrar links do perfil para",
        "library_header": "Biblioteca (BETA)",
        "tag": "Etiqueta",
        "icon": "Ícone",
        "name": "Nome",
        "show_alternative_linux_icon": "Mostrar ícone alternativo do Linux",
        "showcomparelinks": "Mostrar link \"Comparar\" para proezas desbloqueadas na atividade de amigos",
        "hidetmsymbols": "Símbolos de marca registada e direitos de autor nos títulos dos jogos",
        "metacritic": "Mostrar pontuação dos utilizadores do Metacritic",
        "opencritic": "Mostrar Informações do Opencritic.com",
        "hideactivelistings": "Ocultar todos os anúncios ativos na página inicial do Mercado por defeito",
        "clear": "Tens a certeza de que pretendes restaurar as opções predefinidas? Esta ação não pode ser anulada.",
        "profile_api_info": "Mostrar link para API do utilizador em perfis",
        "coupon": "Itens com cupões",
        "show_package_info": "Mostrar informação do pacote para todas as aplicações",
        "wlbuttoncommunityapp": "Mostrar botão \"Adicionar à lista de desejos\" em Centrais Comunitárias",
        "removeguideslanguagefilter": "Não filtrar guias por linguagem do utilizador automaticamente",
        "disablelinkfilter": "Desativar a confirmação ao aceder a sites externos",
        "regional_price_on": "Mostrar comparação de preços regionais",
        "cart": "Itens no seu carrinho",
        "friends_own": "Itens que os teus amigos possuem",
        "drm": "Mostrar avisos de DRM de terceiros",
        "profile_permalink": "Mostrar links definitivos nos perfis",
        "show_regionwarning": "Mostrar aviso ao navegar noutra região",
        "foot_link": "Extensão Enhanced Steam",
        "profile_link_images": "Imagens do link de perfil",
        "library": "Mostrar botão da Biblioteca no cabeçalho",
        "show1clickgoo": "Mostrar botão \"1-Click Transformar em Gemas...\" nos itens do inventário aplicáveis",
        "hidedlcunownedgames": "DLC para jogos que não possuis",
        "hltb": "Mostrar informação do HowLongToBeat.com",
        "hidespamcomments": "Esconder comentários indesejados do Workstop & perfis",
        "hide_owned": "Itens adquiridos em resultados de procura ou páginas de etiqueta",
        "reset": "Repor opções",
        "api_key": "Chave de API",
        "gift": "Itens guardados como presente",
        "show_sysreqcheck": "Mostrar botão para verificar os requisitos do sistema nas páginas das aplicações (Experimental!)",
        "es_bg": "Definir fundo personalizado no ecrã de \"Edit Profile\"",
        "regional_price_mouse": "ao passar o cursor do rato no preço",
        "friends_rec": "Itens que os teus amigos analizaram",
        "lowestprice_header": "Informações de histórico de preços",
        "total_spent": "Mostrar total gasto na página da conta",
        "add_wallet_balance": "Mostrar balanço da Carteira Steam no topo",
        "add_to_cart_wishlist": "Mostrar botão \"Adicionar ao carrinho\" na lista de desejos",
        "about_text": "<div class=\"header\">Sobre o <a href='http://www.enhancedsteam.com'>Enhanced Steam</a>:</div><p>Enhanced Steam é uma extensão para Google Chrome que adiciona muitas funcionalidades novas ao site do Steam.<p>As funcionalidades incluem:<ul><li>Destacar jogos que já tens</li><li>Destacar jogos na tua lista de desejos</li><li>Cálculo correto do desconto de pacotes com base nos jogos que já tens</li><li>Mostrar quanto já gastaste no Steam desde a criação da tua conta</li><li>Destacar na página do jogo base os DLCs que já tens</li><li>Corrigir ícones \"Sem imagem disponível\" de jogos ou DLCs na tua lista de desejos</li><li>Indicar jogos com DRM de terceiros</li></ul><p>Se achares esta extensão útil, considera fazer um donativo.",
        "stores_all": "Comparar todas as lojas",
        "show_early_access_text": "Mostrar faixas de Acesso Antecipado",
        "author_info": "por jshackles",
        "profile_link_images_gray": "Em escala de cinza",
        "quickinv": "Mostrar botões de Venda Rápida nos itens da Comunidade Steam no inventário",
        "quickinv_diff": "Modificador da Venda Rápida:",
        "library_f2p": "Mostrar jogos Grátis para Jogar e demos usados na biblioteca",
        "inventory_market_text": "Mostrar o preço de mercado na página do inventário",
        "send_age_info": "Enviar verificação de idade automaticamente quando solicitado",
        "pcgw": "Mostrar hiperligações do PCGamingWiki",
        "store_steamcards": "Mostrar links para SteamCardExchange nas páginas da loja",
        "spamcommentregex": "String de expressão regular:",
        "hide_owned_homepage": "Itens que possuis na página inicial",
        "saved_note": "Opções guardadas",
        "regional_hideworld": "Ocultar indicador regional",
        "show_astatslink": "Mostrar link para o site AStats em páginas de aplicações",
        "showclient": "Mostrar links da aplicação Steam",
        "guest": "Itens que tens um passe de convidado",
        "show_steamchart_info": "Mostrar informações do SteamCharts.com",
        "show_steamspy_info": "Mostrar informação de steamspy.com",
        "showallachievements": "Mostrar estatísticas de proezas na página \"Todos os jogos\"",
        "lowestprice_onwishlist": "Mostrar na Lista de Desejos",
        "steamrepapi": "Mostrar o estado da reputação na página de perfil",
        "header": "Cabeçalho",
        "lowestprice": "Mostrar",
        "group_events": "Mostrar eventos na página inicial do grupo",
        "changelog": "Últimas atualizações:",
        "owned": "Itens adquiridos",
        "steamdb": "Mostrar hiperligações da SteamDB",
        "hide_early_access": "Ocultar jogos com Acesso Antecipado na página inicial, de marcadores e de pesquisa",
        "reset_note": "Repor opções",
        "html5video": "Exibir vídeos com HTML5 em vez de Flash",
        "profiles_link_group_game": "Jogo exclusivo",
        "friends_wishlist": "Itens que os teus amigos têm na Lista de Desejos",
        "showspeechsearch": "Adicionar entrada de discurso nas caixa de pesquisa",
        "profile_link_images_color": "Colorido",
        "hide_about": "Esconder hiperligação \"About\"",
        "show_empty_wishlist": "Mostrar o botão \"Esvaziar Lista de Desejos\"",
        "inventory_nav_text": "Mostrar navegação avançada na página do inventário",
        "carousel_description": "Exibir descrições de aplicações no carrossel da página inicial da loja",
        "market_total": "Mostrar sumário de transação no Mercado",
        "hide_install": "Esconder botão \"Install Steam\"",
        "lowestprice_coupon": "Incluir códigos de cupões na comparação de preço",
        "general": "Geral",
        "market": "Mercado",
        "inventory": "Inventário",
        "profile": "Perfil",
        "show_languagewarning": "Mostrar alerta se estiver navegando em um idioma diferente de",
        "homepage": "Página Inicial",
        "homepage_default_tab": "Aba inicial por omissão",
        "homepage_default_tab_remember": "Guardar anterior",
        "homepage_default_tab_newreleases": "Novos Lançamentos Populares",
        "homepage_default_tab_allreleases": "Todos os Novos Lançamentos",
        "homepage_default_tab_topsellers": "Mais Vendidos",
        "homepage_default_tab_upcoming": "Brevemente",
        "homepage_default_tab_specials": "Descontos",
        "wishlist": "Itens na tua lista de desejos",
        "add_another_region": "Adicionar",
        "skip_got_steam": "Ignorar a janela 'Tens Steam?'",
        "store_general_thirdparty": "Opções para obter informações de sites de fterceiros",
        "purchase_dates": "Mostrar a data de compra do jogo na página da loja",
        "show_badge_progress": "Mostrar progresso de insígnia nas páginas da loja",
        "show_wishlist_link": "Mostrar um link para a lista de desejos em perfis",
        "show_wishlist_count": "Mostrar o número de itens na lista de desejos",
        "lang": {
            "english": "Inglês",
            "brazilian": "Português do Brasil",
            "bulgarian": "Búlgaro",
            "czech": "Checo",
            "danish": "Dinamarquês",
            "dutch": "Holandês",
            "finnish": "Finlandês",
            "french": "Francês",
            "greek": "Grego",
            "german": "Alemão",
            "hungarian": "Húngaro",
            "italian": "Italiano",
            "japanese": "Japonês",
            "koreana": "Coreano",
            "norwegian": "Noroeguês",
            "polish": "Polaco",
            "portuguese": "Português",
            "russian": "Russo",
            "romanian": "Romeno",
            "schinese": "Chinês Simplificado",
            "spanish": "Espanhol",
            "swedish": "Sueco",
            "tchinese": "Chinês Tradicional",
            "thai": "Tailandês",
            "turkish": "Turco",
            "ukrainian": "Ucraniano"
        }
    },
    "ready": {
        "errormsg": "Erro ao carregar os dados do Enhanced Steam",
        "loading": "O Enhanced Steam está a carregar dados...",
        "ready": "O Enhanced Steam está pronto",
        "failed": "Um ou mais pedidos falharam"
    },
    "twitch": {
        "now_streaming": "__username__ está a transmitir em directo no Twitch",
        "viewers": "Visualizadores",
        "followers": "Seguidores",
        "views": "Visualizações"
    },
    "survey": {
        "performance_survey": "Inquérito de Desempenho",
        "users": "__users__ utilizadores completaram o inquérito de desempenho para este jogo",
        "framerate": "Rácio de fotogramas",
        "framerate_response": "responderam que o rácio de fotogramas foi",
        "framerate_30": "fixo a 30fps ou menos",
        "framerate_fi": "fixo ou superior a 30fps",
        "framerate_va": "variável, dependente do hardware",
        "resolution": "Resolução",
        "resolution_support": "Este jogo parece suportar",
        "resolution_less": "resolução menor que __pixels__",
        "resolution_up": "resolução até __pixels__",
        "graphics_settings": "Definições Gráficas",
        "satisfaction": "Satisfação de Desempenho por GPU",
        "gs_y": "Tem um menu ou opções embutidas que permitem alterar os gráficos",
        "gs_n": "Não tem um menu ou opções embutidas que permitam alterar os gráficos",
        "nobody": "Ainda ninguém completou o inquérito de desempenho para este jogo",
        "take": "Faz o Inquérito"
    },
    "select": {
        "wishlisted_dlc": "Selecionar DLC na Lista de Desejos",
        "none": "Escolher nenhum",
        "unowned_dlc": "Selecionar DLC Não Adquirido"
    },
    "tag": {
        "wishlist": "Lista de Desejos",
        "friends_own": "__friendcount__ possuem",
        "coupon": "Cupão",
        "friends_rec": "<a href=\"http://store.steampowered.com/recommended/byfriends/__appid__\">__friendcount__ Recomendações de amigos",
        "inv_gift": "Presente",
        "inv_guestpass": "Convite",
        "owned": "Adquirido",
        "notinterested": "Dispensado",
        "friends_want": "<a href=\"http://steamcommunity.com/my/friendsthatplay/__appid__\">__friendcount__ desejam</a>"
    },
    "wallet": {
        "custom_amount": "Adicionar uma quantia específica ",
        "custom_amount_text": "Adicionar qualquer valor acima de __minamount__"
    },
    "wsgf": {
        "incomplete": "Incompleto",
        "unsupported": "Esta pontuação é atribuída a jogos que não têm __type__ suporte. O jogo poderá não ser jogável em __type__, ou a imagem está esticada para caber na janela. A resolução correta não está retida.",
        "gold": "Esta medalha é dada a jogos que receberam pontuações perfeitas do WSGF pela sua compatibilidade com __type__, sendo assim Certificados para uso __type__.",
        "silver": "Esta medalha é dada a jogos que receberam uma nota final B pela sua compatibilidade com __type__.  Todos os jogos com esta nota não possuem grandes problemas, mas pode haver um detalhe que impede a pontuação perfeita.",
        "limited": "Esta pontuação é atribuída a jogos que receberam uma nota calculada de C pelo seu __type__ suporte. Todos estes jogos têm um certo nível de __type__ suporte mas têm problemas significantes.",
        "certifications": "Certificações WSGF"
    },
    "itad": {
        "option": "Mostrar opção para sincronizar dados para isThereAnyDeal.com",
        "send_to_itad": "Enviar os meus jogos para isThereAnyDeal",
        "sending": "A carregar e enviar os teus jogos e pacotes para isThereAnyDeal.com"
    },
    "tradeoffer": {
        "num_item": "__num__ item",
        "num_items": "__num__ itens"
    },
    "update": {
        "dont_show": "Não mostrar novamente",
        "updated": "Enhanced Steam foi atualizada para a versão __version__",
        "changes": "Esta atualização contém as seguintes alterações"
    },
    "register": {
        "success": "__gamename__ ativado com sucesso",
        "owned": "Esta conta Steam ja possuí um(ns) produto(s) que contém na oferta.",
        "notavail": "Desculpa, maa este produto não esta disponível para compra no seu pais. O seu produto-chave não foi consumido.",
        "invalid": "O produto chave não é válido.\nPor favor volte a verificar para ver se não digitou mal a chave.",
        "already": "O código que introduziu ja foi ativado numa conta de Steam diferente.",
        "dlc": "O código que digitou requer a posse doutro produto antes da ativação.",
        "wallet": "O código que digitou é dum Steam Gift Card ou um código de Steam Wallet",
        "toomany": "Têm havido muitas tentativas de ativação recentes. Por favor espere e tente mais tarde.",
        "default": "Ocorreu um erro inesperado. O teu código nao foi redimido. Por favor  em 30 minutos tenta redimir o codigo novamente."
    }
}