{
    "post_history": "Előzmények megtekintése",
    "add_nickname": "Adj hozzá egy becenevet",
    "total_size": "Teljes méret",
    "dlc_details": "Letölthető tartalom részletei",
    "badge_not_unlocked": "Nincs feloldva",
    "each": "Minden",
    "view_in_market": "Megnéz a Közösségi Piacon",
    "homepage_spotlight": "Reflektor",
    "official_group_url": "steamcommunity.com/groups/enhancedsteam",
    "remove": "Eltávolít",
    "get_help": "Segítség",
    "add_selected_dlc_to_cart": "Kijelölt DLC hozzáadása a kosárhoz",
    "credits": "Közreműködők",
    "store_transactions": "Áruházi tranzakciók",
    "activates": "Steamen aktiválható",
    "games_coupon": "Játékok kuponnal",
    "all_friends_own": "Összes barát, aki birtokolja ezt (__friendcount__)",
    "translate": "Fordítás",
    "search_names_only": "Csak a nevek keresése",
    "packs": "Csomagok",
    "remove_owned_wishlist": "A már megvett játékok törlése a kívánságlistáról",
    "donate": "Támogatás",
    "close": "Bezár",
    "error": "Hiba történt",
    "go": "Ugrás",
    "activate": "Termék aktiválása",
    "activate_multiple_header": "Add meg a termékkódokat, soronként egyet",
    "activate_multiple": "Több termék aktiválása",
    "activate_products": "Termékek aktiválása",
    "coupon_application_note": "A Raktáradban lévő kupon automatikusan érvénybe lép a pénztárnál.",
    "hide": "Elrejt",
    "cards_owned": "__owned__ db kártyád van a lehetséges __possible__ db-ból",
    "common_label": "Nem birtokolt játékok elrejtése",
    "birthday_message": "Boldog Steam születésnapot, __username__! A Steam fiókod __age__ éves lett.",
    "buying_total": "Összesített rendelés",
    "allreleases_products": "Jelöld ki mely típusokat szeretnéd látni ebben a kategóriában.",
    "library_menu": "Könyvtár",
    "clear_cache": "Gyorsítótár ürítése",
    "events": "Events",
    "translation": "Fordítás",
    "lowest": "Legalacsonyabb",
    "lowest_price": "A jelenlegi legalacsonyabb ár",
    "view_badge_progress": "Kitűző állapot megtekintése",
    "badge_progress": "Kitűzőállapot",
    "sales_total": "Eladás összesen",
    "hold_total": "A hold teljes",
    "view_normal_badge": "Közönséges kitűzőállapot megnézése",
    "community_name_account_header": "__username__ fiókja",
    "apppage_sections": "Válaszd ki azokat a terméktípusokat, melyeket látni szeretnél ebben a részben",
    "search_error": "Hiba a többi keresési eredmény betöltésekor",
    "website": "Weboldal",
    "games": "Játékok",
    "total_time": "Összes játékidő",
    "dlc_suggest": "Új kategória javasolása",
    "badge_completion_cost": "A kitűző összeállításának költsége",
    "loading": "Betöltés...",
    "selling": "Eladás...",
    "quick_sell": "Gyors eladás __amount__-ért",
    "instant_sell": "Azonalli eladás __amount__-ért",
    "starting_at": "Kezdődik",
    "hardwareads": "Hardver reklámozás",
    "homepage_tabs": "Kezdőlap",
    "store": "Áruház",
    "view_in": "Megtekintés a",
    "drm_third_party": "Figyelem: A játék külső DRM-et tartalmaz",
    "stores": "Áruházak",
    "game_transactions": "Játék tranzakciók",
    "after_coupon": "kupon kód után",
    "games_installed": "Telepített játékok",
    "hours_short": "__hours__ óra",
    "faqs": "Gyakran ismételt kérdések",
    "spam_comment_show": "__num__ kéretlen hozzászólás elrejtve az oldalon.  Kattintson ide a megtekintéshez.",
    "dlc": "Letölthető tartalom",
    "add_to_wishlist": "Felvétel a kívánságlistára",
    "language": "Nyelv",
    "theworddefault": "Alapértelmezett",
    "coupon_learn_more": "<a href=\"https://support.steampowered.com/kb_article.php?ref=4210-YIPC-0275\">Tudj meg többet</a> a Steam kuponokról",
    "show": "Mutat",
    "badges_all": "Összes kitűző",
    "comparison_mode": "Engedélyezi az összes játék áttekintését, hogy összehasonlíthasd őket",
    "search": "Keresés",
    "es_supporter": "Enhanced Steam Támogató",
    "view_to_scale": "View to scale",
    "videos": "Videók / Előzetesek",
    "community": "Közösség",
    "dlc_data_header": "Letölthető tartalom részletei",
    "graphics": "Grafika",
    "trading_cards": "Steam játékkártyák",
    "view_badge": "Kitűzők mutatása",
    "purchase_total": "Vásárlás összesen",
    "view_foil_badge": "Fóliás kitűzőállapot megnézése",
    "view_astats": "AStats oldal megnézése",
    "apppage_purchase": "Vásárlási beálítások",
    "search_error_retry": "Kattints az újratöltéshez",
    "contribute": "Közreműködés (GitHub)",
    "reviews": "Értékelések",
    "read_reviews": "Értékelések olvasása",
    "read_more_reviews": "További vélemények a(z)",
    "size": "Méret",
    "package_info": "Csomaginfó",
    "badge_completion_avg": "Az összeállítás áltagköltsége",
    "using_store": "A Steam áruházat a(z) __current__régióban használod.",
    "volume_sold_last_24": "Mennyiség: __sold__ eladva az elmúlt 24 órában",
    "sold_last_24": "__sold__ eladva az elmúlt 24 órában",
    "homepage_sidebar": "Oldalsáv",
    "drop_calc": "Kattints ide, hogy megtudd hány kártya eshet még",
    "price": "Ár",
    "view_marketplace": "Piactér megnézése",
    "market_transactions": "Piaci tranzakciók",
    "card_drops_remaining": "__drops__ kártya kapható még",
    "badges_drops": "További kártyát adó kitűzők",
    "using_language_return": "Kattints ide, hogy a Steam oldalait __base__ nyelven böngészd.",
    "spam_comment_warn": "Itt sárkányok vannak...",
    "guides": "Útmutatók",
    "buy_wishlist": "Kívánságlista megvásárlása",
    "highlight": "Kiemel",
    "save": "Ment",
    "not": "Nem __tag__",
    "add_to_cart": "Kosárba tesz",
    "view": "Megtekint",
    "games_all": "Összes játék",
    "permalink": "Hivatkozás",
    "game_name": "Játék neve",
    "gift_transactions": "Ajándék tranzakciók",
    "demos": "Demók",
    "notinterested": "A tétel érdektelennek jelölve",
    "mixed_item": "Vegyes értékelés",
    "negative_item": "Negatív értékelés",
    "price_above": "Elemek amik drágábbak, mint",
    "price_above_tooltip": "Írj nullát az ingyenes elemekért vagy ár címke nélküliekért; Hagyd üresen ezt a mezőt, ha ki szeretnéd kapcsolni ezt a funkciót",
    "news": "Hírek",
    "check_system": "Ellenőrizze a rendszert",
    "viewinclient": "Megtekintés a Steam kliensben",
    "custom_background": "Egyedi profilháttér",
    "custom_style": "Egyéni stílus",
    "custom_style_help": "Minden Bővített Steam felhasználó látni fogja ezt a témát a profilodon.A nem Bővített Steam felhasználók nem látják a változtatásokat.",
    "noneselected": "Nincs kiválasztva / Nincs változás",
    "most_drops": "Legtöbb Esés",
    "badge_foil_progress": "Fóliás kitűzőállapot megnézése",
    "net_gain": "Tiszta nyereség",
    "apppage_legal": "Jogi információ",
    "acrtag_msg": "Bizonyos régiók között blokkolva a kereskedés.",
    "bug_feature": "Hibajelentés",
    "always": "Mindig",
    "compare": "Összehasonlítás",
    "discount": "Kedvezmény",
    "discountper": "Kedvezmény (százalék)",
    "discountabs": "Kedvezmény (összeg)",
    "rating_details": "Értékelések megnézése",
    "drops_worth_avg": "Hozzávetőleges érték",
    "using_store_return": "Kattints ide, hogy visszatérj a  __base__ boltba.",
    "family_sharing_notice": "<b>Megjegyzés:</b> Ez a játék ki van zárva a Steam Családi Megosztás szolgáltatásból.",
    "valid": "Érvényes",
    "price_options": "Ár opciók",
    "no_results_found": "Nincs találat",
    "visit_store": "Áruházi oldal megnézése",
    "all": "Összes",
    "total_spent": "Összes kiadás",
    "games_with_drops": "__dropsgames__ játék ad további kártyákat",
    "binder_view": "Rács nézet",
    "view_stats": "Statisztikák megtekintése",
    "using_language": "A steam oldalait __current__ nyelven nézed.",
    "popular": "Népszerű",
    "visit_trade_forum": "Csere fórum meglátogatása",
    "software": "Szoftver",
    "purchase_date": "(Megvéve ekkor: __date__)",
    "custom_background_help": "Az összes Enhanced Steam felhasználó ezt a hátteret fogja látni a profilodban. A nem Enhanced Steam felhasználók a hagyományos profilhátteredet fogják látni.",
    "date_unlocked": "Feloldás dátuma",
    "view_badge_foil": "Fóliás kitűző megtekintése",
    "net_spent": "Tiszta kiadás",
    "homepage_carousel": "Körhinta",
    "acrtag_tooltip": "Ez a tétel nem cserélhető a régiók között, ha Kelet-Európában, Dél-Amerikában, vagy Délkelet-Ázsiában lett vásárolva",
    "official_group": "Hivatalos csoport",
    "saved": "Mentett",
    "add_unowned_dlc_to_cart": "Nem birtokolt DLC hozzáadása a kosárhoz",
    "buy": "Vétel",
    "buy_package": "__package__ megvásárlása",
    "more_information": "További információ",
    "games_discount": "Kedvezményes játékok",
    "region_unavailable": "Nem elérhető ebben a régióban",
    "item_type": "Elem típusa",
    "avg_price_3cards": "Három játékkártya átlagára",
    "mods": "Modok",
    "empty_wishlist": "Kívánságlista ürítése",
    "empty_wishlist_confirm": "Biztos vagy abban, hogy ki akarod üríteni a kívánságlistádat?\n\nEz a művelet visszavonhatatlan!",
    "empty_wishlist_loading": "Kívánság listád kiürítése, kérlek várj...",
    "about": "Infó",
    "never": "Soha",
    "coupon_available": "Van felhasználható kuponod!",
    "info": "Információ",
    "launch_random": "Indíts el egy véletlenszerű játékot",
    "play_game": "Játssz a __gamename__?",
    "drops_value": "Kapott tárgy legmagasabb értéke",
    "notcommon_label": "Birtokolt játékok elrejtése",
    "show_all_steam_releases": "Mutassa az összes Steam kiadást",
    "wishlist": "Kívánságlista",
    "on_wishlist": "Kívánságlistán",
    "notdiscounted": "A tételek nem akciósak",
    "cancel": "Mégse",
    "wiki_article": "__pcgw__ cikk megtekintése",
    "view_all": "ÖSSZES MEGTEKINTÉS",
    "programming": "Programozás",
    "historical_low": "A valaha volt legalacsonyabb ár",
    "games_with_booster": "__boostergames__ játékhoz vagy jogosult bónuszcsomagra",
    "sort_by": "Rendezési szempont:",
    "lastonline": "Legutoljára online",
    "edit_price": "Ár megváltoztatása",
    "relist": "Újralistáz",
    "relist_an_item": "Újralistáz egy tárgyat",
    "relist_text": "Szeretnéd újralistázni ezt a tárgyat olcsóbban?",
    "search_market": "Keresés a Steam Piacon",
    "drm_third_party_sub": "Figyelem: Ez a csomag egy vagy több 3. féltől származó DRM címet tartalmaz",
    "customize": "Testreszabás",
    "custom": "Egyéni",
    "bundle_saving_text": "Ennyit spórolsz a csomag megvásárlásával",
    "thewordoptions": "Beállítások",
    "concepts": "Koncepciók",
    "collections": "Gyűjtemények",
    "discussions": "Megbeszélések",
    "add_wishlist_note": "Kivánságlista megyjegyzés hozzáadása",
    "update_wishlist_note": "Kivánságlista megjegyzés frissítése",
    "add_wishlist_note_prompt": "Add meg a kívánságlista megjegyzését",
    "update_wishlist_note_prompt": "Frissítsd a kívánságlista megjegyzését",
    "results": "__num__ Eredmény",
    "all_results": "Az összes __num__ eredmény megjelenítve",
    "see_more": "Bővebben",
    "lowest_price_format": "__price__ a __store__",
    "historical_low_format": "__price__ a __store__ __date__-kor",
    "favorited": "Kedvencnek jelölve",
    "followed": "Követve",
    "leave_group_selected": "Kiválasztott elhagyása",
    "leave_group_all": "Mind elhagyása",
    "leave_group_all_confirm": "Az összes csoportodat elhagyni készülsz. Biztos, hogy folytatni akarod?",
    "leave_group_admin_confirm": "Admin vagy ebben a csoportban: __groupname__ Biztos, hogy el akarod hagyni?",
    "wrong_try_again": "Hoppá... valami hiba történt, kérlek próbáld újra!",
    "join_group": "Csatlakozás a csoporthoz",
    "chat": "Csevegés",
    "web_browser_chat": "Webböngészős csevegés",
    "steam_client_chat": "Steam-kliens csevegés",
    "available": "Elérhető",
    "set_as_background": "Beállítás háttérképként",
    "preview_background": "Háttérkép előnézete",
    "details": "Részletek",
    "expand_slider": "Galéria nagyítása",
    "contract_slider": "Galéria visszaállítása",
    "early_access": "Korai hozzáférés",
    "filter_games": "Játékszűrő",
    "note_for": "Megjegyzés",
    "show_wishlist_total": "Teljes kívánságlista mutatása",
    "tag_short": "Használj rövid tag-eket, hogy helyet takaríts meg",
    "no_price_data": "Ár adatok nem elérhetőék",
    "exclude_tags": "Kizáró címkék",
    "user_score": "Felhasználók pontszáma",
    "user_reviews": "Felhasználói értékelések",
    "review_summary": "A __num__ játékos __percent__ -a értékelte pozitívan ezt a játékot.",
    "market_popular_items_toggle": "Népszerű tárgyak automatikus frissítésének be- és kikapcsolása",
    "achievements": {
        "option": "Teljesítmények mutatása az áruház oldalain",
        "achievements": "Teljesítmények",
        "includes": "__num__ Steam teljesítményt tartalmaz",
        "view_all": "Összes teljesítmény megtekintése"
    },
    "bundle": {
        "offer_ends": "Ajánlat vége",
        "at_least": "Fizess legalább",
        "pwyw": "Fizess amennyit akarsz",
        "includes": "Tartalmaz __num__ tárgyat",
        "tier_includes": "__tier__ (__price__) tartalmaz __num__ tárgyat",
        "tier": "Szint __num__",
        "header": "Csomagok, amik tartalmazzák ezt a játékot",
        "info": "Csomaginfó",
        "bundle_count": "A játékot tartalmazó csomagok száma mostanáig"
    },
    "charts": {
        "peakall": "Eddigi csúcs",
        "current": "Jelenlegi játékosok",
        "playing_now": "Most játszik",
        "peaktoday": "Mai csúcs"
    },
    "hltb": {
        "title": "How Long to Beat",
        "main_e": "Főszál és mellékfeladatok",
        "compl": "Összesen",
        "submit": "A Te időd megosztása",
        "main": "Főszál",
        "no_data": "Nem található adat",
        "help": "Kattints ide a segítséghez",
        "wrong": "Rossz játék?"
    },
    "library": {
        "in_library": "Könyvtárban",
        "error_loading_library": "Nem sikerült a könyvtárat betölteni",
        "categories": "Kategóriák...",
        "genres": "Műfajok...",
        "private_profile": "A funkció használatához tedd publikussá profilod <a href='http://steamcommunity.com/my/edit/settings'>a beállításaidnál</a>"
    },
    "spy": {
        "player_data": "Játékos adatok",
        "owners": "Játék birtokosai",
        "players_total": "Játékosok összesen",
        "players_2weeks": "Játékosok az elmúlt két hétben",
        "average_playtime": "Átlagos játékidő",
        "average_playtime_2weeks": "Átlagos játék idő az elmúlt két hétben",
        "formatted_time": "__hours__ óra,__minutes__ perc"
    },
    "options": {
        "wsgf": "Mutassa a WSGF (Széles képernyő) infókat",
        "version_show": "Változtatások mutatása, amikor az Enhanced Steam frissül",
        "steamcardexchange": "SteamCardExchange linkek mutatása a Kitűzőkőn",
        "regional_price": "Régiók árainak összehasonlítása",
        "acrtag": "Mutassa mely régiókban blokkolt a kereskedelem a játékokon.",
        "excludef2p": "Az ingyenes játékok kizárása a kiemeléstől",
        "contscroll": "A keresés eredményeinek folyamatos görgetésének az engedélyezése.",
        "profile_link_images_none": "Semmi",
        "replace_account_name": "Cserélje fel a fióknevet a közösségi névre.",
        "profile_links": "Mutassa a profil linkeket a",
        "library_header": "Könyvtár (BÉTA)",
        "tag": "Címkézd:",
        "icon": "Ikon",
        "name": "Név",
        "show_alternative_linux_icon": "Alternatív Linux ikon megjelenítése",
        "showcomparelinks": "Mutassa \"Összehasonlít\" linket az eredményeknél a barát tevékenységében.",
        "hidetmsymbols": "Védjegy- és szerzői szimbólumok a játékok címeiben",
        "metacritic": "Mutassa a Metacritic felhasználó pontokat",
        "opencritic": "Opencritic.com információk mutatása",
        "hideactivelistings": "Összes aktív eladás elrejtése a steamon alapértelemzés szerint",
        "clear": "Biztosan alaphelyzetbe állítja a beállításokat? A művelet nem vonható vissza.",
        "profile_api_info": "Mutassa a felhasználó API linkjét a profilon",
        "coupon": "Kuponok",
        "show_package_info": "Csomag információ megjelenítése minden alkalmazásra",
        "wlbuttoncommunityapp": "\"Tedd Kivánságlistára\" gomb megjelenítése a közösségi alkalmazásokon",
        "removeguideslanguagefilter": "Ne szűrje automatikusan az Útmutatókat nyelv szerint",
        "disablelinkfilter": "Megerősítés kikapcsolása külső oldalak esetén",
        "regional_price_on": "Mutassa a régiók árainak összevetését",
        "cart": "Termékek a kosaradban",
        "friends_own": "Barátaid által birtokolt tárgyak",
        "drm": "Mutassa a 3. fél általi DRM figyelmeztetéseket",
        "profile_permalink": "Mutassa a permalinkeket profilokon",
        "show_regionwarning": "Figyelmeztessen, ha nem a fiók régiójában történik a böngészés",
        "foot_link": "Enhanced Steam kiterjesztés",
        "profile_link_images": "Profil képek",
        "library": "Könyvtár gomb mutatása a fejrészben",
        "show1clickgoo": "Mutassa \"1 klikk cserélje drágakőre\" gomb az alkalmazható raktár tárgyakon.",
        "hidedlcunownedgames": "DLC-k olyan játékokhoz amelyek nincsenek meg neked",
        "hltb": "Mutassa a HowLongToBeat.com infókat",
        "hidespamcomments": "Rejtse el a spam hozzászólásokat a Mühely és profilon.",
        "hide_owned": "Már megvásárolt termékek a keresési találatokban és a kulcsszó oldalakon",
        "reset": "Beállítások visszaállítása",
        "api_key": "API Kulcs",
        "gift": "Ajánékok",
        "show_sysreqcheck": "Mutassa a gépigény gombot az alkalmazások oldalon (Kísérleti!)",
        "es_bg": "Egyéni háttér beállítása a \"Profil módosítása\" képernyőn",
        "regional_price_mouse": "Egér mutató az Ár felett",
        "friends_rec": "Barátaid által elbírált tárgyak",
        "lowestprice_header": "Ártörténeti információk",
        "total_spent": "Összes eladás jelzése a profil oldalon",
        "add_wallet_balance": "Steam pénztárca egyenlege megjelenítése a fejlécben",
        "add_to_cart_wishlist": "Kosárhoz adás gomb megjelenítése a kívánságlistán",
        "about_text": "<div class=\"header\"><a href='http://www.enhancedsteam.com'>Enhanced Steam</a> névjegye:</div><p>Az Enhanced Steam egy Google Chrome bővítmény, amely sok új funkciót ad a Steam honlapjához.<p>Funkciók:<ul><li>Könyvtáradban szereplő játékok kiemelése</li><li>Kívánságlistádon szereplő játékok kiemelése</li><li>Csomagkedvezmények helyes számítása a játékaid alapján</li><li>Megmutatja, mennyi pénzt költöttél eddig a Steamen</li><li>A könyvtáradban szereplő DLC-k kiemelése a játék oldalán</li><li>\"No Image Available\" játék ikon javítása a kívánságlistádban</li><li>Harmadik személytől származó DRM-mel rendelkező címek kiemelése</li></ul><p>Ha hasznosnak találod ezt a bővítményt, kérlek fontold meg a fejlesztők támogatását.",
        "stores_all": "Összehasonlítás az összes bolttal",
        "show_early_access_text": "Mutassa a Korai Hozzáférés jelzéseket",
        "author_info": "jshackles által",
        "profile_link_images_gray": "Szürke",
        "quickinv": "Gyors Eladás gomb mutatása a Közösségi tárgyakon a raktárban",
        "quickinv_diff": "Gyors Eladás szerkesztő:",
        "library_f2p": "Játszott ingyenes és demó játékok mutatása a könyvtárban",
        "inventory_market_text": "Piaci ár megjelenítése a raktár oldalon",
        "send_age_info": "Automatikusan elküldi az életkor ellenőrzést amikor kérik",
        "pcgw": "Mutassa a PCGaminfWiki linkeket",
        "store_steamcards": "SteamCardExchange link mutatása az áruház oldalain",
        "spamcommentregex": "Reguláris kifejezés:",
        "hide_owned_homepage": "Tételek a saját honlapján",
        "saved_note": "Beállítások mentve",
        "regional_hideworld": "Globális mutató elrejtése",
        "show_astatslink": "AStats hivatkozás mutatása az áruház oldalain",
        "showclient": "Steam Kliens linkek mutatása",
        "guest": "Vendégkártyák",
        "show_steamchart_info": "Mutassa a SteamCharts.com infókat",
        "show_steamspy_info": "Steamspy.com információ mutatása",
        "showallachievements": "Teljesítmények mutatása az \"Összes játék\" oldalon",
        "lowestprice_onwishlist": "Mutassa a kívánságlistát",
        "steamrepapi": "SteamRep statisztika mutatása a profil oldalakon",
        "header": "Fejrész",
        "lowestprice": "Mutat",
        "group_events": "Események mutatása a csoport áttekintésben",
        "changelog": "Változások:",
        "owned": "Tárgyaid",
        "steamdb": "Mutassa a SteamDB linkeket",
        "hide_early_access": "Korai hozzáférésű játékok elrejtése a kezdőlapon, böngészőben, és keresési oldalakon",
        "reset_note": "Beállítások törlése",
        "html5video": "Videók mutatása HTML5 használatával Flash helyett",
        "profiles_link_group_game": "Játék exkluzív",
        "friends_wishlist": "Tárgyak amelyeket a barátaid kívánságlistáin vannak rajta",
        "showspeechsearch": "Beszéd bevitelt hozzáadni a keresés mezőhöz",
        "profile_link_images_color": "Színezett",
        "hide_about": "\"Névjegy\" hivatkozás elrejtése",
        "show_empty_wishlist": "\"Üres kívánságlista\" gomb kimutatása",
        "inventory_nav_text": "Bővített kezelési lehetőségek a raktár oldalon",
        "carousel_description": "Leírások mutatása a főoldal galériájában",
        "market_total": "Tranzakció összefoglalás megjelenítése a Piacon",
        "hide_install": "A \"Steam telepítése\" gomb elrejtése",
        "lowestprice_coupon": "Kupon kódok beszámítása ár összehasonlításkor",
        "general": "Általános",
        "market": "Piac",
        "inventory": "Leltár",
        "profile": "Profil",
        "show_languagewarning": "Figyelmeztessen, ha ettől eltérő nyelven böngészek:",
        "homepage": "Főoldal",
        "homepage_default_tab": "Alapértelmezett főoldali lap",
        "homepage_default_tab_remember": "Megjegyezze az előzőt",
        "homepage_default_tab_newreleases": "Népszerű Új Megjelenések",
        "homepage_default_tab_allreleases": "Összes Új Megjelenés",
        "homepage_default_tab_topsellers": "Legkelendőbb",
        "homepage_default_tab_upcoming": "Közelgő",
        "homepage_default_tab_specials": "Speciálisok",
        "wishlist": "Tárgyak a kívánságlistádon",
        "add_another_region": "Hozzáad",
        "skip_got_steam": "'Van Steamed?' ablak átugrása",
        "store_general_thirdparty": "Beállítások külső oldalak információiról",
        "purchase_dates": "Vásárlás dátumának mutatása az áruház oldalain",
        "show_badge_progress": "Alkalmazások kitűző állapotának mutatása az áruházban",
        "show_wishlist_link": "Kívásnságlista linkjének mutatása a profilokon",
        "show_wishlist_count": "Kívánságlistán szereplő tárgyak számának mutatása",
        "lang": {
            "english": "Angol",
            "brazilian": "Portugál-Brazil",
            "bulgarian": "Bulgár",
            "czech": "Cseh",
            "danish": "Dán",
            "dutch": "Holland",
            "finnish": "Finn",
            "french": "Francia",
            "greek": "Görög",
            "german": "Német",
            "hungarian": "Magyar",
            "italian": "Olasz",
            "japanese": "Japán",
            "koreana": "Koreai",
            "norwegian": "Norvég",
            "polish": "Lengyel",
            "portuguese": "Portugál",
            "russian": "Orosz",
            "romanian": "Román",
            "schinese": "Egyszerűsített kínai",
            "spanish": "Spanyol",
            "swedish": "Svéd",
            "tchinese": "Hagyományos kínai",
            "thai": "Thai",
            "turkish": "Török",
            "ukrainian": "Ukrán"
        }
    },
    "ready": {
        "errormsg": "Hiba az Enhanced Steam adatbetöltése közben",
        "loading": "Enhanced Steam betölti az adatokat...",
        "ready": "Enhanced Steam kész",
        "failed": "Egy vagy több lekérés sikertelen"
    },
    "twitch": {
        "now_streaming": "__username__ éppen közvetít a Twitch-en",
        "viewers": "Nézők",
        "followers": "Követők",
        "views": "Megtekintések"
    },
    "survey": {
        "performance_survey": "Teljesítmény kérdőív",
        "users": "__users__ felhasználók töltötték ki a teljesítmény kérdőívet ehhez a játékohoz",
        "framerate": "Képkockák száma másodpercenként",
        "framerate_response": "állítja azt hogy a képkockák száma másodpercenként",
        "framerate_30": "30fps-re vagy annál kevesebbre van korlátozva",
        "framerate_fi": "30fps-nél többre van korlátozva",
        "framerate_va": "rugalmas, hardvertől függ",
        "resolution": "Felbontás",
        "resolution_support": "Ez a játék úgy tűnik hogy támogat",
        "resolution_less": "kevesebb mint __pixels__ felbontást",
        "resolution_up": "egészen __pixels__-ig tartó felbontást",
        "graphics_settings": "Grafikai beállítások",
        "satisfaction": "Teljesítménybeli megelégedettség videokártya márka szerint",
        "gs_y": "Vannak beépített grafikai beállítások vagy grafikai menü",
        "gs_n": "Nincsenek beépített grafikai beállítások vagy grafikai menü",
        "nobody": "Még senki nem töltötte ki a teljesítmény kérdőívet ezzel a játékkal kapcsolatban",
        "take": "Töltsd ki a kérdőívet"
    },
    "select": {
        "wishlisted_dlc": "Kívánságlistán szereplő DLC-k kiválasztása",
        "none": "Kiválasztás törlése",
        "unowned_dlc": "Nem birtokolt DLC-k kiválasztása"
    },
    "tag": {
        "wishlist": "Kívánságlista",
        "friends_own": "__friendcount__ barátnak van meg",
        "coupon": "Kupon",
        "friends_rec": "<a href=\"http://store.steampowered.com/recommended/byfriends/__appid__\">__friendcount__ barát ajánlotta",
        "inv_gift": "Ajándék",
        "inv_guestpass": "Vendégbelépő",
        "owned": "Birtokolt",
        "notinterested": "Nem érdekel",
        "friends_want": "<a href=\"http://steamcommunity.com/my/friendsthatplay/__appid__\">__friendcount__ szeretné</a>"
    },
    "wallet": {
        "custom_amount": "Egyéni összeg hozzáadása",
        "custom_amount_text": "Bármilyen __minamount__ fölötti összeg hozzáadása"
    },
    "wsgf": {
        "incomplete": "Nem teljes",
        "unsupported": "Ezt az eredmény azok a játékok kapják amik nem támogatják az __type__-t. A játék játszhatatlan lehet __type__-ben, vagy a kép szét lesz húzva. A helyes arányok nem lesznek megtartva.",
        "gold": "Ez az érem olyan játékoknak van kiosztva amik tökéletes pontszámot kaptak a WSGF-től az ő __type__ támogatásuk miatt, és __type__ Hitelesítettek.",
        "silver": "Ez az érem azoknak a játékoknak van ítélve akik egy kiszámított B értékelést értek el az ő __type__ támogatásukkal. Minden ilyen játék különösebb gondoktól mentes, de legalább egy olyan hibával rendelkezik ami megakadályozza a tökéletes pontszámot.",
        "limited": "Ez a pontszám azoknak a játékoknak jár akik egy kiszámított C szintet kaptak az ő __type__ támogatásukkal. Minden ilyen játék támogatja valamelyest az __type__-t de komoly gondokkal küzdenek.",
        "certifications": "WSGF Szélesvásznú Tanusítványok"
    },
    "itad": {
        "option": "Adatok szinkronizálása menü megjelenítése a IsThereAnyDeal.com-hoz",
        "send_to_itad": "Saját játékok elküldése a(z) IsThereAnyDeal-nek",
        "sending": "A saját játékok és csomagok betöltése és elküldése a(z) IsThereAnyDeal.com-nak"
    },
    "tradeoffer": {
        "num_item": "__num__ tárgy",
        "num_items": "__num__ tárgyak"
    },
    "update": {
        "dont_show": "Ne Mutassa Újra",
        "updated": "Enhanced Steam frissítve lett a __version__ verzióra",
        "changes": "Ez a kiadás a következő változásokat tartalmazza"
    },
    "register": {
        "success": "__gamename__ sikeresen aktiválva",
        "owned": "Ez a Steam fiók már rendelkezik az ebben az ajánlatban szereplő termék(ek)el.",
        "notavail": "Sajnáljuk, de a termék nem vásárolható meg ebben az országban. Termékkulcsod nem lett beváltva.",
        "invalid": "A megadott termékkód érvénytelen. Kérjük, győződj meg róla, nem gépelted-e el a kódodat.",
        "already": "Az általad megadott termékkódot már aktiválták egy másik Steam fiókkal.",
        "dlc": "A megadott termékkód aktiválásához egy másik termékkel is rendelkezned kell.",
        "wallet": "A kód, amit beírtál egy Steam ajándékkártyáé vagy Steam Pénztárcakód",
        "toomany": "Túl sok aktiválási kísérlet történt a közelmúltban erről a felhasználói fiókról vagy IP-címről. Kérjük várj, és majd később próbáld újra a termékkódod.",
        "default": "Váratlan hiba történt. Termékkódod nem került beváltásra. Kérjük, várj 30 percet és próbáld meg újra beváltani a kódot."
    }
}