{
    "post_history": "Se indlæg historie",
    "add_nickname": "Tilføj Brugernavn",
    "total_size": "Samlede størrelse",
    "dlc_details": "Hentbare indholdsdetaljer",
    "badge_not_unlocked": "Ikke låst op",
    "each": "Hver",
    "view_in_market": "Vis i Fællesskabs Marked",
    "homepage_spotlight": "Spotlight",
    "official_group_url": "steamcommunity.com/groups/enhancedsteam",
    "remove": "Fjern",
    "get_help": "Få hjælp",
    "add_selected_dlc_to_cart": "tilføj valgte DLC til indkøbskurven",
    "credits": "Tak til",
    "store_transactions": "Butik tranksaktioner",
    "activates": "Aktiveres på steam",
    "games_coupon": "Spil med Kuponer",
    "all_friends_own": "Alle venner, der ejer dette (__friendcount__)",
    "translate": "Oversæt",
    "search_names_only": "Søg kun i navne",
    "packs": "Pakke",
    "remove_owned_wishlist": "Fjern spil du ejer fra din ønskeliste",
    "donate": "Doner ",
    "close": "Luk",
    "error": "Der opstod en fejl",
    "go": "Ok",
    "activate": "Aktiver et produkt",
    "activate_multiple_header": "Angiv produktkoder nedenfor, en per linje",
    "activate_multiple": "Aktiver flere produkter",
    "activate_products": "Aktiver produkter",
    "coupon_application_note": "En kupon i din beholdning anvendes automatisk ved kassen.",
    "hide": "Skjul",
    "cards_owned": "__owned__ __possible__ kort ejes",
    "common_label": "Skjule spil som du ikke ejer",
    "birthday_message": "Happy Steam-fødselsdag, __username__! Din Steam konto er __age__ år gammel i dag.",
    "buying_total": "købe ordre total",
    "allreleases_products": "Vælg de type produkter du gerne vil se i denne del",
    "library_menu": "Bibliotek",
    "clear_cache": "Slet cachede data",
    "events": "Events",
    "translation": "Oversættelse",
    "lowest": "Laveste",
    "lowest_price": "Aktuel Laveste Pris",
    "view_badge_progress": "Se badge fremskridt",
    "badge_progress": "Se badge-fremskridt",
    "sales_total": "salg i alt",
    "hold_total": "Totalt i alt",
    "view_normal_badge": "Se normal skilt-fremskridt",
    "community_name_account_header": "__username__'s konto",
    "apppage_sections": "Vælg den del du gerne vil se på denne side",
    "search_error": "Der opstod en fejl ved søgning",
    "website": "Hjemmeside",
    "games": "Spil",
    "total_time": "Total tid",
    "dlc_suggest": "Foreslå en ny kategori",
    "badge_completion_cost": "Pris for at fuldføre skilt",
    "loading": "Indlæser...",
    "selling": "Sælger...",
    "quick_sell": "Quick sælg for __amount__",
    "instant_sell": "Sælg med det samme for __amount__",
    "starting_at": "Starter fra",
    "hardwareads": "Hardware Reklame",
    "homepage_tabs": "Forside tabs",
    "store": "Butik",
    "view_in": "Se i",
    "drm_third_party": "Advarsel: Dette spil benytter 3. part DRM",
    "stores": "Butikker",
    "game_transactions": "Spil transaktioner",
    "after_coupon": "efter kupon code",
    "games_installed": "Installerede spil",
    "hours_short": "__hours__ timer",
    "faqs": "Ofte stillede spørgsmål",
    "spam_comment_show": "__num__ spam kommentarer skjult på denne side. Klik her for at vise dem.",
    "dlc": "Indhold til download",
    "add_to_wishlist": "Tilføj til ønskeliste",
    "language": "Sprog",
    "theworddefault": "Standard",
    "coupon_learn_more": "<a href=\"https://support.steampowered.com/kb_article.php?ref=4210-YIPC-0275\">Lær mere</a> om Steam Kuponer",
    "show": "Vis",
    "badges_all": "Alle skilte",
    "comparison_mode": "Tilslut all spils oversigter for at se sammenligning",
    "search": "Søg",
    "es_supporter": "Enhanced Steam Supporter",
    "view_to_scale": "View to scale",
    "videos": "Videoer / trailere",
    "community": "Fællesskab",
    "dlc_data_header": "Hentbare indeholdsdetaljer",
    "graphics": "Grafik",
    "trading_cards": "Steam byttekort",
    "view_badge": "Se skilt",
    "purchase_total": "Købstotal",
    "view_foil_badge": "Se Indpakket Skilt fremskridt",
    "view_astats": "Se AStats side",
    "apppage_purchase": "Købe indstillinger",
    "search_error_retry": "Tryk her for at prøve igen",
    "contribute": "Bidrag (GitHub)",
    "reviews": "Anmeldelser",
    "read_reviews": "Læs anmeldelser",
    "read_more_reviews": "Læs flere anmeldelser på",
    "size": "Størrelse",
    "package_info": "Pakkeinfo",
    "badge_completion_avg": "Gennemsnitlige udgifter til færdiggørelse",
    "using_store": "Du bruger Steam butikken fra __current__ regionen.",
    "volume_sold_last_24": "Volume: __sold__ solgt i de sidste 24 timer",
    "sold_last_24": "__sold__ solgt i de sidste 24 timer",
    "homepage_sidebar": "Sidebar",
    "drop_calc": "Klik her for at udregne manglende drops",
    "price": "Pris",
    "view_marketplace": "Se Markedspladsen",
    "market_transactions": "Marked transaktioner",
    "card_drops_remaining": "__drops__ card dråber resterende",
    "badges_drops": "Skilte med kort drops tilbage",
    "using_language_return": "Klik her for at gennemse Steam i __base__.",
    "spam_comment_warn": "Her vil der være drager...",
    "guides": "Vejledninger",
    "buy_wishlist": "Køb ønskeliste",
    "highlight": "Fremhæv",
    "save": "Gem",
    "not": "Ikke __tag__",
    "add_to_cart": "Tilføj til kurv",
    "view": "Se",
    "games_all": "Alle spil",
    "permalink": "Permalink",
    "game_name": "Spille navn",
    "gift_transactions": "Gave transaktioner",
    "demos": "Demoer",
    "notinterested": "Poste markeret er ikke interesseret",
    "mixed_item": "Blandet bedømte elementer",
    "negative_item": "Negativt bedømte elementer",
    "price_above": "Elementer som koster mere end",
    "price_above_tooltip": "Skriv \"0\" for gratis varer eller varer uden prisskilte; Efterlad dette felt tomt for at deaktivere denne funktion",
    "news": "Nyheder",
    "check_system": "Tjek Dit System",
    "viewinclient": "Vis i Steam klient",
    "custom_background": "Selvlavet baggrund",
    "custom_style": "Selvlavet tema",
    "custom_style_help": "Alle brugere af Enhanced Steam vil se dette tema på din profil. Ikke-Enhanced Steam brugere vil ikke se nogen tema forandrig lavet her.",
    "noneselected": "Intet valgt / Ingen forandring",
    "most_drops": "Flest drops",
    "badge_foil_progress": "Se Indpakket Skilt fremskridt",
    "net_gain": "Nettogevinst",
    "apppage_legal": "Juridiske Oplysninger",
    "acrtag_msg": "Handel mellem visse regioner er blevet deaktiveret for dette spil",
    "bug_feature": "Rapporter Fejl / Foreslå funktioner",
    "always": "Altid",
    "compare": "Sammenlign",
    "discount": "Rabat",
    "discountper": "Rabat (procent)",
    "discountabs": "Rabat (beløb)",
    "rating_details": "Se bedømmelse detaljer",
    "drops_worth_avg": "Værd ca",
    "using_store_return": "Klik her for at gå tilbage til butikken for __base__.",
    "family_sharing_notice": "<b>Meddelelse:</b> Dette spil er ekskluderet fra Steam's Family Sharing tjeneste.",
    "valid": "Gyldig",
    "price_options": "Pris egenskaber",
    "no_results_found": "Ingen resultater fundet",
    "visit_store": "Besøg butik siden",
    "all": "Alle",
    "total_spent": "Samlede beløb",
    "games_with_drops": "__dropsgames__ spil med kort-drops resterende",
    "binder_view": "Binder udsigt",
    "view_stats": "Se stats",
    "using_language": "Du ser Steam i __current__",
    "popular": "Populær",
    "visit_trade_forum": "Besøg Bytte Forum",
    "software": "Software",
    "purchase_date": "(Købt __date__)",
    "custom_background_help": "Alle brugere af Enhanced Steam vil se denne baggrund på din profil.  Dem som ikke bruger Non-Enhanced Steam vil se den normale baggrund.",
    "date_unlocked": "Dato låst op",
    "view_badge_foil": "Se Indpakket Skilt",
    "net_spent": "Net brugt",
    "homepage_carousel": "Karrusel",
    "acrtag_tooltip": "Denne ting kan ikke blive byttet mellem regioner, hvis købt i Øst-Europa, Syd-Amerika eller Syd-Øst Asien",
    "official_group": "Officielle gruppe",
    "saved": "Gemt",
    "add_unowned_dlc_to_cart": "Tilføj ikke-ejet DLC til vogn",
    "buy": "Køb",
    "buy_package": "Køb __package__",
    "more_information": "Mere Information",
    "games_discount": "Spil med rabatter",
    "region_unavailable": "Ikke tilgængelig i denne region",
    "item_type": "Elementtype",
    "avg_price_3cards": "Gennemsnitspris af tre samlekort",
    "mods": "Modifikationer (mods)",
    "empty_wishlist": "Tøm ønskeliste",
    "empty_wishlist_confirm": "Vil du sikker på at du vil tømme din ønskeliste? Denne handling kan ikke fortrydes!",
    "empty_wishlist_loading": "Tømmer din ønskeliste, vent venligst...",
    "about": "Om",
    "never": "Aldrig",
    "coupon_available": "Du har en kupon til rådighed!",
    "info": "Info",
    "launch_random": "Start et tilfældigt spil",
    "play_game": "Spil __gamename__?",
    "drops_value": "Højeste drop pris",
    "notcommon_label": "Skjul spil som du ejer",
    "show_all_steam_releases": "Vis alle Steam udgivelser ",
    "wishlist": "Ønskeliste",
    "on_wishlist": "På ønskeliste",
    "notdiscounted": "Elementer som ikke har rabat",
    "cancel": "Fortryd",
    "wiki_article": "Se __pcgw__ artikel",
    "view_all": "SE ALLE",
    "programming": "Programmering",
    "historical_low": "Historisk laveste pris",
    "games_with_booster": "__boostergames__ spil som er brugbare overfor booster packs",
    "sort_by": "Sorter efter:",
    "lastonline": "Sidst Online",
    "edit_price": "Rediger pris",
    "relist": "Sæt på markedet igen",
    "relist_an_item": "Sæt en ting på markedet igen",
    "relist_text": "Vil du gerne sætte denne ting på markedet igen for en lavere pris?",
    "search_market": "søg på Steam marked",
    "drm_third_party_sub": "Advarsel: Et eller flere titler i denne pakke bruger tredjeparts DRM",
    "customize": "Tilpasse",
    "custom": "Tilpasset",
    "bundle_saving_text": "Her er hvad du sparer ved at købe dette bundte",
    "thewordoptions": "Indstillinger",
    "concepts": "Koncepter",
    "collections": "Kollektioner",
    "discussions": "Diskussioner",
    "add_wishlist_note": "Tilføj en ønskeliste note",
    "update_wishlist_note": "Opdater ønskeliste note",
    "add_wishlist_note_prompt": "Skriv din ønskeliste note",
    "update_wishlist_note_prompt": "Opdater din ønskeliste note",
    "results": "__num__ resultater",
    "all_results": "Alle __num__ resultater vises",
    "see_more": "Se mere",
    "lowest_price_format": "__price__ på __store__",
    "historical_low_format": "__price__ på __store__ den __date__",
    "favorited": "Favoritter",
    "followed": "Fulgt",
    "leave_group_selected": "Forlad valgte",
    "leave_group_all": "Forlad alle",
    "leave_group_all_confirm": "Du er i færd med at forlade alle grupper du er en del af!\nEr du sikker på at du vil fortsætte?",
    "leave_group_admin_confirm": "Du er admin i denne gruppe: __groupname__\nEr du sikker på at du forlade den?",
    "wrong_try_again": "Noget gik galt, prøv venligst igen.",
    "join_group": "Deltag i en gruppen",
    "chat": "Chat",
    "web_browser_chat": "Webbrowser chat",
    "steam_client_chat": "Steam klient chat",
    "available": "Tilgængelig",
    "set_as_background": "Anvend som baggrund",
    "preview_background": "Preview baggrund",
    "details": "Detaljer",
    "expand_slider": "Gør slideren større",
    "contract_slider": "Gør slideren mindre",
    "early_access": "Early Access",
    "filter_games": "Filter spil",
    "note_for": "Note Til",
    "show_wishlist_total": "Vis hvad hele din ønskeliste koster",
    "tag_short": "Brug korte tags for at bevare plads",
    "no_price_data": "Ingen tilgængelige prisdata",
    "exclude_tags": "Udeluk tags",
    "user_score": "Brugerscore",
    "user_reviews": "Brugeranmeldelser",
    "review_summary": "__percent__ af __num__ brugeranmeldelser for dette spil er positive.",
    "market_popular_items_toggle": "Slå levende opdatering til populære emner",
    "achievements": {
        "option": "Vis præstationer på butik sider",
        "achievements": "Præstationer",
        "includes": "Inkluderer __num__ Steam trofæer",
        "view_all": "Vis alle præstationer"
    },
    "bundle": {
        "offer_ends": "Tilbud slutter",
        "at_least": "Betale mindst",
        "pwyw": "Betal hvad du vil",
        "includes": "Inkluderer __num__ genstande",
        "tier_includes": "__tier__ (__price__) inkluderer __num__ genstande",
        "tier": "Niveau __num__",
        "header": "Pakker der indeholder dette spil",
        "info": "Pakkeinfo",
        "bundle_count": "Antal gange dette spil har været i et pakke"
    },
    "charts": {
        "peakall": "Højeste nogensinde",
        "current": "Aktuelle Spillere",
        "playing_now": "Spiller nu",
        "peaktoday": "dagens højdepunkt"
    },
    "hltb": {
        "title": "How Long to Beat",
        "main_e": "Hovedhistorie og ekstra",
        "compl": "Fuldførnist",
        "submit": "Indsend din tid",
        "main": "Hovedhistorie",
        "no_data": "Ingen data fundet",
        "help": "Klik her for hjælp",
        "wrong": "Forkert spil?"
    },
    "library": {
        "in_library": "I Dit Bibliotek",
        "error_loading_library": "Kunne ikke indlæse dit bibliotek.",
        "categories": "kategorier...",
        "genres": "Genrer...",
        "private_profile": "Change your profile status to public <a href='http://steamcommunity.com/my/edit/settings'>in your settings</a> to use this feature."
    },
    "spy": {
        "player_data": "Spillerdata",
        "owners": "Ejere",
        "players_total": "spillere i alt",
        "players_2weeks": "Spillere i de sidste to uger",
        "average_playtime": "Gennemsnitlig spilletid",
        "average_playtime_2weeks": "Gennemsnitlig spilletid i de sidste to uger",
        "formatted_time": "__hours__ timer, __minutes__ minutter"
    },
    "options": {
        "wsgf": "Vis WSGF (Widescreen) info ",
        "version_show": "Vis ændringsloggen når \"Enhanced Steam\" opdaterer",
        "steamcardexchange": "Vis SteamCardExchange links på skilte",
        "regional_price": "Regional Prissammenligning",
        "acrtag": "Vis advarsler på varer hvor grænseoverskridende regionbyte er deaktiveret",
        "excludef2p": "Udeluk gratis at spille spil fra fremhævning",
        "contscroll": "Aktiver kontinuerlig rulning af søgeresultater ",
        "profile_link_images_none": "Ingen",
        "replace_account_name": "Erstat kontonavn med fællesskabs navn      ",
        "profile_links": "Vis profil links til",
        "library_header": "Bibliotek (BETA)",
        "tag": "Etiket",
        "icon": "Ikon",
        "name": "Navn",
        "show_alternative_linux_icon": "Vis alternativt Linux ikon",
        "showcomparelinks": "Vis \"Sammenlign\" links for præstationer på venners aktivitet-feed",
        "hidetmsymbols": "Trademark og Copyright symboler i spiltitler",
        "metacritic": "Vis Metacritic bruger bedømmelser",
        "opencritic": "Vis Opencritic.com information",
        "hideactivelistings": "Gem all aktive lister på markedet som standard",
        "clear": "Er du sikker på du vil nulstille alle indstillinger? Dette kan ikke fortrydes.",
        "profile_api_info": "Vis bruger API link på profiler",
        "coupon": "Genstande med kuponer",
        "show_package_info": "Vis pakke info for alle apps",
        "wlbuttoncommunityapp": "Vis \"tilføj til ønskeliste\" knap på fællesskabs sider",
        "removeguideslanguagefilter": "Lad vær med at automatisk filtrer guides efter dit sprog",
        "disablelinkfilter": "Slå bekræftelse af når du går på andre sider",
        "regional_price_on": "Vis regional prissammenligning",
        "cart": "Varer i din vogn",
        "friends_own": "Genstande dine venner ejer",
        "drm": "Vis tredjeparts DRM advarsler",
        "profile_permalink": "Vis permenentlink på profil",
        "show_regionwarning": "Vis advarsel hvis browsing i området for ikke-konto",
        "foot_link": "Enhanced Steam Udvidelse",
        "profile_link_images": "Profil linket billeder",
        "library": "Vis Bibliotek knappen i topteksten",
        "show1clickgoo": "Vis \"1-Klick gør til ædelstener...\" knappen på gældende lagervarer",
        "hidedlcunownedgames": "Udvidelsespakker for spil du ikke ejer",
        "hltb": "Vis HowLongToBeat.com oplysninger",
        "hidespamcomments": "Skjul spam kommentarer fra værksted & profiler ",
        "hide_owned": "Genstande du ejer på søgeresultater og tag sider",
        "reset": "Nulstil indstillinger",
        "api_key": "API Nøgle",
        "gift": "Genstande gemt som gave",
        "show_sysreqcheck": "Vis knap til at tjekke systemkrav på applications sider (Exerimpentalt!)",
        "es_bg": "Indstil brugerdefineret baggrund på \"Rediger profil\" skærm",
        "regional_price_mouse": "på Pris Mouseover",
        "friends_rec": "Genstande dine venner har bedømt",
        "lowestprice_header": "Pris historik",
        "total_spent": "Vis hvor mange penge du har brugt på din konto, på din konto side",
        "add_wallet_balance": "Vis Steam pung midler I header",
        "add_to_cart_wishlist": "Vis \"Tilføj til Kurv\" knappen på ønskelister",
        "about_text": "<div class=\"header\">Om <a href='http://www.enhancedsteam.com'>Enhanced Steam</a>:</div><p>Enhanced Steam er en udvidelse for Google Chrome som tilføjer mange nye funktioner til Steam siden.<p>Funktioner omfatter:<ul><li>Fremhævning af spil du allerede ejer</li><li>Fremhævning af spil på din ønskeliste</li><li>Korrekt beregning af pakke rabatter baseret på spil, du allerede ejer</li><li>Viser hvor mange penge du har brugt på Steam</li><li>Fremhævning af DLC du allerede ejer på spil siden</li><li>Fikser \"Intet billede tilgængelig\" spil ikoner på din ønskeside for alle spil og DLC</li><li>Viser hvilke spil som bruge 3. part DRM</li></ul><p>Hvis du finde denne udvidelse nyttig, kan du donere til os.",
        "stores_all": "Sammenlign alle butikker",
        "show_early_access_text": "Vis Tidlig Adgang billede-bannere",
        "author_info": "af jshackles",
        "profile_link_images_gray": "Gråskala",
        "quickinv": "Vis quick salg knapper på Steam-Fællesskabet vare i inventory",
        "quickinv_diff": "Quick sælg modifier:",
        "library_f2p": "Vis spillede gratis at spille-spil og demoer i biblioteket ",
        "inventory_market_text": "Vis markedsprisen på rygsæk side",
        "send_age_info": "Automatisk send verifikation af alder når anmodet.",
        "pcgw": "Vis PCGamingWiki links",
        "store_steamcards": "Vis SteamCardExchange links på butik sider",
        "spamcommentregex": "Regulære udtryk streng:",
        "hide_owned_homepage": "Varer du ejer på hjemmesiden",
        "saved_note": "Indstillinger gemt",
        "regional_hideworld": "Skjul globe indikator",
        "show_astatslink": "Vis AStats link på app sider",
        "showclient": "Vis Steam klient links",
        "guest": "Elementer, du har et gæstepas til",
        "show_steamchart_info": "Vis SteamCharts.com info",
        "show_steamspy_info": "Vis oplysninger om steamspy.com",
        "showallachievements": "Vis præstation stats på \"Alle Spil\" siden ",
        "lowestprice_onwishlist": "Vis på ønskeliste",
        "steamrepapi": "Vis SteamRep status på profilsider",
        "header": "Sidehoved",
        "lowestprice": "Vis",
        "group_events": "Vis gruppe begivenheder på gruppe oversigt",
        "changelog": "Ændringslog",
        "owned": "Genstande du ejer",
        "steamdb": "Vis SteamDB links",
        "hide_early_access": "Skjul Tidlig Adgang spil på forside, gennemse og søgesider",
        "reset_note": "Indstillinger nulstillet",
        "html5video": "Vis videoer med HTML5 i stedet for Flash ",
        "profiles_link_group_game": "Game exclusive",
        "friends_wishlist": "Genstande dine venner har i sin ønskeseddel",
        "showspeechsearch": "Indsæt tale input ind i søge boxen",
        "profile_link_images_color": "Farvet",
        "hide_about": "Skjul \"Om\" linket",
        "show_empty_wishlist": "Vis \"Tøm ønskeseddel\" knappen",
        "inventory_nav_text": "Vis Avanceret navigation på rygsæk side",
        "carousel_description": "Vis applikations-beskrivelser på butiksforside karrusel",
        "market_total": "Vis transaktion resumé på Market",
        "hide_install": "Skjul \"Installer Steam\" knappen",
        "lowestprice_coupon": "Inkluder kupon kode i pris sammenligningen",
        "general": "Generel",
        "market": "Marked",
        "inventory": "Inventar",
        "profile": "Profil",
        "show_languagewarning": "Vis advarsel, hvis du søger i et andet sprog end",
        "homepage": "Hjemmeside",
        "homepage_default_tab": "Standard hjemmside fane",
        "homepage_default_tab_remember": "Husk tidligere",
        "homepage_default_tab_newreleases": "Populære nye udgivelser",
        "homepage_default_tab_allreleases": "Alle nye udgivelser",
        "homepage_default_tab_topsellers": "Bedst sælgende",
        "homepage_default_tab_upcoming": "Kommende",
        "homepage_default_tab_specials": "Tilbud",
        "wishlist": "Genstande på din ønskeliste",
        "add_another_region": "Tilføj",
        "skip_got_steam": "Springe vinduet 'Har du Steam?' over",
        "store_general_thirdparty": "Muligheder for information fra 3 parts sider",
        "purchase_dates": "Vis apps købsdato på butikssider",
        "show_badge_progress": "Vis apps badge fremskridt gemme sider",
        "show_wishlist_link": "Vis en ønskeliste link på profiler",
        "show_wishlist_count": "Vis antallet af punkter på ønskeliste",
        "lang": {
            "english": "Engelsk",
            "brazilian": "Portugisisk-Brasilien",
            "bulgarian": "Bulgarsk",
            "czech": "Tjekkisk",
            "danish": "Dansk",
            "dutch": "Hollandsk",
            "finnish": "Finsk",
            "french": "Fransk",
            "greek": "Græsk",
            "german": "Tysk",
            "hungarian": "Ungarnsk",
            "italian": "Italiensk",
            "japanese": "Japansk",
            "koreana": "Koreansk",
            "norwegian": "Norsk",
            "polish": "Polsk",
            "portuguese": "Portugesisk",
            "russian": "Russisk",
            "romanian": "Romansk",
            "schinese": "Forenklet kinesisk",
            "spanish": "Spansk",
            "swedish": "Svensk",
            "tchinese": "Traditionelt kinesisk",
            "thai": "Thailandsk",
            "turkish": "Tyrkisk",
            "ukrainian": "Ukrainsk"
        }
    },
    "ready": {
        "errormsg": "Fejl under indlæsning af Enhanced Steam data",
        "loading": "Enhanced Steam indlæser data...",
        "ready": "Enhanced Steam er klar",
        "failed": "Én eller flere anmodninger mislykkedes"
    },
    "twitch": {
        "now_streaming": "__username__ live streamer på Twitch",
        "viewers": "Seere",
        "followers": "Følgere",
        "views": "Visninger"
    },
    "survey": {
        "performance_survey": "Præstationsundersøgelse",
        "users": "__users__ brugere har gennemført præstationsundersøgelsen for dette spil",
        "framerate": "Framerate",
        "framerate_response": "svarede at frameraten var",
        "framerate_30": "fixed ved 30fps eller lavere",
        "framerate_fi": "fixed ved højere end 30 fps",
        "framerate_va": "variabel, afhængigt af hardware",
        "resolution": "Opløsning",
        "resolution_support": "Dette spil ser ud til at støtte",
        "resolution_less": "mindre end __pixels__ opløsning",
        "resolution_up": "op til __pixels__ opløsning",
        "graphics_settings": "Grafik indstillinger",
        "satisfaction": "Ydeevne tilfredshed af GPU",
        "gs_y": "Har indbygget grafisk muligheder eller en grafik menu",
        "gs_n": "Har ikke indbygget grafik indstillinger eller en grafik menu",
        "nobody": "Ingen har taget en performance-undersøgelse for dette spil endnu",
        "take": "Tag undersøgelsen"
    },
    "select": {
        "wishlisted_dlc": "Vælg ønskelistede DLC",
        "none": "Vælg intet",
        "unowned_dlc": "Vælg ikke-ejet DLC"
    },
    "tag": {
        "wishlist": "Ønskeliste",
        "friends_own": "__friendcount__ egen",
        "coupon": "Kupon",
        "friends_rec": "<a href=\"http://store.steampowered.com/recommended/byfriends/__appid__\">__friendcount__ venner gennemgik",
        "inv_gift": "Gave",
        "inv_guestpass": "Gæstepas",
        "owned": "Ejet",
        "notinterested": "Ikke interesseret",
        "friends_want": "<a href=\"http://steamcommunity.com/my/friendsthatplay/__appid__\">__friendcount__ ønsker</a>"
    },
    "wallet": {
        "custom_amount": "Tilføj selvlavet mængde",
        "custom_amount_text": "Tilføje et beløb over __minamount__"
    },
    "wsgf": {
        "incomplete": "Ufuldstændig",
        "unsupported": "Denne score er tildelt for spil, der ikke har __type__ støtte.  Spillet kan muligvis ikke afspilles i __type__, eller billedet vil blive strukket så det passer til vinduet.  Det korrekte højde-breddeforhold bevares ikke.",
        "gold": "Denne medalje tildeles til spil, der har modtaget en perfekt score fra WSGF for deres __type__ support, og er __type__ Certified.",
        "silver": "Denne medalje er tildelt til spil, der har modtaget en beregnet kategori b for deres __type__ støtte.  Alle spil af denne slags er uden store fejl, men har mindst én plet, der forhindrer en perfekt score.",
        "limited": "Denne score er tildelt til spil, der har modtaget en beregnet kategori c for deres __type__ støtte.  Alle spil af denne slags har en vis grad af __type__ støtte, men har betydelige problemer.",
        "certifications": "WSGF Widescreen certificeringer"
    },
    "itad": {
        "option": "Vis menupunkt til synkronisering af data til IsThereAnyDeal.com",
        "send_to_itad": "Send ejede spil til IsThereAnyDeal",
        "sending": "Indlæser dine ejede spil og pakker og sender dem til IsThereAnyDeal.com"
    },
    "tradeoffer": {
        "num_item": "__num__ genstand",
        "num_items": "__num__ genstande"
    },
    "update": {
        "dont_show": "Vis ikke igen",
        "updated": "Enhanced Steam er blevet opdateret til __version__",
        "changes": "Denne udgivelse indeholder følgende ændringer"
    },
    "register": {
        "success": "Aktiveringen af __gamename__ lykkedes",
        "owned": "Denne Steam-konto ejer allerede det produkt/de produkter, der er omfattet af tilbuddet.",
        "notavail": "Beklager, men dette produkt kan ikke købes i dette land. Din produktnøgle er ikke blevet indløst.",
        "invalid": "Den indtastede produktkode er ikke gyldig. Se godt efter om du evt. har indtastet koden forkert.",
        "already": "Den produktkode, du har angivet, er allerede aktiveret af en anden Steam-konto. Denne kode kan ikke bruges igen.",
        "dlc": "Den produktkode, du har indtastet, kræver ejerskab af et andet produkt inden aktivering.",
        "wallet": "Den indtastede kode er fra et Steam-gavekort eller en Steam-tegnebogskode",
        "toomany": "Der har været for mange nylige aktiveringsforsøg fra denne konto eller internetadresse.  Vent venligst og prøv din produktkode igen senere.",
        "default": "Der opstod en uventet fejl.  Din produktkode er ikke blevet indløst.  Vent venligst 30 minutter og prøv at indløse koden igen."
    }
}