{
    "post_history": "Показать историю сообщений",
    "add_nickname": "Добавить псевдоним",
    "total_size": "Полный размер",
    "dlc_details": "Информация загружаемого контента",
    "badge_not_unlocked": "Не разблокировано",
    "each": "Каждая",
    "view_in_market": "Просмотреть на Торговой площадке",
    "homepage_spotlight": "Обзор",
    "official_group_url": "steamcommunity.com/groups/enhancedsteamru",
    "remove": "Убрать",
    "get_help": "Получить помощь",
    "add_selected_dlc_to_cart": "Добавить выделенные дополнения в корзину",
    "credits": "Авторы",
    "store_transactions": "Операции в магазине",
    "activates": "Активируется в Steam",
    "games_coupon": "Игры с купонами",
    "all_friends_own": "Все друзья, у которых это есть (__friendcount__)",
    "translate": "Перевод",
    "search_names_only": "Искать только в названиях",
    "packs": "Комплекты",
    "remove_owned_wishlist": "Убрать из списка желаемого купленные игры",
    "donate": "Пожертвовать",
    "close": "Закрыть",
    "error": "Произошла ошибка",
    "go": "Начать",
    "activate": "Активировать продукт",
    "activate_multiple_header": "Введите коды продуктов в окне снизу (по одному в строке)",
    "activate_multiple": "Активировать Несколько Продуктов",
    "activate_products": "Активировать продукты",
    "coupon_application_note": "При покупке купон будет использован автоматически.",
    "hide": "Спрятать",
    "cards_owned": "Есть __owned__ карт из __possible__ возможных",
    "common_label": "Спрятать игры, которых у вас нет",
    "birthday_message": "С днем рождения, __username__! Вашему аккаунту исполнилось __age__ лет.",
    "buying_total": "Суммарная цена заказов",
    "allreleases_products": "Выберите типы продуктов, которые вы хотите отображать в этом разделе",
    "library_menu": "Библиотека",
    "clear_cache": "Очистить кэшированную информацию",
    "events": "События",
    "translation": "Перевод",
    "lowest": "Самый низкий",
    "lowest_price": "Самая низкая цена",
    "view_badge_progress": "Просмотреть прогресс значка",
    "badge_progress": "Просмотреть прогресс значка",
    "sales_total": "Суммарная цена продаваемых предметов",
    "hold_total": "Всего на удержании",
    "view_normal_badge": "Просмотреть прогресс обычного значка",
    "community_name_account_header": "Аккаунт __username__",
    "apppage_sections": "Выберите разделы, которые вы хотели бы видеть на этой странице",
    "search_error": "Не удалось загрузить остальные результаты поиска",
    "website": "Веб-сайт",
    "games": "Игры",
    "total_time": "Всего времени",
    "dlc_suggest": "Предложить новую категорию",
    "badge_completion_cost": "Стоимость завершения значка",
    "loading": "Загрузка…",
    "selling": "Продажа ...",
    "quick_sell": "Быстро продать за __amount__",
    "instant_sell": "Мгновенно продать за __amount__",
    "starting_at": "Начиная от",
    "hardwareads": "Реклама оборудования",
    "homepage_tabs": "Вкладки на главной странице",
    "store": "Магазин",
    "view_in": "Просмотреть в",
    "drm_third_party": "Внимание: эта игра использует DRM-технологию сторонних поставщиков",
    "stores": "Магазины",
    "game_transactions": "Операции в играх",
    "after_coupon": "после купона",
    "games_installed": "Установленные игры",
    "hours_short": "__ч.__ ч.",
    "faqs": "Часто задаваемые вопросы",
    "spam_comment_show": "Скрыто спам-комментариев на этой странице: __num__ Нажмите здесь, чтобы их отобразить.",
    "dlc": "Загружаемый контент",
    "add_to_wishlist": "Добавить в список желаемого",
    "language": "Язык",
    "theworddefault": "По умолчанию",
    "coupon_learn_more": "Узнать больше о <a href=\"https://support.steampowered.com/kb_article.php?ref=4210-YIPC-0275\">купонах Steam</a>",
    "show": "Показать",
    "badges_all": "Все значки",
    "comparison_mode": "Включить, чтобы увидеть сравнение",
    "search": "Поиск",
    "es_supporter": "Поддержал «Enhanced Steam»",
    "view_to_scale": "Просмотр в масштабе",
    "videos": "Видео / Трейлеры",
    "community": "Сообщество",
    "dlc_data_header": "Детали дополнений",
    "graphics": "Дизайн",
    "trading_cards": "Коллекционные карточки Steam",
    "view_badge": "Просмотреть значок",
    "purchase_total": "Всего покупок",
    "view_foil_badge": "Просмотреть прогресс металлического значка",
    "view_astats": "Просмотреть страницу AStats",
    "apppage_purchase": "Опции покупки",
    "search_error_retry": "Нажмите здесь, чтобы повторить попытку",
    "contribute": "Внести вклад (GitHub)",
    "reviews": "Обзоры",
    "read_reviews": "Читать отзывы",
    "read_more_reviews": "Читать больше отзывов на",
    "size": "Размер",
    "package_info": "Информация о комплекте",
    "badge_completion_avg": "Средняя стоимость завершения значка",
    "using_store": "Сейчас вы используете магазин Steam для __current__ региона.",
    "volume_sold_last_24": "__sold__Объем: __sold__ продан за последние 24 часа",
    "sold_last_24": "__sold__, продан в последние 24 часа",
    "homepage_sidebar": "Боковая панель",
    "drop_calc": "Щелкните здесь, чтобы вычислить остающиеся дропы",
    "price": "Цена",
    "view_marketplace": "Просмотреть площадку",
    "market_transactions": "Операции на Торг. площадке",
    "card_drops_remaining": "Еще выпадет карточек: __drops__",
    "badges_drops": "Значков с возможностью выпадения карточек",
    "using_language_return": "Нажмите здесь, чтобы пользоваться Steam на __base__ языке.",
    "spam_comment_warn": "Тут обитают драконы...",
    "guides": "Руководства",
    "buy_wishlist": "Купить список желаемого",
    "highlight": "Подсвечивать",
    "save": "Сохранить",
    "not": "Не __tag__",
    "add_to_cart": "Добавить в корзину",
    "view": "Просмотреть",
    "games_all": "Все игры",
    "permalink": "Постоянная ссылка",
    "game_name": "Название игры",
    "gift_transactions": "Операции с подарками",
    "demos": "Демо-версии",
    "notinterested": "Предметы, отмеченные не интересными",
    "mixed_item": "Предметы со смешанным рейтингом",
    "negative_item": "Предметы с отрицательным рейтингом",
    "price_above": "Предметы, которые стоят больше чем",
    "price_above_tooltip": "Введите ноль для бесплатных предметов или предметов без указанной цены; оставьте это поле пустым для отключения этой функции",
    "news": "Новости",
    "check_system": "Проверить систему",
    "viewinclient": "Просмотр в клиенте Steam",
    "custom_background": "Пользовательский фон ",
    "custom_style": "Пользовательская Тема",
    "custom_style_help": "Все пользователи Enhanced Steam увидят эту тему в вашем профиле. Пользователи без этого расширения  не увидят каких либо изменений.",
    "noneselected": "Не выбрано / без изменений",
    "most_drops": "Большинство выпадений",
    "badge_foil_progress": "Просмотреть прогресс металлического значка",
    "net_gain": "Чистый доход",
    "apppage_legal": "Правовая информация",
    "acrtag_msg": "Обмен между определенными регионами был отключен для этого предмета",
    "bug_feature": "Сообщить об ошибке / предложить новую функцию",
    "always": "Всегда",
    "compare": "Сравнить",
    "discount": "Скидка",
    "discountper": "Скидка (в процентах)",
    "discountabs": "Скидка (в сумме)",
    "rating_details": "Просмотреть информацию рейтинга",
    "drops_worth_avg": "Примерная стоимость",
    "using_store_return": "Нажмите здесь, чтобы вернуться в __base__ магазин.",
    "family_sharing_notice": "<b>Примечание:</b> Эта игра недоступна в Family Sharing.",
    "valid": "Правильно",
    "price_options": "Ценовые настройки",
    "no_results_found": "Ничего не найдено",
    "visit_store": "Посетить страницу магазина",
    "all": "Все",
    "total_spent": "Всего потрачено",
    "games_with_drops": "Игр, в которых могут выпасть карточки: __dropsgames__",
    "binder_view": "Вид «Папки»",
    "view_stats": "Просмотреть статистику",
    "using_language": "Вы находитесь на сайте Steam, используя __current__ язык.",
    "popular": "Популярное",
    "visit_trade_forum": "Посетить форум обмена",
    "software": "Программы",
    "purchase_date": "(Приобретено __date__)",
    "custom_background_help": "Все пользователи Enhanced Steam увидят этот фон в вашем профиле. Пользователи, у которых не установлен Enhanced Steam, увидят выбранный вами фон выше.",
    "date_unlocked": "Дата разблокировки",
    "view_badge_foil": "Просмотреть металлический значок",
    "net_spent": "Потрачено",
    "homepage_carousel": "Карусель",
    "acrtag_tooltip": "Этот предмет не может быть обменен между регионами, если он был куплен в Восточной Европе, Южной Америке или Юго-Восточной Азии",
    "official_group": "Официальная группа",
    "saved": "Сохранено",
    "add_unowned_dlc_to_cart": "Добавить в корзину дополнения, которых у меня нет",
    "buy": "Купить",
    "buy_package": "Купить __package__",
    "more_information": "Больше",
    "games_discount": "Игры со скидками",
    "region_unavailable": "Недоступно в этом регионе",
    "item_type": "Тип предмета",
    "avg_price_3cards": "Средняя цена трех коллекционных карточек",
    "mods": "Модификации",
    "empty_wishlist": "Очистить список желаемого",
    "empty_wishlist_confirm": "Вы уверены, что хотите очистить ваш список желаемого? Это действие нельзя отменить!",
    "empty_wishlist_loading": "Очистка списка желаемого, пожалуйста, подождите...",
    "about": "О расширении",
    "never": "Никогда",
    "coupon_available": "У вас есть купон!",
    "info": "Информация",
    "launch_random": "Запустить случайную игру",
    "play_game": "Играть в __gamename__?",
    "drops_value": "Самая дорогая карточка",
    "notcommon_label": "Спрятать игры, которые уже есть",
    "show_all_steam_releases": "Показать все релизы в Steam",
    "wishlist": "Список желаемого",
    "on_wishlist": "На пожеланий",
    "notdiscounted": "Предметы без скидки",
    "cancel": "Отмена",
    "wiki_article": "Просмотреть статью __pcgw__",
    "view_all": "ПРОСМОТРЕТЬ ВСЕ",
    "programming": "Программирование",
    "historical_low": "Исторический минимум",
    "games_with_booster": "Игр, у которых выпадет набор карточек: __boostergames__ ",
    "sort_by": "Сортировать по:",
    "lastonline": "Последний раз онлайн",
    "edit_price": "Редактировать цену",
    "relist": "Выставить на продажу",
    "relist_an_item": "Выставить предмет на продажу",
    "relist_text": "Хотите повторно выставить этот товар по более низкой цене?",
    "search_market": "Поиск на Торговой площадке сообщества",
    "drm_third_party_sub": "Внимание: один или несколько продуктов в этом наборе используют DRM-технологию сторонних поставщиков",
    "customize": "Настроить",
    "custom": "Пользовательские",
    "bundle_saving_text": "Купив этот комплект, вы сэкономите",
    "thewordoptions": "Настройки",
    "concepts": "Концепции",
    "collections": "Коллекции",
    "discussions": "Обсуждения",
    "add_wishlist_note": "Добавить заметку к списку желаемого",
    "update_wishlist_note": "Обновить заметку",
    "add_wishlist_note_prompt": "Введите вашу заметку к списку желаемого",
    "update_wishlist_note_prompt": "Обновить вашу заметку к списку желаемого",
    "results": "__num__Результаты",
    "all_results": "Все__num__результаты отображены",
    "see_more": "Подробнее",
    "lowest_price_format": "__price__ в __store__",
    "historical_low_format": "__price__ в __store__ от __date__",
    "favorited": "Избранное",
    "followed": "Подписки",
    "leave_group_selected": "Покинуть выбранные",
    "leave_group_all": "Покинуть все",
    "leave_group_all_confirm": "Вы собираетесь покинуть ВСЕ ГРУППЫ. Вы уверены что хотите продолжить?",
    "leave_group_admin_confirm": "Вы являетесь администратором в группе \"__groupname__\"\nВы точно хотите её покинуть?",
    "wrong_try_again": "Что-то пошло не так. Попробуйте еще раз.",
    "join_group": "Вступить в группу",
    "chat": "Чат",
    "web_browser_chat": "Чат веб-браузера ",
    "steam_client_chat": "Чат Steam-клиента",
    "available": "Доступно",
    "set_as_background": "Установить как фон",
    "preview_background": "Предварительный просмотр фона",
    "details": "Подробнее",
    "expand_slider": "Разверните слайдер",
    "contract_slider": "Свернуть слайдер",
    "early_access": "Ранний доступ",
    "filter_games": "Фильтр игр",
    "note_for": "Примечания для",
    "show_wishlist_total": "Показать весь список желаемого",
    "tag_short": "Использовать короткие теги для экономии места",
    "no_price_data": "Данные о цене отсутствуют",
    "exclude_tags": "Исключить метки",
    "user_score": "Оценка пользователей",
    "user_reviews": "Обзоры пользователей",
    "review_summary": "__percent__ из __num__ отзывов положительны.",
    "market_popular_items_toggle": "Переключить режим автообновления для Популярных предметов",
    "achievements": {
        "option": "Отображать достижения на страницах в магазине",
        "achievements": "Достижения",
        "includes": "Имеются достижения Steam: __num__",
        "view_all": "Просмотреть все достижения"
    },
    "bundle": {
        "offer_ends": "Предложение заканчивается",
        "at_least": "Заплатить как минимум",
        "pwyw": "Плати сколько хочешь",
        "includes": "Содержит __num__ предметов",
        "tier_includes": "__tier__ (__price__) включает __num__ предметов",
        "tier": "Уровень __num__",
        "header": "Наборы, в которых есть эта игра",
        "info": "Информация о наборе",
        "bundle_count": "Количество раз, когда эта игра была в наборе"
    },
    "charts": {
        "peakall": "пик за всё время",
        "current": "Текущее количество игроков",
        "playing_now": "сейчас играют",
        "peaktoday": "сегодняшний пик"
    },
    "hltb": {
        "title": "Время прохождения",
        "main_e": "История и другое",
        "compl": "На 100%",
        "submit": "Отправить свое время",
        "main": "История",
        "no_data": "Данные не найдены",
        "help": "Нажмите здесь, чтобы помочь",
        "wrong": "Неверная игра?"
    },
    "library": {
        "in_library": "В Библиотеке",
        "error_loading_library": "Не получилось загрузить вашу библиотеку.",
        "categories": "Категории…",
        "genres": "Жанры…",
        "private_profile": "Чтобы использовать эту функцию, вы должны <a href='http://steamcommunity.com/my/edit/settings'>сделать свой профиль открытым для всех</a>."
    },
    "spy": {
        "player_data": "Данные об игроках",
        "owners": "Владельцы",
        "players_total": "Всего игроков",
        "players_2weeks": "Игроков за последние две недели",
        "average_playtime": "Средняя продолжительность",
        "average_playtime_2weeks": "Средняя продолжительность игры за последние две недели",
        "formatted_time": "__hours__ часов, __minutes__ минут"
    },
    "options": {
        "wsgf": "Отображать информацию о поддержке широкоэкранных мониторов (WSGF)",
        "version_show": "Показать журнал изменений при обновлении Enhanced Steam",
        "steamcardexchange": "Отображать ссылки сайта SteamCardExchange на значках",
        "regional_price": "Сравнение цен в регионах",
        "acrtag": "Показать предупреждения к предметам, у которых запрещен обмен между регионами",
        "excludef2p": "Исключить бесплатные игры из подсвечивания",
        "contscroll": "Включить бесконечную прокрутку на странице результатов поиска",
        "profile_link_images_none": "Без картинок",
        "replace_account_name": "Заменить имя аккаунта именем в сообществе",
        "profile_links": "Отображать ссылки в профиле на:",
        "library_header": "Библиотека (БЕТА)",
        "tag": "Метка",
        "icon": "Значок",
        "name": "Название",
        "show_alternative_linux_icon": "Показать альтернативную иконку Linux",
        "showcomparelinks": "Отображать ссылки \"Сравнить\" для достижений в ленте активности друзей",
        "hidetmsymbols": "Символы торговых марок и авторских прав в названиях игр",
        "metacritic": "Отображать пользовательский рейтинг Metacritic",
        "opencritic": "Показать Opencritic.com информацию",
        "hideactivelistings": "Спрятать активные лоты на площадке по умолчанию",
        "clear": "Вы уверены, что хотите сбросить эти настройки? Действие необратимо. ",
        "profile_api_info": "Отображать ссылки на пользовательские API в профилях",
        "coupon": "Продукты, которые могут быть использованы с имеющимися купонами",
        "show_package_info": "Отображать информацию о наборах для всех продуктов",
        "wlbuttoncommunityapp": "Отображать кнопку \"Добавить в список желаемого\" в центрах сообщества",
        "removeguideslanguagefilter": "Отменить автофильтр руководств по языку в профиле",
        "disablelinkfilter": "Отключить подтверждение при переходе на внешние сайты",
        "regional_price_on": "Отображать сравнение цен",
        "cart": "Товаров в Вашей корзине",
        "friends_own": "Продукты, которые есть у ваших друзей",
        "drm": "Отображать предупреждения о DRM-технологиях сторонних разработчиков (GFWL, Uplay и т.д.)",
        "profile_permalink": "Отображать постоянную ссылку на профилях",
        "show_regionwarning": "Отображать предупреждение о несоответствии региона",
        "foot_link": "Расширение «Enhanced Steam»",
        "profile_link_images": "Иконки в профиле",
        "library": "Отображать кнопку «Библиотека» в шапке",
        "show1clickgoo": "Отображать кнопку \"Превратить в самоцветы одним кликом\" у подходящих предметов",
        "hidedlcunownedgames": "Дополнения для игр, которых у вас нет",
        "hltb": "Отображать информацию HowLongToBeat.com",
        "hidespamcomments": "Спрятать комментарии в Мастерской и профилях, помеченные как спам",
        "hide_owned": "Продукты, которые есть у вас, в результатах поиска и страницах меток",
        "reset": "Сбросить настройки",
        "api_key": "Ключ API",
        "gift": "Продукты, которые находятся в вашем инвентаре",
        "show_sysreqcheck": "Отображать кнопку для проверки системных требований (Экспериментальное!)",
        "es_bg": "Выбрать пользовательский фон в разделе редактирования профиля",
        "regional_price_mouse": "При наведении курсора",
        "friends_rec": "Продукты, на которые ваши друзья сделали обзоры",
        "lowestprice_header": "Информация по истории цен",
        "total_spent": "Отображать сумму всех потраченных средств на странице аккаунта",
        "add_wallet_balance": "Показывать баланс кошелька Steam в заголовке",
        "add_to_cart_wishlist": "Показывать кнопку \"Добавить в корзину\" на странице списка желаемого",
        "about_text": "О расширении «<a href=http://www.EnhancedSteam.com>Enhanced Steam</a>»:<p>«Enhanced Steam» — это расширение для Google Chrome, которое добавляет полезные особенности на сайт Steam.<p>Особенности включают:<ul><li>Подсвечивание игр, которые уже у вас есть<li>Подсвечивание игр, которые имеются в вашем списке желаемого<li>Правильный подсчет скидок наборов, основанных на играх, которые у вас есть<li>Отображение суммы денег, которое вы потратили за время существования вашего аккаунта<li>Подсвечивание дополнений, которые у вас есть, на странице игр<li>Замена картинки «No Image Available», которая иногда отображается у игр и дополнений<li>Предупреждение об использовании игр дополнительных клиентов и защиты (GFWL, Uplay и т.д.)</ul><p>Если вы считаете, что расширение очень полезно, то, пожалуйста, пожертвуйте любую сумму автору расширения.",
        "stores_all": "Сравнить все магазины",
        "show_early_access_text": "Отображать баннеры раннего доступа",
        "author_info": "создано jshackles",
        "profile_link_images_gray": "Черно-белые",
        "quickinv": "Показать кнопку быстрой продажи предметов сообщества Steam в инвентаре",
        "quickinv_diff": "Модификатор быстрой продажи:",
        "library_f2p": "Отображать бесплатные игры и демо-версии в библиотеке",
        "inventory_market_text": "Отображать цену Торговой площадки на странице инвентаря",
        "send_age_info": "Автоматически отправлять подтверждение возраста при запросе",
        "pcgw": "Отображать ссылки на PCGamingWiki ",
        "store_steamcards": "Показать SteamCardExchange ссылки на страницах магазина",
        "spamcommentregex": "Строка регулярных выражений:",
        "hide_owned_homepage": "Спрятать то, что у вас уже есть, на главной странице",
        "saved_note": "Настройки сохранены",
        "regional_hideworld": "Спрятать иконку глобуса",
        "show_astatslink": "Отображать ссылку на AStats на страницах продуктов",
        "showclient": "Показать ссылки клиента Steam",
        "guest": "Продукты, для которых у вас есть гостевой пропуск",
        "show_steamchart_info": "Отображать информацию SteamCharts.com",
        "show_steamspy_info": "Показать информацию от steamspy.com",
        "showallachievements": "Отображать статистику достижений на странице «Все игры»",
        "lowestprice_onwishlist": "Показать в списке желаемого",
        "steamrepapi": "Показать статус SteamRep на страницах профилей",
        "header": "Шапка",
        "lowestprice": "Показать",
        "group_events": "Отображать события в просмотре групп",
        "changelog": "Список изменений:",
        "owned": "Продукты, которые уже у вас есть",
        "steamdb": "Отображать ссылки SteamDB",
        "hide_early_access": "Спрятать игры с ранним доступом с главной страницы и поиска",
        "reset_note": "Настройки сброшены",
        "html5video": "Показывать видео, используя HTML5 вместо Flash",
        "profiles_link_group_game": "Эксклюзив",
        "friends_wishlist": "Продукты, которые находятся в списке желаемого ваших друзей",
        "showspeechsearch": "Добавить значок голосового поиска в поле поиска",
        "profile_link_images_color": "Цветные",
        "hide_about": "Спрятать ссылку «О STEAM» в шапке",
        "show_empty_wishlist": "Показывать кнопку \"Очистить список желаемого\"",
        "inventory_nav_text": "Отображать расширенную навигацию на странице инвентаря",
        "carousel_description": "Отображать описания на главной странице магазина Steam",
        "market_total": "Отображать сумму всех операций на Торговой площадке",
        "hide_install": "Спрятать кнопку «Установить Steam» в шапке",
        "lowestprice_coupon": "Включать купоны в ценовые сравнения",
        "general": "Главное",
        "market": "Магазин",
        "inventory": "Инвентарь",
        "profile": "Профиль",
        "show_languagewarning": "Отображать предупреждение, если страница открыта на другом языке",
        "homepage": "Стартовая страница",
        "homepage_default_tab": "Вкладка стартовой страницы по умолчанию",
        "homepage_default_tab_remember": "Запомнить предыдущие",
        "homepage_default_tab_newreleases": "Популярные новинки",
        "homepage_default_tab_allreleases": "Все новинки",
        "homepage_default_tab_topsellers": "Лидеры продаж",
        "homepage_default_tab_upcoming": "Скоро выйдут",
        "homepage_default_tab_specials": "Скидки",
        "wishlist": "Продукты, которые находятся в вашем списке желаемого",
        "add_another_region": "Добавить",
        "skip_got_steam": "Пропустить окно\"У Вас есть установленный Steam клиент ?\"",
        "store_general_thirdparty": "Настройки получения информации от сторонних сайтов",
        "purchase_dates": "Показывать дату покупки приложения на странице магазина",
        "show_badge_progress": "Показывать прогресс значка приложения на странице магазина",
        "show_wishlist_link": "Показать список пожеланий в профиле",
        "show_wishlist_count": "Показать количество элементов в Списке Пожеланий",
        "lang": {
            "english": "Английский",
            "brazilian": "Португальско-бразильский",
            "bulgarian": "Болгарский",
            "czech": "Чешский",
            "danish": "Датский",
            "dutch": "Голландский",
            "finnish": "Финский",
            "french": "Французкий",
            "greek": "Греческий",
            "german": "Немецкий",
            "hungarian": "Венгерский",
            "italian": "Итальянский",
            "japanese": "Японский",
            "koreana": "Корейский",
            "norwegian": "Норвежский",
            "polish": "Польский",
            "portuguese": "Португальский",
            "russian": "Русский",
            "romanian": "Румынский",
            "schinese": "Упрощенный китайский",
            "spanish": "Испанский",
            "swedish": "Шведский",
            "tchinese": "Традиционный китайский",
            "thai": "Тайский",
            "turkish": "Турецкий",
            "ukrainian": "Украинский"
        }
    },
    "ready": {
        "errormsg": "Ошибка загрузки данных Enhanced Steam",
        "loading": "«Enhanced Steam» загружается...",
        "ready": "\"Enhanced Steam\" готов",
        "failed": "Не удалось выполнить запрос(ы)"
    },
    "twitch": {
        "now_streaming": "__username__ начал трансляцию на Twich",
        "viewers": "Зрители",
        "followers": "Подписчики ",
        "views": "Просмотры"
    },
    "survey": {
        "performance_survey": "Оценка производительности",
        "users": "__users__ пользователей уже прошли опрос производительности этой игры",
        "framerate": "Частота кадров",
        "framerate_response": "ответили, что частота кадров была",
        "framerate_30": "зафиксированна на 30 кадров в секунду или ниже",
        "framerate_fi": "зафиксированна на более чем 30 кадров в секунду",
        "framerate_va": "различная, в зависимости от оборудования",
        "resolution": "Разрешение",
        "resolution_support": "Эта игра может поддерживать",
        "resolution_less": "разрешение меньше, чем __pixels__",
        "resolution_up": "разрешение до __pixels__",
        "graphics_settings": "Графические настройки",
        "satisfaction": "Удовлетворение производительности GPU",
        "gs_y": "Имеются встроенные графические настройки или графическое меню",
        "gs_n": "Не имеет встроенных графических настроек или графического меню",
        "nobody": "Никто ещё не делал обзор производительности для этой игры",
        "take": "Пройти опрос"
    },
    "select": {
        "wishlisted_dlc": "Выбрать дополнения из списка желаемого",
        "none": "Снять выбор",
        "unowned_dlc": "Выбрать не купленные дополнения"
    },
    "tag": {
        "wishlist": "Список желаемого",
        "friends_own": "У __friendcount__ есть",
        "coupon": "Купон",
        "friends_rec": "Друзей сделало обзор: <a href=\"http://store.steampowered.com/recommended/byfriends/__appid__\">__friendcount__ ",
        "inv_gift": "Подарок",
        "inv_guestpass": "Гостевой пропуск",
        "owned": "Приобретено",
        "notinterested": "Не интересно",
        "friends_want": "<a href=\"http://steamcommunity.com/my/friendsthatplay/__appid__\">Ваши друзья (__friendcount__) хотят это</a>"
    },
    "wallet": {
        "custom_amount": "Добавить определенную сумму",
        "custom_amount_text": "Добавить любую сумму более __minamount__"
    },
    "wsgf": {
        "incomplete": "Не завершено",
        "unsupported": "Эта оценка выдается играм, которые не имеют поддержки __type__. Существует шанс, что игра будет не играбельной в __type__, или само изображение будет растянуто до размеров окна. Правильное соотношение сторон не сохраняется.",
        "gold": "Эта медаль выдается играм, которые получили «Отлично» от WSGF за их поддержку __type__ и сертификат __type__.",
        "silver": "Эта медаль присуждается играм, которые получили «Хорошо» за поддержку __type__.  Все эти игры не имеют серьезных недостатков, но из-за некоторых недочетов высший балл получить невозможно.",
        "limited": "Эта оценка присуждается играм, которые получили «Средне» за поддержку __type__. Все эти игры могут поддерживать __type__, но также существует шанс, что с игрой могут возникнуть проблемы.",
        "certifications": "Широкоформатные сертификации WSGF"
    },
    "itad": {
        "option": "Показать меню для синхронизации с IsThereAnyDeal.com",
        "send_to_itad": "Отправить список купленных игр на IsThereAnyDeal",
        "sending": "Загрузка ваших игр и дополнений и отправка на IsThereAnyDeal.com"
    },
    "tradeoffer": {
        "num_item": "__num__ элемент",
        "num_items": "__num__ элементы"
    },
    "update": {
        "dont_show": "Больше не показывать",
        "updated": "Enhanced Steam был обновлён до версии __version__",
        "changes": "Эта версия включает в себя следующие изменения"
    },
    "register": {
        "success": "Успешно активирован проудкт под названием__gamename__",
        "owned": "Этот аккаунт Steam уже содержит продукт(ы), которые содержатся в этом предложении.",
        "notavail": "Приносим Извинения, но данный продукт нельзя купить в Вашей стране. Ваш ключ продукта не был активирован.",
        "invalid": "Введённый код продукта неверен. Пожалуйста, проверьте, правильно ли введён ключ.",
        "already": "Код продукта, который Вы ввели, уже был активирован на другом аккаунте Steam.",
        "dlc": "Код продукта, который Вы ввели, требует обладания другим продуктом перед активацией.",
        "wallet": "Код, который Вы ввели, является кодом от подарочной карты Steam или кодом кошелька Steam",
        "toomany": "С этого аккаунта было слишком много попыток активации в последнее время. Пожалуйста, подождите и попробуйте позже.",
        "default": "Произошла неожиданная ошибка. Ваш код продукта не был активирован. Пожалуйста, подождите 30 минут и попробуйте заново."
    }
}