{
    "post_history": "Näytä viesti historia",
    "add_nickname": "Lisää Nimesi",
    "total_size": "Koko",
    "dlc_details": "Lisäsisällön tiedot",
    "badge_not_unlocked": "Ei avattu",
    "each": "Kukin",
    "view_in_market": "Näytä yhteisön kauppapaikalla",
    "homepage_spotlight": "Valokeila",
    "official_group_url": "steamcommunity.com/groups/enhancedsteam",
    "remove": "Poista",
    "get_help": "Hae Apua",
    "add_selected_dlc_to_cart": "Lisää valittu lisäsisältö ostoskoriin",
    "credits": "Tekijät",
    "store_transactions": "Kaupan ostotapahtumat",
    "activates": "Aktivoitava Steamissa",
    "games_coupon": "Pelit, joihin voit käyttää kuponkeja",
    "all_friends_own": "Kaikki ystävät jotka omistavat tämän (__friendcount__)",
    "translate": "Käännä",
    "search_names_only": "Etsi vain nimistä",
    "packs": "Paketit",
    "remove_owned_wishlist": "Poista omistetut pelit toivelistalta",
    "donate": "Lahjoita",
    "close": "Sulje",
    "error": "On tapahtunut virhe",
    "go": "Siirry",
    "activate": "Aktivoi tuote",
    "activate_multiple_header": "Syötä tuotekoodit alle, yksi koodi riviä kohden",
    "activate_multiple": "Aktivoi useita tuotteita",
    "activate_products": "Aktivoi tuotteita",
    "coupon_application_note": "Tavaraluettelossasi oleva kuponki käytetään automaattisesti kassalla.",
    "hide": "Piilota",
    "cards_owned": "__owned__ / __possible__ korttia kerätty",
    "common_label": "Piilota pelit, joita et omista",
    "birthday_message": "Hyvää Steam-syntymäpäivää, __username__! Steam-käyttäjätilisi on tänään __age__ vuotta vanha!",
    "buying_total": "Ostosten hinta yhteensä",
    "allreleases_products": "Valitse tuotetyypit, jotka haluat nähdä tällä alueella",
    "library_menu": "Kokoelma",
    "clear_cache": "Tyhjennä välimuistin tiedot",
    "events": "Tapahtumat",
    "translation": "Käännökset",
    "lowest": "Matalin",
    "lowest_price": "Tämänhetkinen Alin Hinta",
    "view_badge_progress": "Näytä merkin edistyminen",
    "badge_progress": "Näytä merkkien edistyminen",
    "sales_total": "Myyntitulot yhteensä",
    "hold_total": "Yhteensä odottamassa",
    "view_normal_badge": "Näytä tavallisen merkin edistyminen",
    "community_name_account_header": "Käyttäjän __username__ tili",
    "apppage_sections": "Valitse osastot jotka haluat nähdä tällä sivulla",
    "search_error": "Virhe ladattaessa enemmän hakutuloksia",
    "website": "Verkkosivu",
    "games": "Pelit",
    "total_time": "Aika yhteensä",
    "dlc_suggest": "Ehdota uutta kategoriaa",
    "badge_completion_cost": "Merkin viimeistelyn hinta",
    "loading": "Ladataan...",
    "selling": "Myydään...",
    "quick_sell": "Myy nopeasti hintaan __amount__",
    "instant_sell": "Myy välittömästi hintaan __amount__",
    "starting_at": "Alkaen",
    "hardwareads": "Laitteiston mainonta",
    "homepage_tabs": "Kotisivu välilehdet",
    "store": "Kauppa",
    "view_in": "Katso",
    "drm_third_party": "Varoitus: Tämä tuote käyttää kolmannen osapuolen DRM-suojausta!",
    "stores": "Kaupat",
    "game_transactions": "Pelin ostotapahtumat",
    "after_coupon": "Säästöt kupongeista",
    "games_installed": "Asennetut pelit",
    "hours_short": "__hours__ tuntia",
    "faqs": "Usein kysytyt kysymykset",
    "spam_comment_show": "__num__ roskaviestiä piilotettu tältä sivulta.  Paina tästä nähdäksesi ne.",
    "dlc": "Ladattava Sisältö",
    "add_to_wishlist": "Lisää toivelistalle",
    "language": "Kieli",
    "theworddefault": "Oletusarvo",
    "coupon_learn_more": "<a href=\"https://support.steampowered.com/kb_article.php?ref=4210-YIPC-0275\">Lue lisää</a> Steam-kupongeista",
    "show": "Näytä",
    "badges_all": "Kaikki merkit",
    "comparison_mode": "Ota käyttöön pelien yleisnäkymä nähdäksesi pelivertailun",
    "search": "Hae",
    "es_supporter": "Enhanced Steamin tukija",
    "view_to_scale": "Katso mittakaavassa",
    "videos": "Videot / Trailerit",
    "community": "Yhteisö",
    "dlc_data_header": "Lisäsisällön tiedot",
    "graphics": "Grafiikat",
    "trading_cards": "Steam-keräilykortit",
    "view_badge": "Näytä merkki",
    "purchase_total": "Ostokset yhteensä",
    "view_foil_badge": "Näytä kiiltomerkin edistyminen",
    "view_astats": "Näytä AStats-sivu",
    "apppage_purchase": "Maksuasetukset",
    "search_error_retry": "Klikkaa tästä yrittääksesi uudelleen",
    "contribute": "Osallistu (GitHub)",
    "reviews": "Arvostelut",
    "read_reviews": "Lue arvostelut",
    "read_more_reviews": "Lue lisää arvosteluja",
    "size": "Koko",
    "package_info": "Paketin tiedot",
    "badge_completion_avg": "Viimeistelyn keskimääräinen hinta",
    "using_store": "Käytät alueen __current__ Steam-kauppaa",
    "volume_sold_last_24": "Määrä: __sold__ myyty viimeisen 24 tunnin sisällä",
    "sold_last_24": "__sold__ myyty viimeisen 24 tunnin sisällä",
    "homepage_sidebar": "Sivupalkki",
    "drop_calc": "Klikkaa tästä laskeaksesi jäljelläolevien droppien määrä",
    "price": "Hinta",
    "view_marketplace": "Tarkastele Kauppapaikkaa",
    "market_transactions": "Kauppapaikan ostotapahtumat",
    "card_drops_remaining": "__drops__ löydettävä(ä) kortti(a) puuttuu",
    "badges_drops": "Merkit, joista puuttuu löydettävissä olevia kortteja",
    "using_language_return": "Klikkaa tästä selataksesi kielellä __base__.",
    "spam_comment_warn": "Tuntematon alue",
    "guides": "Oppaat",
    "buy_wishlist": "Osta toivelistan pelit",
    "highlight": "Korosta",
    "save": "Tallenna",
    "not": "Ei __tag__",
    "add_to_cart": "Lisää ostoskoriin",
    "view": "Katso",
    "games_all": "Kaikki pelit",
    "permalink": "Pysyvä linkki",
    "game_name": "Pelin nimi",
    "gift_transactions": "Lahjatapahtumat",
    "demos": "Demot",
    "notinterested": "Esineet merkattu ei kiinnostaviksi",
    "mixed_item": "Sekoitettuja luokitus kohteita",
    "negative_item": "Negatiivisia luokitus kohteita",
    "price_above": "Esineet, jotka maksavat enemmän kuin",
    "price_above_tooltip": "Näppäile nolla nähdäksesi ilmaiset tai hinnoittelemattomat kohteet; kentän tyhjäksi jättäminen poistaa ominaisuuden käytöstä",
    "news": "Uutiset",
    "check_system": "Tarkista järjestelmävaatimukset",
    "viewinclient": "Näytä Steam-ohjelmassa",
    "custom_background": "Mukautettu taustakuva",
    "custom_style": "Mukautettu Teema",
    "custom_style_help": "Kaikki Enhanced Steam:in käyttäjät näkevät tämän teeman profiilissasi. Käyttäjät joilla ei ole Enhanced Steam:ia eivät näe täällä tehtyjä teeman muutoksia.",
    "noneselected": "Ei valittu / Ei muutosta",
    "most_drops": "Eniten löydettäviä kortteja",
    "badge_foil_progress": "Näytä kiiltomerkin edistyminen",
    "net_gain": "Nettotulot",
    "apppage_legal": "Lakitietoja",
    "acrtag_msg": "Tämän esineen vaihtaminen on estetty tiettyjen maantieteellisen alueiden välillä ",
    "bug_feature": "Raportoi Virhe / Ehdota Uutta Toimintoa",
    "always": "Aina",
    "compare": "Vertaile",
    "discount": "Alennus",
    "discountper": "Alennus (Prosenttia)",
    "discountabs": "Alennus (Summa)",
    "rating_details": "Näytä pisteytyksen lisätiedot",
    "drops_worth_avg": "Arvoltaan noin",
    "using_store_return": "Klikkaa tästä palataksesi __base__ kauppaan",
    "family_sharing_notice": "<b>Huomautus:</b> Tämä peli ei kuulu Steamin Lainaamo-palvelun piiriin.",
    "valid": "Voimassa",
    "price_options": "Hinta-asetukset",
    "no_results_found": "Ei tuloksia",
    "visit_store": "Vieraile kauppasivulla",
    "all": "Kaikki",
    "total_spent": "Yhteensä käytetty",
    "games_with_drops": "__dropsgames__ peliä, joista puuttuu löydettäviä kortteja",
    "binder_view": "Kansionäkymä",
    "view_stats": "Näytä tilastot",
    "using_language": "Selaat Steamia kielellä __current__.",
    "popular": "Suositut",
    "visit_trade_forum": "Vieraile vaihtofoorumilla",
    "software": "Ohjelma",
    "purchase_date": "(Ostettu __date__)",
    "custom_background_help": "Kaikki Enhanced Steamin käyttäjät näkevät tämän taustakuvan profiilissasi.  Muut käyttäjät näkevät tavallisen taustakuvasi.",
    "date_unlocked": "Avattu",
    "view_badge_foil": "Näytä kiiltomerkki",
    "net_spent": "Nettomenot",
    "homepage_carousel": "Karuselli",
    "acrtag_tooltip": "Tätä esinettä ei voida vaihtaa maantieteellisten alueiden välillä, mikäli se on ostettu Itä-Euroopassa, Etelä-Amerikassa tai Kaakkois-Aasiassa",
    "official_group": "Virallinen ryhmä",
    "saved": "Tallennettu",
    "add_unowned_dlc_to_cart": "Lisää ostoskoriin lisäsisältö, jota en omista",
    "buy": "Osta",
    "buy_package": "Osta __package__",
    "more_information": "Lisätietoja",
    "games_discount": "Alennuksessa olevat pelit",
    "region_unavailable": "Tämä tuote ei ole saatavilla alueellasi",
    "item_type": "Esinetyyppi",
    "avg_price_3cards": "Kolmen keräilykortin keskiarvo",
    "mods": "Modit",
    "empty_wishlist": "Tyhjennä toivelista",
    "empty_wishlist_confirm": "Oletko varma että haluat tyhjentää toivelistasi?\n\nTätä toimintoa ei voi perua!",
    "empty_wishlist_loading": "Tyhjennetään toivelistaa, odota hetki...",
    "about": "Tietoja",
    "never": "Ei koskaan",
    "coupon_available": "Sinulla on kuponki käytettävissäsi!",
    "info": "Lisätietoja",
    "launch_random": "Käynnistä satunnainen peli",
    "play_game": "Pelaa __gamename__:ä?",
    "drops_value": "Arvokkaimmat kortit",
    "notcommon_label": "Piilota omistamasi pelit",
    "show_all_steam_releases": "Näytä kaikki Steam-julkaisut",
    "wishlist": "Toivelista",
    "on_wishlist": "Toivelistalla",
    "notdiscounted": "Ei alennetut kohteet",
    "cancel": "Peruuta",
    "wiki_article": "Näytä __pcgw__ -artikkeli",
    "view_all": "NÄYTÄ KAIKKI",
    "programming": "Ohjelmointi",
    "historical_low": "Historian alin hinta",
    "games_with_booster": "__boostergames__ peliä, joihin voit saada lisäkorttipaketteja",
    "sort_by": "Lajitteluperuste:",
    "lastonline": "Viimeksi online-tilassa",
    "edit_price": "Muokkaa hintaa",
    "relist": "Listaa uudelleen",
    "relist_an_item": "Listaa esine uudelleen",
    "relist_text": "Haluatko listata tämän tuotteen uudelleen matalempaan hintaan?",
    "search_market": "Etsi Steam-yhteisön kauppapaikalta",
    "drm_third_party_sub": "Varoitus: Yksi tai useampi nimike tässä paketissa käyttää kolmannen osapuolen DRM:ää.",
    "customize": "Kustomointi",
    "custom": "Mukautettu",
    "bundle_saving_text": "Säästät tämän verran ostamalla paketissa",
    "thewordoptions": "Asetukset",
    "concepts": "Konseptit",
    "collections": "Kokoelmat",
    "discussions": "Keskustelut",
    "add_wishlist_note": "Lisää viesti toivelistaan",
    "update_wishlist_note": "Päivitä toivelistan viesti",
    "add_wishlist_note_prompt": "Kirjota toivelistasi viesti",
    "update_wishlist_note_prompt": "Päivitä toivelistasi viesti",
    "results": "__num__ Tulokset",
    "all_results": "Kaikki __num__ tulokset näytettynä",
    "see_more": "Näytä lisää",
    "lowest_price_format": "__price__ __store__:ssa",
    "historical_low_format": "__price__ __store__:ssa __date__",
    "favorited": "Lisätty suosikiksi",
    "followed": "Seurattu",
    "leave_group_selected": "Poistu valituista",
    "leave_group_all": "Poistu kaikista",
    "leave_group_all_confirm": "Olet poistumassa KAIKISTA RYHMISTÄSI! Oletko varma, että haluat jatkaa?",
    "leave_group_admin_confirm": "Olet ryhmän __groupname__ ylläpitäjä.\nHaluatko varmasti poistua ryhmästä?",
    "wrong_try_again": "Jotain meni pieleen. Yritä uudelleen.",
    "join_group": "Liity ryhmään",
    "chat": "Keskustelu",
    "web_browser_chat": "Selain keskustelu",
    "steam_client_chat": "Steam-keskustelu",
    "available": "Saatavilla",
    "set_as_background": "Aseta taustakuvaksi",
    "preview_background": "Esikatsele taustakuvaa",
    "details": "Tiedot",
    "expand_slider": "Laajenna liukusäädin",
    "contract_slider": "Sopimus Liukusäädin",
    "early_access": "Early Access",
    "filter_games": "Suodata pelejä",
    "note_for": "Huomatus",
    "show_wishlist_total": "Näytä toivelista yhteensä",
    "tag_short": "Käytä lyhyitä avainsanoja tilan säästämiseksi",
    "no_price_data": "Hintatietoja ei saatavilla",
    "exclude_tags": "Älä sisällä",
    "user_score": "Käyttäjän pistemäärä",
    "user_reviews": "Käyttäjien arvostelut",
    "review_summary": "__percent__ pelin __num__ arvostelusta ovat positiivisia.",
    "market_popular_items_toggle": "Vaihda live päivitys suosituille kohteille",
    "achievements": {
        "option": "Näytä saavutukset kauppasivuilla",
        "achievements": "Saavutukset",
        "includes": "Sisältää __num__ Steam-saavutusta",
        "view_all": "Näytä kaikki saavutukset"
    },
    "bundle": {
        "offer_ends": "Tarjous päättyy",
        "at_least": "Maksa vähintään",
        "pwyw": "Maksa mitä haluat",
        "includes": "Sisältää __num__ esinettä",
        "tier_includes": "Tuoteryhmä __tier__ (__price__) sisältää __num__ esinettä",
        "tier": "Tuoteryhmä __num__",
        "header": "Paketit, jotka sisältävät tämän pelin",
        "info": "Paketin tiedot",
        "bundle_count": "Kerrat, joina tämä peli on ollut paketissa"
    },
    "charts": {
        "peakall": "kaikkien aikojen korkein",
        "current": "Pelaajat",
        "playing_now": "pelaamassa nyt",
        "peaktoday": "päivän korkein"
    },
    "hltb": {
        "title": "Läpäisyn kesto",
        "main_e": "Päätarina ja ekstrat",
        "compl": "Perfektionisti",
        "submit": "Kerro oma aikasi",
        "main": "Päätarina",
        "no_data": "Tietoja ei löytynyt",
        "help": "Klikkaa tästä saadaksesi apua",
        "wrong": "Väärä peli?"
    },
    "library": {
        "in_library": "Kokoelma",
        "error_loading_library": "Kokoelmasi lataaminen epäonnistui.",
        "categories": "Kategoriat...",
        "genres": "Lajityypit...",
        "private_profile": "Vaihda profiilisi tila julkiseksi <a href='http://steamcommunity.com/my/edit/settings'>asetuksissasi</a> käyttääksesi tätä toimintoa."
    },
    "spy": {
        "player_data": "Pelaajien tiedot",
        "owners": "Omistajia",
        "players_total": "Pelaajia yhteensä",
        "players_2weeks": "Pelaajia kahden viime viikon aikana",
        "average_playtime": "Keskimääräinen peliaika",
        "average_playtime_2weeks": "Keskimääräinen peliaika kahden viime viikon aikana",
        "formatted_time": "__hours__ tuntia, __minutes__ minuuttia"
    },
    "options": {
        "wsgf": "Näytä WSGF:n laajakuvatuen merkit",
        "version_show": "Näytä muutoslogi kun Enchanced Steam päivittää",
        "steamcardexchange": "Näytä SteamCardExchange linkit merkkilistassa",
        "regional_price": "Alueellinen hintavertailu",
        "acrtag": "Näytä varoitukset kohteissa joiden vaihtaminen on estetty alueiden välillä",
        "excludef2p": "Älä korosta ilmaispelejä.",
        "contscroll": "Ota hakutulosten jatkuva vieritys käyttöön",
        "profile_link_images_none": "Ei ikoneja",
        "replace_account_name": "Korvaa käyttäjätilin nimi profiilinimellä",
        "profile_links": "Näytä linkit yhteisösivuille",
        "library_header": "Kokoelma (BETA)",
        "tag": "Tunniste",
        "icon": "Kuvake",
        "name": "Nimi",
        "show_alternative_linux_icon": "Näytä vaihtoehtoinen Linux-kuvake",
        "showcomparelinks": "Näytä \"Vertaa\" linkit saavutuksille tapahtumasyötteessä",
        "hidetmsymbols": "Tavaramerkki- ja tekijänoikeussymbolit pelien nimissä",
        "metacritic": "Näytä Metacriticin käyttäjien arviot",
        "opencritic": "Näytä Opencritic.com tiedot",
        "hideactivelistings": "Piilota aktiiviset listaukset Kauppapaikan kotisivulla",
        "clear": "Oletko varma, että haluat nollata asetukset? Tätä ei voi kumota.",
        "profile_api_info": "Näytä käyttäjien API linkit profiileissa",
        "coupon": "Tuotteet joihin voit käyttää kuponkeja",
        "show_package_info": "Näytä \"paketin tiedot\" nappula kaikille tuotteille",
        "wlbuttoncommunityapp": "Näytä \"Lisää toivelistaan\" nappula tuotteiden yhteisökeskuksissa",
        "removeguideslanguagefilter": "Älä suodata oppaita automaattisesti käyttäjän kielen mukaan",
        "disablelinkfilter": "Ohita vahvistus ulkopuolisille sivustoille siirryttäessä",
        "regional_price_on": "Näytä alueellinen hintavertailu",
        "cart": "Kohteet ostoskorissasi",
        "friends_own": "Tuotteet jotka ystäväsi omistavat",
        "drm": "Näytä muun valmistajan DRM-suojaus varoitus",
        "profile_permalink": "Näytä pysyvä linkki profiileissa",
        "show_regionwarning": "Näytä varoitus selatessa muun kuin tilin alueen kauppaa",
        "foot_link": "Enhanced Steam laajennus",
        "profile_link_images": "Linkkien ikonien väri",
        "library": "Näytä \"Kokoelma\"-nappula ylätunnisteessa",
        "show1clickgoo": "Näytä \"1-Click turn into Gems...\" nappi tavaraluettelossa",
        "hidedlcunownedgames": "Lisäsisältö peleille joita et omista",
        "hltb": "Näytä HowLongToBeat.com arvio",
        "hidespamcomments": "Piilota roskaposti Workshopin ja profiilien kommenteista",
        "hide_owned": "Omistamasi tuotteet hakutuloksissa ja tunnistelistoissa",
        "reset": "Nollaa asetukset",
        "api_key": "API-avain",
        "gift": "Tuotteet jotka omistat lunastamattomina lahjoina",
        "show_sysreqcheck": "Näytä nappula järjestelmävaatimusten tarkastamiseen tuotteiden sivuilla (Kokeellinen!)",
        "es_bg": "Aseta mukautettu taustakuva \"Muokkaa Profiilia\" valikossa",
        "regional_price_mouse": "pitämällä hiirtä hinnan päällä",
        "friends_rec": "Tuotteet jotka ystäväsi ovat arvostelleet",
        "lowestprice_header": "Hintahistoria",
        "total_spent": "Näytä yhteensä käyttämäsi rahamäärä tilitiedoissa",
        "add_wallet_balance": "Näytä Steam-lompakon varat yläpalkissa",
        "add_to_cart_wishlist": "Näytä \"Lisää ostoskoriin\" painike toivelistassa",
        "about_text": "<div class=\"header\">Tietoja <a href='http://www.enhancedsteam.com'>Enhanced Steamista</a>:</div><p>Enhanced Steam on laajennus Google Chromeen, joka lisää monia uusia toimintoja Steamin verkkosivulle.<p>Ominaisuuksiin kuuluvat:<ul><li>Omistamiesi pelien korostaminen</li><li>Toivelistallasi olevien pelien korostaminen</li><li>Pakettien alennusten oikein laskeminen omistamiesi pelien perusteella</li><li>Näyttää kuinka paljon rahaa olet käyttänyt Steam-tililläsi</li><li>Omistamasi lisäsisällön korostus pelin sivulla</li><li>Korjaa \"No Image Available\" kuvat toivelistassasi oleville peleille ja lisäsisällöille</li><li>Varoittaa kolmansien osapuolien DRM-suojauksista</li></ul><p>Jos tästä laajennuksesta on ollut sinulle hyötyä, harkitse lahjoittamista.",
        "stores_all": "Vertaile kaikkia kauppoja",
        "show_early_access_text": "Näytä Early Access -merkinnät",
        "author_info": "Tehnyt: jshackles",
        "profile_link_images_gray": "Harmaasävy",
        "quickinv": "Näytä pikamyynti-napit Steam Yhteisö-esineillä tavaralistassa",
        "quickinv_diff": "Pikamyynnin kerroin:",
        "library_f2p": "Näytä pelatut ilmaispelit ja demot kokoelmassa",
        "inventory_market_text": "Näytä kauppapaikan hinta tavaraluettlossa",
        "send_age_info": "Lähetä ikävahvistus automaattisesti",
        "pcgw": "Näytä PCGamingWiki linkit",
        "store_steamcards": "Näytä SteamCardExchange-linkit kauppasivuilla",
        "spamcommentregex": "Säännöllisen lausekkeen merkkijono:",
        "hide_owned_homepage": "Omistamasi tuotteet etusivulla",
        "saved_note": "Asetukset tallennettu",
        "regional_hideworld": "Piilota maapallo-kuvake",
        "show_astatslink": "Näytä AStats-linkki sovellussivuilla",
        "showclient": "Näytä Steam linkit",
        "guest": "Tuotteet joihin sinulla on vierailulupa",
        "show_steamchart_info": "Näytä SteamCharts.com tilastot",
        "show_steamspy_info": "Näytä steamspy.com tiedot",
        "showallachievements": "Näytä saavutustilastot \"Kaikki pelit\" sivulla",
        "lowestprice_onwishlist": "Näytä toivelistalla",
        "steamrepapi": "Näytä SteamRep tila profiileissa",
        "header": "Ylätunniste",
        "lowestprice": "Näytä",
        "group_events": "Näytä tapahtumat ryhmän yleiskatsauksessa",
        "changelog": "Muutoshistoria:",
        "owned": "Tuotteet jotka omistat",
        "steamdb": "Näytä SteamDB linkit",
        "hide_early_access": "Piilota Early Access -pelit etusivulla, selatessa ja hakutuloksissa",
        "reset_note": "Asetukset nollattu",
        "html5video": "Toista videoita HTML5:n avulla Flashin sijaan.",
        "profiles_link_group_game": "Pelikohtainen",
        "friends_wishlist": "Tuotteet jotka ovat ystäviesi toivelistoilla",
        "showspeechsearch": "Lisää puhesyöte hakulaatikkoon",
        "profile_link_images_color": "Värillinen",
        "hide_about": "Piilota \"Tietoja\" linkki",
        "show_empty_wishlist": "Näytä \"Tyhjä Toivelista\" painike",
        "inventory_nav_text": "Näytä edistynyt navigointi tavaraluettelossa",
        "carousel_description": "Näytä mainostettujen tuotteiden kuvaukset kaupan etusivulla",
        "market_total": "Näytä maksutapahtumien yhteenveto kauppapaikalla",
        "hide_install": "Piilota \"Asenna Steam\" nappula",
        "lowestprice_coupon": "Ota kupongit huomioon hintavertailussa",
        "general": "Yleiset asetukset",
        "market": "Kauppapaikka",
        "inventory": "Tavaralista",
        "profile": "Profiili",
        "show_languagewarning": "Näytä varoitus, jos selaat muulla kielellä kuin",
        "homepage": "Kotisivu",
        "homepage_default_tab": "Oletus kotisivu välilehti",
        "homepage_default_tab_remember": "Muista edelliset",
        "homepage_default_tab_newreleases": "Suosittuja uusia julkaisuja",
        "homepage_default_tab_allreleases": "Kaikki uudet julkaisut",
        "homepage_default_tab_topsellers": "Myydyimmät",
        "homepage_default_tab_upcoming": "Tulevat",
        "homepage_default_tab_specials": "Erikoistarjoukset",
        "wishlist": "Tuotteet toivelistallasi",
        "add_another_region": "Lisää",
        "skip_got_steam": "Skippaa \"Onko sinulla Steam?\" ikkuna",
        "store_general_thirdparty": "Informaatio Asetukset 3. Osapuolen sivustoilta",
        "purchase_dates": "Näytä sovellusten osto data kauppa sivulla",
        "show_badge_progress": "Näytä merkin edistys kauppasivulla",
        "show_wishlist_link": "Näytä toivelistojen linkit profiileissa",
        "show_wishlist_count": "Näytä kohteiden määrä toivelistassa",
        "lang": {
            "english": "Englanti",
            "brazilian": "Brazilian Portugali",
            "bulgarian": "Bulgaria",
            "czech": "Tsekki",
            "danish": "Danish",
            "dutch": "Dutch",
            "finnish": "Finnish",
            "french": "Ranska",
            "greek": "Greek",
            "german": "German",
            "hungarian": "Hungarian",
            "italian": "Italian",
            "japanese": "Japanese",
            "koreana": "Korean",
            "norwegian": "Norwegian",
            "polish": "Polish",
            "portuguese": "Portuguese",
            "russian": "Russian",
            "romanian": "Romanian",
            "schinese": "Simplified Chinese",
            "spanish": "Spanish",
            "swedish": "Swedish",
            "tchinese": "Traditional Chinese",
            "thai": "Thai",
            "turkish": "Turkish",
            "ukrainian": "Ukrainian"
        }
    },
    "ready": {
        "errormsg": "Virhe ladatessa Enhanced Steamin tietoja",
        "loading": "Enhanced Steam lataa tietoja...",
        "ready": "Enhanced Steam on valmis",
        "failed": "Yksi tai useampi pyyntö epäonnistui"
    },
    "twitch": {
        "now_streaming": "__username__ on lähettämässä suoraa lähetystä Twitchissä",
        "viewers": "Katsojat",
        "followers": "Seuraajat",
        "views": "Näyttökerrat"
    },
    "survey": {
        "performance_survey": "Tehokkuustesti",
        "users": "__users__ käyttäjää on suorittanut tehokkuustestin tälle pelille",
        "framerate": "Ruudunpäivitys",
        "framerate_response": "vastasi että ruudunpäivitys oli",
        "framerate_30": "rajoitettu 30fps tai vähemmän",
        "framerate_fi": "pysyvästi yli 30fps\n",
        "framerate_va": "vakaa, laitteistosta riippuvainen",
        "resolution": "Resoluutio",
        "resolution_support": "Tämä peli näyttää tukevan",
        "resolution_less": "alle __pixels__:n resoluutio",
        "resolution_up": "korkeimmillaan __pixels__ resoluutiota",
        "graphics_settings": "Grafiikka-asetukset",
        "satisfaction": "GPU performanssin tyydyttävyys",
        "gs_y": "Sisältää sisäänrakennetut grafiikkavalinnat tai grafiikkamenun",
        "gs_n": "Ei ole sisäänrakennettuja grafiikka-asetuksia tai grafiikkamenua",
        "nobody": "Kukaan ei ole vielä täyttäny performanssikyselyä tälle pelille",
        "take": "Vastaa kyselyyn"
    },
    "select": {
        "wishlisted_dlc": "Valitse toivelistalla olevat lisäsisällöt",
        "none": "Tyhjennä valinta",
        "unowned_dlc": "Valitse lisäsisältö, jota en omista"
    },
    "tag": {
        "wishlist": "Toivelista",
        "friends_own": "__friendcount__ omistaa",
        "coupon": "Kuponki",
        "friends_rec": "<a href=\"http://store.steampowered.com/recommended/byfriends/__appid__\">__friendcount__ ystävää arvioinut",
        "inv_gift": "Lahja",
        "inv_guestpass": "Vierailulupa",
        "owned": "Omistetut",
        "notinterested": "Ei kiinnosta",
        "friends_want": "<a href=\"http://steamcommunity.com/my/friendsthatplay/__appid__\">__friendcount__ toivoo</a>"
    },
    "wallet": {
        "custom_amount": "Lisää mukautettu summa",
        "custom_amount_text": "Lisää mikä tahansa summa yli __minamount__"
    },
    "wsgf": {
        "incomplete": "Keskeneräinen",
        "unsupported": "Tämä tulos annetaan niille peleille, joilla ei ole __type__ tukea. Peliä voi olla mahdotonta pelata __type__, tai kuva voi olla venytetty ruudulle sopivaksi. Oikea kuvasuhde ei täten säily.",
        "gold": "Tämä merkki on annettu peleille, jotka ovat saaneet täydelliset pisteet WSGF:ltä __type__ tuesta ja ovat __type__ sertifikoitu.",
        "silver": "Tämä merkki on annettu peleille, jotka ovat saaneet laskennallisen arvosanan B __type__ tuesta. Kaikki nämä pelit toimivat ilman isompia ongelmia, mutta joissa on kuitenkin muutamia vikoja jotka estävät täydellisen arvosanan.",
        "limited": "Tämä merkki on annettu peleille, jotka ovat saaneet laskennallisen arvosanan C __type__ tuesta. Kaikilla näillä peleillä on jonkin sortin __type__ tuki, mutta myös merkittäviä ongelmia.",
        "certifications": "WSGF laajakuva sertifioinnit"
    },
    "itad": {
        "option": "Näytä valikkovaihtoehto tietojen synkronoimiseksi IsThereAnyDeal.com:iin",
        "send_to_itad": "Lähetä omistamasi pelit IsThereAnyDeal:iin",
        "sending": "Omistamiesi pelien ja pakettien lataus ja lähetys IsThereAnyDeal.com:iin"
    },
    "tradeoffer": {
        "num_item": "__num__ tavara",
        "num_items": "__num__ kohdetta"
    },
    "update": {
        "dont_show": "Älä näytä uudelleen",
        "updated": "Enhanced Steam on päivitetty versioon __version__",
        "changes": "Tämä versio sisältää seuraavat muutokset"
    },
    "register": {
        "success": "__gamename__ aktivoitu onnistuneesti",
        "owned": "Tämä Steam-tili omistaa jo tähän tarjoukseen sisältyvät tuotteet.",
        "notavail": "Pahoittelut. Kyseinen tuote ei ole myynnissä tässä maassa. Tuotetunnustasi ei ole lunastettu.",
        "invalid": "Kirjoittamasi tuotetunnus on virheellinen. Tarkista tunnus näppäilyvirheiden varalta.",
        "already": "Toinen Steam-tili on jo aktivoinut antamasi tuotetunnuksen.",
        "dlc": "Syöttämäsi tuotetunnus vaatii toisen tuotteen omistamisen ennen aktivointia.",
        "wallet": "Antamasi koodi on Steam-lahjakortista tai Steam-lompakkokoodi",
        "toomany": "Liian monta aktivointiyritystä tältä tililtä. Odota ja yritä myöhemmin uudelleen.",
        "default": "Odottamaton virhe. Tuotekoodiasi ei lunastettu. Odota 30 minuuttia ja yritä lunastaa koodi uudestaan."
    }
}