{
    "post_history": "檢視發佈歷史",
    "add_nickname": "添加暱稱",
    "total_size": "總共大小",
    "dlc_details": "可下載內容的資訊",
    "badge_not_unlocked": "尚未解鎖",
    "each": "各個",
    "view_in_market": "在社群市集中檢視",
    "homepage_spotlight": "焦點",
    "official_group_url": "steamcommunity.com/groups/enhancedsteam",
    "remove": "移除",
    "get_help": "獲取幫助",
    "add_selected_dlc_to_cart": "將選取的DLC加入購物車",
    "credits": "製作群",
    "store_transactions": "商店交易項目",
    "activates": "可在Steam上啟動",
    "games_coupon": "有優惠卷的遊戲",
    "all_friends_own": "擁有此項目的朋友 (__friendcount__)",
    "translate": "翻譯",
    "search_names_only": "只在名稱中搜尋",
    "packs": "包",
    "remove_owned_wishlist": "從願望清單中移除已擁有的遊戲",
    "donate": "捐獻",
    "close": "關閉",
    "error": "發生錯誤",
    "go": "轉至",
    "activate": "啟動產品",
    "activate_multiple_header": "請在下面輸入產品序號，每行一個。",
    "activate_multiple": "啟動多個產品",
    "activate_products": "啟動產品",
    "coupon_application_note": "一張在你物品庫中的優惠券會在結帳時自動抵用。",
    "hide": "隱藏",
    "cards_owned": "在 __possible__張中已擁有__owned__張",
    "common_label": "隱藏你不擁有的遊戲",
    "birthday_message": "Steam生日快樂, __username__! 你的Steam帳號今天已經 __age__歲了",
    "buying_total": "小計",
    "allreleases_products": "選取此區塊要顯示的產品類型",
    "library_menu": "遊戲庫",
    "clear_cache": "清除暫存資料",
    "events": "活動",
    "translation": "翻譯",
    "lowest": "最低",
    "lowest_price": "目前最低價格",
    "view_badge_progress": "檢視勳章進度",
    "badge_progress": "檢視勳章進度",
    "sales_total": "總共銷售額",
    "hold_total": "共擱置",
    "view_normal_badge": "檢視普通徽章進度",
    "community_name_account_header": "__username__ 的帳號",
    "apppage_sections": "選擇您想在這個網頁上看到的選項",
    "search_error": "錯誤加載更多搜尋結果",
    "website": "網站",
    "games": "遊戲",
    "total_time": "總共時間",
    "dlc_suggest": "建議一個新類別",
    "badge_completion_cost": "完成徽章的要價",
    "loading": "載入中...",
    "selling": "販賣中...",
    "quick_sell": "以 __amount__快速販賣",
    "instant_sell": "以 __amount__即時販賣",
    "starting_at": "起價",
    "hardwareads": "硬體廣告",
    "homepage_tabs": "主頁標籤",
    "store": "商店",
    "view_in": "以此檢視",
    "drm_third_party": "警告: 這款遊戲使用第三方DRM",
    "stores": "商店",
    "game_transactions": "遊戲交易項目",
    "after_coupon": "抵用優惠券後",
    "games_installed": "已安裝的遊戲",
    "hours_short": "__hours__ 小時",
    "faqs": "常見問題",
    "spam_comment_show": "_num_則在此頁面的垃圾評論已被隱藏。點擊此處顯示。",
    "dlc": "可下載的內容",
    "add_to_wishlist": "新增至您的願望清單",
    "language": "語言",
    "theworddefault": "預設",
    "coupon_learn_more": "<a href=\"https://support.steampowered.com/kb_article.php?ref=4210-YIPC-0275\">了解更多</a> 關於Steam優惠券的事",
    "show": "顯示",
    "badges_all": "所有徽章",
    "comparison_mode": "開啟全遊戲總覽來觀看遊戲比較",
    "search": "搜尋",
    "es_supporter": "Enhanced Steam 支持者",
    "view_to_scale": "查看縮放",
    "videos": "視頻",
    "community": "社群",
    "dlc_data_header": "可下載內容的資訊",
    "graphics": "美術設計",
    "trading_cards": "Steam交換卡片",
    "view_badge": "檢視徽章",
    "purchase_total": "購買總額",
    "view_foil_badge": "檢視閃亮徽章進度",
    "view_astats": "檢視 AStats 頁面",
    "apppage_purchase": "購買選項",
    "search_error_retry": "按此重試",
    "contribute": "貢獻",
    "reviews": "評論",
    "read_reviews": "閱讀使用者評論",
    "read_more_reviews": "閱讀更多評論於",
    "size": "大小",
    "package_info": "包裝資訊",
    "badge_completion_avg": "平均完成徽章的要價",
    "using_store": "你現在正使用__current__地區的Steam",
    "volume_sold_last_24": "數量: 有 __sold__ 份在 24 小時內售出",
    "sold_last_24": "有 __sold__ 份在 24 小時內售出",
    "homepage_sidebar": "側欄",
    "drop_calc": "點選此處以計算剩餘的卡片掉落數",
    "price": "價格",
    "view_marketplace": "檢視市集",
    "market_transactions": "市集交易項目",
    "card_drops_remaining": "還有__drops__未掉落的卡片",
    "badges_drops": "還有卡片會掉落的徽章",
    "using_language_return": "按這裡來將Steam切換成 __base__.",
    "spam_comment_warn": "這裡會是龍...",
    "guides": "指引",
    "buy_wishlist": "購買願望清單",
    "highlight": "亮光顯示",
    "save": "儲存",
    "not": "非__tag__",
    "add_to_cart": "加入購物車",
    "view": "檢視",
    "games_all": "所有遊戲",
    "permalink": "永久連結",
    "game_name": "遊戲名稱",
    "gift_transactions": "禮物交易",
    "demos": "試玩版",
    "notinterested": "被標注為不感興趣的物品",
    "mixed_item": "褒貶不一的物品",
    "negative_item": "負評物品",
    "price_above": "物品價格高於",
    "price_above_tooltip": "填入 0 來顯示免費的物品或沒有標價的物品；將此欄留空可停用本功能。",
    "news": "新聞",
    "check_system": "檢查你的系統",
    "viewinclient": "在Steam用戶端上開啟",
    "custom_background": "自訂背景",
    "custom_style": "自訂主題",
    "custom_style_help": "所有的Enhanced Steam使用者會在您的主頁看到這個主題,而非Enhanced Steam使用者不會看到任何主題變化",
    "noneselected": "未作選擇/不作修改",
    "most_drops": "最多掉落",
    "badge_foil_progress": "檢視閃亮徽章進度",
    "net_gain": "淨益額",
    "apppage_legal": "法律資訊",
    "acrtag_msg": "這項物品目前無法進行特定跨區交易",
    "bug_feature": "回報問題/建議新功能",
    "always": "總是",
    "compare": "比較",
    "discount": "特價",
    "discountper": "折扣(百分率)",
    "discountabs": "折扣(金額)",
    "rating_details": "檢視分級資訊",
    "drops_worth_avg": "大約值",
    "using_store_return": "按此回到 __base__ 的商店",
    "family_sharing_notice": "<b>注意:</b> 這個遊戲不包括在 Steam 親友同享服務。",
    "valid": "有效",
    "price_options": "價格選項",
    "no_results_found": "找不到項目",
    "visit_store": "造訪商店頁面",
    "all": "全部",
    "total_spent": "總共花費金額",
    "games_with_drops": "__dropsgames__個還會掉落卡片的遊戲",
    "binder_view": "簡潔",
    "view_stats": "檢視統計資料",
    "using_language": "你現在正以 __current__在瀏覽Steam",
    "popular": "熱門",
    "visit_trade_forum": "訪問交易討論區",
    "software": "軟體",
    "purchase_date": "(於__date__購買)",
    "custom_background_help": "所有的Enhanced Steam使用者會看到這個背景圖片,而非Enhanced Steam使用者會看到普通的背景圖片",
    "date_unlocked": "解鎖日期",
    "view_badge_foil": "檢視閃亮徽章",
    "net_spent": "淨支出",
    "homepage_carousel": "旋轉木馬",
    "acrtag_tooltip": "這項物品將無法交易若於 Eastern Europe 或 South America 或 South-East Asia 地區購買",
    "official_group": "官方群組",
    "saved": "已儲存的",
    "add_unowned_dlc_to_cart": "把未擁有的DLC加入購物車",
    "buy": "購買",
    "buy_package": "購買 __package__",
    "more_information": "更多資訊",
    "games_discount": "有特價的遊戲",
    "region_unavailable": "在這地區無法提供",
    "item_type": "項目類別",
    "avg_price_3cards": "三張交換卡片的平均價格",
    "mods": "模板",
    "empty_wishlist": "清空願望清單",
    "empty_wishlist_confirm": "是否要清空你的願望清單？\n該動作將無法復原！",
    "empty_wishlist_loading": "正在清空您的願望清單中，請稍候...",
    "about": "關於",
    "never": "永不",
    "coupon_available": "你有一張新的優惠券!",
    "info": "資訊",
    "launch_random": "啟動隨機遊戲",
    "play_game": "玩 __gamename__ 嗎?",
    "drops_value": "最高掉落卡片價值",
    "notcommon_label": "隱藏你擁有的遊戲",
    "show_all_steam_releases": "顯示所有Steam產品",
    "wishlist": "願望清單",
    "on_wishlist": "在願望清單上",
    "notdiscounted": "物品未打折",
    "cancel": "取消",
    "wiki_article": "檢視 __pcgw__ 的文章",
    "view_all": "檢視全部",
    "programming": "程式設計",
    "historical_low": "歷史新低價格",
    "games_with_booster": "__boostergames__個遊戲有獲得擴充包的資格",
    "sort_by": "以此分類:",
    "lastonline": "最後上線時間",
    "edit_price": "編輯價格",
    "relist": "重新提交",
    "relist_an_item": "重新提交一個項目",
    "relist_text": "是否要在較低的價格提交該項目？",
    "search_market": "搜尋Steam社群市集",
    "drm_third_party_sub": "警告: 有一份或以上的遊戲使用第三方DRM",
    "customize": "自定義",
    "custom": "自訂",
    "bundle_saving_text": "這是您可於購買遊戲包省下的金額",
    "thewordoptions": "選項",
    "concepts": "概念",
    "collections": "收藏",
    "discussions": "討論區",
    "add_wishlist_note": "新增願望清單說明",
    "update_wishlist_note": "更新願望清單說明",
    "add_wishlist_note_prompt": "輸入您的願望清單說明",
    "update_wishlist_note_prompt": "更新您的願望清單說明",
    "results": "__num__ 個結果",
    "all_results": "顯示 __num__ 個所有結果",
    "see_more": "查看更多",
    "lowest_price_format": "__price__ 在 __store__",
    "historical_low_format": "在 __date__價格__price__ 於 __store__",
    "favorited": "已加入喜愛",
    "followed": "已跟隨",
    "leave_group_selected": "離開已選擇",
    "leave_group_all": "離開全部",
    "leave_group_all_confirm": "你將要離開所有您所屬的群組! 你確定要繼續嗎?",
    "leave_group_admin_confirm": "您是__groupname__ 的管理員，你確定你要離開嗎？",
    "wrong_try_again": "未知錯誤，請重試!",
    "join_group": "加入群組",
    "chat": "聊天",
    "web_browser_chat": "使用瀏覽器聊天",
    "steam_client_chat": "使用Steam聊天",
    "available": "可用",
    "set_as_background": "設為背景",
    "preview_background": "預覽背景",
    "details": "詳細資料",
    "expand_slider": "放大卷軸",
    "contract_slider": "縮小卷軸",
    "early_access": "搶先體驗",
    "filter_games": "篩選遊戲",
    "note_for": "請注意",
    "show_wishlist_total": "顯示願望清單總數",
    "tag_short": "使用簡短的標籤以節省空間",
    "no_price_data": "沒有可用的價格資料",
    "exclude_tags": "排除標籤",
    "user_score": "使用者評分",
    "user_reviews": "使用者評論",
    "review_summary": "__num__ 當中 __percent__ 的用戶評論給予好評。",
    "market_popular_items_toggle": "切換熱門項目的即時更新",
    "achievements": {
        "option": "在商店頁面中顯示成就",
        "achievements": "成就",
        "includes": "包含 __num__ 個Steam成就",
        "view_all": "檢視全部的成就"
    },
    "bundle": {
        "offer_ends": "折扣結束",
        "at_least": "付至少",
        "pwyw": "付你想要付的價錢",
        "includes": "包含 (__num__) 個項目",
        "tier_includes": "__tier__ (__price__) 包括 __num__ 個項目",
        "tier": "__num__級",
        "header": "包含此遊戲的組合包",
        "info": "組合包資訊",
        "bundle_count": "此遊戲在組合包中出現的次數"
    },
    "charts": {
        "peakall": "全時間最高",
        "current": "目前玩家數量",
        "playing_now": "正在遊玩",
        "peaktoday": "今日最高"
    },
    "hltb": {
        "title": "破關需時",
        "main_e": "主線加支線",
        "compl": "完美主義者",
        "submit": "送出你的時數",
        "main": "主線故事",
        "no_data": "找不到資料",
        "help": "按此處取得協助",
        "wrong": "錯的遊戲嗎？"
    },
    "library": {
        "in_library": "在遊戲庫中",
        "error_loading_library": "無法載入您的收藏庫。",
        "categories": "目錄...",
        "genres": "類型...",
        "private_profile": "在<a href='http://steamcommunity.com/my/edit/settings'>你的設定</a>裡將個人檔案狀態改成公開來使用這個功能"
    },
    "spy": {
        "player_data": "玩家資料",
        "owners": "持有者數量",
        "players_total": "總玩家數量",
        "players_2weeks": "最近兩周內玩家數量",
        "average_playtime": "平均遊戲時長",
        "average_playtime_2weeks": "最近兩周內平均遊戲時長",
        "formatted_time": "__hours__ 小時，__minutes__ 分鐘"
    },
    "options": {
        "wsgf": "顯示寬螢幕支援資訊",
        "version_show": "Enhanced Steam 更新時顯示更新日誌",
        "steamcardexchange": "在徽章上顯示SteamCardExchange連結",
        "regional_price": "各地區價格比較",
        "acrtag": "顯示標記於禁止跨區交易的物品",
        "excludef2p": "免費玩遊戲不使用亮光顯示",
        "contscroll": "開啟搜尋結果的連續捲動",
        "profile_link_images_none": "無",
        "replace_account_name": "以社群名稱取代帳號名稱",
        "profile_links": "顯示個人檔案連結在",
        "library_header": "遊戲庫(測試版)",
        "tag": "標籤",
        "icon": "圖示",
        "name": "名字",
        "show_alternative_linux_icon": "顯示替代 Linux 圖示",
        "showcomparelinks": "在朋友動態上的成就顯示 \"比較\" 鏈結",
        "hidetmsymbols": "遊戲名稱中的商標與智財權符號",
        "metacritic": "顯示Metacritic 使用者評分",
        "opencritic": "顯示 Opencritic.com 的資訊",
        "hideactivelistings": "預設隱藏所有市集首頁的上架物品",
        "clear": "你確定要重設所有選項? 這項動作是無法還原的。",
        "profile_api_info": "在個人檔案上顯示使用者 API 連結",
        "coupon": "有優惠券的項目",
        "show_package_info": "顯示所有軟體的package資訊",
        "wlbuttoncommunityapp": "在社群中心中顯示\"加入到願望清單\"按紐",
        "removeguideslanguagefilter": "不自動由使用者語言篩選指南",
        "disablelinkfilter": "停用造訪外部網站時的確認訊息",
        "regional_price_on": "顯示各地區價格比較",
        "cart": "購物車裡的物品",
        "friends_own": "朋友擁有的項目",
        "drm": "顯示第三方DRM的警告",
        "profile_permalink": "在個人檔案上顯示永久連結",
        "show_regionwarning": "在非本區域瀏覽時顯示警告",
        "foot_link": "Enhanced Steam 擴充套件",
        "profile_link_images": "個人檔案圖片連結",
        "library": "在頁首顯示遊戲庫按鈕",
        "show1clickgoo": "在欲應用的物品庫物品上顯示 \"一鍵轉換為寶珠\" 按鈕",
        "hidedlcunownedgames": "你未擁有的遊戲的DLC",
        "hltb": "顯示HowLongToBeat.com的資訊",
        "hidespamcomments": "隱藏來自工作坊和個人檔案的垃圾留言",
        "hide_owned": "搜尋結果和標籤頁面中你擁有的項目",
        "reset": "重置選項",
        "api_key": "API Key",
        "gift": "以\"禮物\"形式儲存的項目",
        "show_sysreqcheck": "在軟體頁中顯示檢查系統需求的按鈕(實驗性!)",
        "es_bg": "在\"編輯個人檔案\"頁面中設定背景",
        "regional_price_mouse": "在游標指到價格時",
        "friends_rec": "朋友評論過的項目",
        "lowestprice_header": "價格歷史資訊",
        "total_spent": "在帳號頁面中顯示總共消費金額",
        "add_wallet_balance": "在標題欄顯示 Steam 錢包餘額",
        "add_to_cart_wishlist": "顯示 \"添加到購物籃\" 按鈕在願望清單上",
        "about_text": "<div class=\"header\">About <a href='http://www.enhancedsteam.com'>Enhanced Steam</a>:</div><p>Enhanced Steam是個為Steam網站加入許多新功能的Google Chrome插件<p>功能包含:<ul><li>亮光顯示你已經擁有的遊戲</li><li>亮光顯示在你願望清單上的遊戲</li><li>正確計算遊戲組合包減價的正確金額</li><li>顯示你在Steam帳號中所花的累計金額</li><li>在遊戲頁面上亮光顯示你已經擁有的DLC</li><li>修復在你願望清單上沒有圖片的遊戲或DLC</li><li>指出有第三方DRM的遊戲</li></ul><p>如果你認為這項插件十分好用，請考慮捐獻",
        "stores_all": "與所有商店做比較",
        "show_early_access_text": "顯示搶先體驗圖片橫幅",
        "author_info": "由jshackles製作",
        "profile_link_images_gray": "灰階",
        "quickinv": "在物品庫中的Steam社群項目上顯示快速販賣按鈕",
        "quickinv_diff": "快速銷售修改器:",
        "library_f2p": "在遊戲庫中顯示試玩版和免費玩遊戲",
        "inventory_market_text": "在物品庫頁面顯示市集價格",
        "send_age_info": "當被要求年齡認證時自動送出",
        "pcgw": "顯示PCGamingWiki連結",
        "store_steamcards": "在商店頁面顯示 SteamCardExchange 的連結",
        "spamcommentregex": "正則運算式的字串：",
        "hide_owned_homepage": "你在主頁面上擁有的項目",
        "saved_note": "選項已儲存",
        "regional_hideworld": "隱藏地區顯示",
        "show_astatslink": "在軟體頁面中顯示AStats連結",
        "showclient": "顯示Steam用戶端連結",
        "guest": "擁有招待券的項目",
        "show_steamchart_info": "顯示SteamCharts.com的資訊",
        "show_steamspy_info": "顯示來自steamspy.com的資訊",
        "showallachievements": "在\"所有遊戲\"頁面顯示成就統計資料",
        "lowestprice_onwishlist": "顯示願望清單",
        "steamrepapi": "在個人檔案頁面顯示 SteamRep 狀態",
        "header": "頁首",
        "lowestprice": "顯示",
        "group_events": "顯示群組活動的總覽",
        "changelog": "版本更新記錄:",
        "owned": "擁有的項目",
        "steamdb": "顯示SteamDB連結",
        "hide_early_access": "在主頁面、瀏覽與搜尋頁面中隱藏搶先體驗遊戲",
        "reset_note": "重置選項",
        "html5video": "以 HTML5 代替 Flash 播放影片",
        "profiles_link_group_game": "獨占遊戲",
        "friends_wishlist": "被朋友們加入願望清單的項目",
        "showspeechsearch": "在搜尋欄位加入語音輸入",
        "profile_link_images_color": "有上色的",
        "hide_about": "隱藏\"關於\"連結",
        "show_empty_wishlist": "顯示\"清空願望清單\"按鈕",
        "inventory_nav_text": "在物品庫頁面顯示進階導覽功能",
        "carousel_description": "在商店頁面的跑燈中顯示軟體描述",
        "market_total": "在市集頁面上顯示交易摘要 ",
        "hide_install": "隱藏\"安裝Steam\"的按鈕",
        "lowestprice_coupon": "在價格比較中加入優惠券",
        "general": "一般",
        "market": "市集",
        "inventory": "物品庫",
        "profile": "個人檔案",
        "show_languagewarning": "顯示語言警告除非是",
        "homepage": "主頁",
        "homepage_default_tab": "預設首頁分頁",
        "homepage_default_tab_remember": "記住先前",
        "homepage_default_tab_newreleases": "熱門最新發行",
        "homepage_default_tab_allreleases": "所有最新發行",
        "homepage_default_tab_topsellers": "暢銷排行榜",
        "homepage_default_tab_upcoming": "即將發行",
        "homepage_default_tab_specials": "特惠",
        "wishlist": "在願望清單上的項目",
        "add_another_region": "增加",
        "skip_got_steam": "跳過 '安裝Steam了嗎？' 視窗",
        "store_general_thirdparty": "來自第三方網站資訊的選項",
        "purchase_dates": "在商店頁面顯示軟體購買日期",
        "show_badge_progress": "於商店頁面上顯示徽章進度",
        "show_wishlist_link": "在個人頁面上顯示願望清單連結",
        "show_wishlist_count": "顯示願望清單項目的數量",
        "lang": {
            "english": "英文",
            "brazilian": "葡萄牙文-巴西",
            "bulgarian": "保加利亞文",
            "czech": "捷克文",
            "danish": "丹麥文",
            "dutch": "荷蘭文",
            "finnish": "芬蘭文",
            "french": "法文",
            "greek": "希臘文",
            "german": "德語",
            "hungarian": "匈牙利文",
            "italian": "義大利文",
            "japanese": "日文",
            "koreana": "韓文",
            "norwegian": "挪威文",
            "polish": "波蘭文",
            "portuguese": "葡萄牙文",
            "russian": "俄羅斯文",
            "romanian": "羅馬尼亞文",
            "schinese": "簡體中文",
            "spanish": "西班牙文",
            "swedish": "瑞典文",
            "tchinese": "正體中文",
            "thai": "泰文",
            "turkish": "土耳其文",
            "ukrainian": "烏克蘭文"
        }
    },
    "ready": {
        "errormsg": "Enhanced Steam 資料載入錯誤",
        "loading": "增強的蒸氣加載數據...",
        "ready": "提高蒸汽準備",
        "failed": "有一個或多個請求失敗"
    },
    "twitch": {
        "now_streaming": "__username__ 在 Twitch 上直播中",
        "viewers": "觀眾",
        "followers": "追隨者",
        "views": "觀看"
    },
    "survey": {
        "performance_survey": "性能調查",
        "users": "__users__ 使用者已完成這個遊戲的性能調查",
        "framerate": "畫面更新頻率",
        "framerate_response": "表示幀率是",
        "framerate_30": "固定在每秒 30 幀或更低",
        "framerate_fi": "固定在每秒 30 幀或更高",
        "framerate_va": "取決於硬體",
        "resolution": "解析度",
        "resolution_support": "這個遊戲似乎支援",
        "resolution_less": "解析度小於 __pixels__",
        "resolution_up": "解析度最多 __pixels__",
        "graphics_settings": "圖形設定",
        "satisfaction": "透過 GPU 提昇性能",
        "gs_y": "有內置圖形設定或圖形選單",
        "gs_n": "沒有內置圖形設定或圖形選單",
        "nobody": "沒有人參與這個遊戲的性能調查",
        "take": "參與調查"
    },
    "select": {
        "wishlisted_dlc": "選擇已加入願望清單的DLC",
        "none": "取消選取",
        "unowned_dlc": "選擇未擁有的DLC"
    },
    "tag": {
        "wishlist": "願望清單",
        "friends_own": "__friendcount__ 擁有",
        "coupon": "優惠券",
        "friends_rec": "<a href=\"http://store.steampowered.com/recommended/byfriends/__appid__\">__friendcount__個朋友寫了評論",
        "inv_gift": "禮物",
        "inv_guestpass": "招待券",
        "owned": "已經擁有的",
        "notinterested": "不感興趣",
        "friends_want": "<a href=\"http://steamcommunity.com/my/friendsthatplay/__appid__\">__friendcount__ 想要</a>"
    },
    "wallet": {
        "custom_amount": "加入自訂金額",
        "custom_amount_text": "在 __minamount__上加任何金額"
    },
    "wsgf": {
        "incomplete": "不完全的",
        "unsupported": "此遊戲因為有沒有__type__支援而獲得此評分，這些遊戲可能無法在__type__下遊玩，或者是圖像被拉展來填滿螢幕，無法維持正確的長寬比",
        "gold": "此獎章是頒給因為有__type__支援而自WSGF獲得完美分數的遊戲，而且是經過__type__認證的",
        "silver": "此獎章是頒給因為有__type__支援而獲得B等的遊戲，這些遊戲並沒有重大缺陷，但是至少有一個瑕疵讓它無法拿到完美分數",
        "limited": "此遊戲因為有__type__支援而獲得C等的分數，這些遊戲有某種層面的__type__支援，但是有嚴重的問題",
        "certifications": "WSGF 寬屏認證"
    },
    "itad": {
        "option": "顯示将資料同步到 IsThereAnyDeal.com 的功能表選項",
        "send_to_itad": "向 IsThereAnyDeal 發送已擁有的遊戲",
        "sending": "載入您擁有的遊戲和套裝軟體並將它們發送到 IsThereAnyDeal.com"
    },
    "tradeoffer": {
        "num_item": "__num__ 物品",
        "num_items": "__num__ 物品"
    },
    "update": {
        "dont_show": "不要再顯示",
        "updated": "Enhanced Steam 已經更新至 __version__",
        "changes": "這個發行版本包含下列的更動"
    },
    "register": {
        "success": "成功啟動 __gamename__",
        "owned": "此Steam帳戶已經擁有了這筆訂單中的一項或多項產品。",
        "notavail": "抱歉，您的地區不可購買這個產品。您的產品序號沒有被兌換。",
        "invalid": "你輸入的產品序號不正確。 請再檢查一遍是否輸入了錯誤的序號。",
        "already": "你輸入的產品序號已經被其他的Steam帳戶啟用。",
        "dlc": "您輸入的產品代碼在啟動之前需要擁有另一項產品。",
        "wallet": "您輸入的代碼來源是Steam禮品卡或Steam錢包代碼",
        "toomany": "此帳戶最近的啟動嘗試太多。 請稍後再試。",
        "default": "發生意外錯誤。 您的產品代碼未被兌換。 請等待30分鐘, 然後再次嘗試贖回兌換。"
    }
}