{
    "post_history": "게시물 기록 보기",
    "add_nickname": "별명 추가",
    "total_size": "전체 크기",
    "dlc_details": "다운로드 컨텐츠 세부사항",
    "badge_not_unlocked": "잠금을 해제하지 않음",
    "each": "각각",
    "view_in_market": "상점에서 보기",
    "homepage_spotlight": "스포트라이트",
    "official_group_url": "steamcommunity.com/groups/enhancedsteam",
    "remove": "제거",
    "get_help": "도움 얻기",
    "add_selected_dlc_to_cart": "선택된 DLC를 장바구니에 추가",
    "credits": "개발진",
    "store_transactions": "상점 거래 금액",
    "activates": "Steam 등록",
    "games_coupon": "쿠폰이 있는 게임",
    "all_friends_own": "이 게임을 소유한 모든 친구 ( __friendcount__ 명 )",
    "translate": "번역",
    "search_names_only": "이름에서만 검색하기",
    "packs": "묶음",
    "remove_owned_wishlist": "소유한 게임을 찜 목록에서 제거",
    "donate": "기부하기",
    "close": "닫기",
    "error": "오류가 발생했습니다",
    "go": "검색",
    "activate": "제품 코드 활성화하기",
    "activate_multiple_header": "아래에 제품 코드를 한 줄에 하나씩 입력하십시오.",
    "activate_multiple": "여러 개의 제품 활성화",
    "activate_products": "제품 활성화",
    "coupon_application_note": "보관함에 있는 쿠폰은 결제할 때 자동으로 적용됩니다.",
    "hide": "숨김",
    "cards_owned": "__possible__장의 카드 중 __owned__장을 소유하고 있음",
    "common_label": "소유중이지 않은 게임 숨기기",
    "birthday_message": "스팀 생일을 축하합니다. __username__! 당신의 스팀 계정은 오늘로 __age__ 년이 되었습니다.",
    "buying_total": "소계",
    "allreleases_products": "보고싶어하는 제품의 종류를 선택하세요",
    "library_menu": "라이브러리",
    "clear_cache": "캐쉬된 데이터 삭제",
    "events": "이벤트",
    "translation": "번역",
    "lowest": "최저",
    "lowest_price": "현재 최저가",
    "view_badge_progress": "배지 진행 상황 보기",
    "badge_progress": "배지 진행 상황 보기",
    "sales_total": "총 판매 금액",
    "hold_total": "총 거래 지연",
    "view_normal_badge": "배지 진행 상황 보기",
    "community_name_account_header": "__username__의 계정",
    "apppage_sections": "보고싶어하는 부문을 고르세요.",
    "search_error": "더 많은 검색 결과를 불러오기 실패",
    "website": "홈페이지",
    "games": "게임",
    "total_time": "총 시간",
    "dlc_suggest": "새로운 카테고리를 제안",
    "badge_completion_cost": "배지를 완성시키기 위한 비용",
    "loading": "불러오는중...",
    "selling": "판매...",
    "quick_sell": "__amount__ 빠른 판매",
    "instant_sell": "__amount__즉시 판매",
    "starting_at": "시작 시간 :",
    "hardwareads": "하드웨어 광고",
    "homepage_tabs": "홈페이지 탭",
    "store": "상점",
    "view_in": "다음에 표시",
    "drm_third_party": "경고 : 이 타이틀은 제 3자의 DRM을 사용합니다.",
    "stores": "상점",
    "game_transactions": "게임 내 거래 금액",
    "after_coupon": "쿠폰 코드 ",
    "games_installed": "설치된 게임",
    "hours_short": "__hours__ 시간",
    "faqs": "자주 묻는 질문",
    "spam_comment_show": "__num__ 개의 스팸 댓글들을 가렸습니다. 보고 싶다면 여길 누르세요.",
    "dlc": "다운로드 가능한 콘텐츠",
    "add_to_wishlist": "찜 목록에 추가",
    "language": "언어",
    "theworddefault": "기본값",
    "coupon_learn_more": "스팀 쿠폰에 대해 <a href=\"https://support.steampowered.com/kb_article.php?ref=4210-YIPC-0275\">더 알아보기</a>",
    "show": "열기",
    "badges_all": "모든 배지",
    "comparison_mode": "게임을 비교하여 볼 수 있도록 모든 게임 개요를 사용합니다.",
    "search": "검색",
    "es_supporter": "Enhanced Steam 서포터",
    "view_to_scale": "확장해서 보기",
    "videos": "동영상/예고편",
    "community": "커뮤니티",
    "dlc_data_header": "다운로드 컨텐츠 세부사항",
    "graphics": "그래픽",
    "trading_cards": "Steam 트레이딩 카드",
    "view_badge": "배지 표시",
    "purchase_total": "총 구매 금액",
    "view_foil_badge": "은박 배지 진행상황 보기",
    "view_astats": "AStats 페이지 보기",
    "apppage_purchase": "구매 옵션",
    "search_error_retry": "다시 시도하려면 이곳을 클릭하세요.",
    "contribute": "기여하기 (GitHub)",
    "reviews": "리뷰",
    "read_reviews": "리뷰 보기",
    "read_more_reviews": "에서 더 많은 리뷰 보기",
    "size": "크기",
    "package_info": "패키지 정보",
    "badge_completion_avg": "배지 완성 평균 비용",
    "using_store": "__current__ 지역의 Steam 상점을 이용하고 있습니다.",
    "volume_sold_last_24": "최근 24시간 동안 팔린 개수: __sold__ 개",
    "sold_last_24": "최근 24시간 동안 __sold__ 개 팔림",
    "homepage_sidebar": "사이드바",
    "drop_calc": "획득 가능한 카드 세어보기",
    "price": "가격",
    "view_marketplace": "장터 보기",
    "market_transactions": "장터 거래 금액",
    "card_drops_remaining": "획득 가능한 카드 : __drops__ 장",
    "badges_drops": "카드를 받을 수 있는 배지",
    "using_language_return": "__base__ (으)로 브라우징하시려면 여기를 클릭하세요.",
    "spam_comment_warn": "스팸 댓글 경고!!",
    "guides": "가이드",
    "buy_wishlist": "찜 목록 상품 구입",
    "highlight": "강조",
    "save": "저장",
    "not": "__tag__ 없음",
    "add_to_cart": "장바구니에 추가",
    "view": "보기",
    "games_all": "모든 게임",
    "permalink": "바로가기",
    "game_name": "게임명",
    "gift_transactions": "선물 구매 금액",
    "demos": "데모",
    "notinterested": "관심 없음이 표시 된 항목",
    "mixed_item": "복합적으로 평가된 항목들",
    "negative_item": "부정적으로 평가된 항목들",
    "price_above": "보다 비싼 항목",
    "price_above_tooltip": "0을 기입하여 무료 또는 가격이 표시되지 않은 항목을 표시할 수 있습니다. 해당 기능을 비활성화 하려면 비워두세요.",
    "news": "뉴스",
    "check_system": "당신의 시스템을 체크합니다.",
    "viewinclient": "스팀 클라이언트에서 보기",
    "custom_background": "사용자 지정 배경",
    "custom_style": "커스텀 테마",
    "custom_style_help": "Enhanced Steam을 사용하는  모든 사람들이 당신의 프로파일에서 이 테마를 볼 것입니다. Enhanced Steam을 사용하지 않는 사람에게는 여기에서의 테마변경이 보이지 않을 것입니다.",
    "noneselected": "선택되지 않음/ 변경 없음",
    "most_drops": "획득 가능한 개수순",
    "badge_foil_progress": "은박 배지 진행상황 보기",
    "net_gain": "순 이익 금액",
    "apppage_legal": "법률 정보",
    "acrtag_msg": "일부 지역에서는 이 물품의 거래가 금지되어 있습니다.",
    "bug_feature": "버그 신고/기능 제안",
    "always": "항상",
    "compare": "비교",
    "discount": "할인",
    "discountper": "할인율",
    "discountabs": "할인 금액",
    "rating_details": "평가 내용 보기",
    "drops_worth_avg": "대략적인 가치",
    "using_store_return": "여기를 클릭하면 __base__ 상점으로 돌아갑니다.",
    "family_sharing_notice": "<b>알림 :</b> 이 게임은 스팀 가족 공유 서비스가 지원되지 않습니다.",
    "valid": "유효함",
    "price_options": "가격 설정",
    "no_results_found": "검색 결과가 없습니다.",
    "visit_store": "상점 페이지 방문",
    "all": "전체",
    "total_spent": "전체 소비 금액",
    "games_with_drops": "카드 획득 가능한 게임 : __dropsgames__ 개",
    "binder_view": "바인더 형태로 보기",
    "view_stats": "통계 보기",
    "using_language": "__current__ (으)로 페이지를 보고 있습니다.",
    "popular": "인기있는 게임",
    "visit_trade_forum": "거래 포럼 방문",
    "software": "소프트웨어",
    "purchase_date": "(__date__ 에 구매)",
    "custom_background_help": "Enhanced Steam의 모든 사용자는 당신의 사용자 지정 배경을 볼 수 있습니다. Enhanced Steam을 사용하지 않는 이용자는 당신의 일반 프로필 배경을 볼 수 있습니다.",
    "date_unlocked": "날짜 잠금해제",
    "view_badge_foil": "은박 배지 표시",
    "net_spent": "순 소비 금액",
    "homepage_carousel": "캐러셀",
    "acrtag_tooltip": "이 물품을 동유럽, 남아메리카, 동남아시아에서 구입했다면 거래가 불가능합니다.",
    "official_group": "공식 그룹",
    "saved": "저장되었습니다.",
    "add_unowned_dlc_to_cart": "소유하지 않은 DLC를 장바구니에 추가",
    "buy": "구입",
    "buy_package": "__package__ 구매",
    "more_information": "추가 정보",
    "games_discount": "할인중인 게임들",
    "region_unavailable": "이 지역에서는 사용할 수 없습니다",
    "item_type": "아이템 종류",
    "avg_price_3cards": "트레이딩 카드 3개의 평균 가격",
    "mods": "모드",
    "empty_wishlist": "찜 목록 비우기",
    "empty_wishlist_confirm": "정말로 찜 목록을 비우시겠습니까?\n\n이 작업은 되돌릴 수 없습니다!",
    "empty_wishlist_loading": "찜 목록을 지우는 중입니다. 잠시만 기다려주세요...",
    "about": "정보",
    "never": "사용하지 않음",
    "coupon_available": "사용 가능한 쿠폰이 있습니다!",
    "info": "정보",
    "launch_random": "무작위 게임 실행",
    "play_game": "__gamename__실행",
    "drops_value": "높은 가치순",
    "notcommon_label": "소유중인 게임 숨기기",
    "show_all_steam_releases": "스팀 모든 자료 보기",
    "wishlist": "찜 목록",
    "on_wishlist": "위시리스트에",
    "notdiscounted": "할인되지 않은 항목",
    "cancel": "취소",
    "wiki_article": "__pcgw__ 기사 보기",
    "view_all": "모두 보기",
    "programming": "프로그래밍",
    "historical_low": "역대 최저가",
    "games_with_booster": "부스터팩 자격 : __boostergames__ 개",
    "sort_by": "정렬 순서",
    "lastonline": "마지막 접속 후 지난 시간",
    "edit_price": "가격 수정",
    "relist": "재등록",
    "relist_an_item": "항목을 재등록",
    "relist_text": "항목의 가격을 낮춰 재등록 하시겠습니까?",
    "search_market": "스팀 커뮤니티 장터를 검색",
    "drm_third_party_sub": "경고 : 이 패키지에 포함된 하나 이상의 타이틀에서 타사 DRM을 사용합니다",
    "customize": "직접 꾸미기",
    "custom": "사용자 지정",
    "bundle_saving_text": "본 묶음으로 구매하면 절약되는 금액입니다",
    "thewordoptions": "설정",
    "concepts": "계획",
    "collections": "컬렉션",
    "discussions": "토론",
    "add_wishlist_note": "찜 목록에 메모 추가",
    "update_wishlist_note": "찜목록에 메모를 업데이트",
    "add_wishlist_note_prompt": "찜 목록에 메모를 입력",
    "update_wishlist_note_prompt": "찜 목록의 메모를 갱신",
    "results": "__num__ 결과",
    "all_results": "모든 __num__ 결과 표시함",
    "see_more": "더 보기",
    "lowest_price_format": "__store__에서 __price__",
    "historical_low_format": "__date__에는 __store__에서 __price__",
    "favorited": "즐겨찾기에 추가됨",
    "followed": "Followed",
    "leave_group_selected": "선택한 그룹 탈퇴하기",
    "leave_group_all": "모든 그룹 탈퇴",
    "leave_group_all_confirm": "당신은 당신이 속해있는 모든 그룹에서 떠나려고 합니다.\n계속하시겠습니까?",
    "leave_group_admin_confirm": "당신이 이 그룹의 관리자입니다: __groupname__\n정말로 탈퇴하시겠습니까?",
    "wrong_try_again": "오류가 발생하였습니다. 다시 시도해 주세요.",
    "join_group": "그룹에 가입",
    "chat": "채팅",
    "web_browser_chat": "웹 브라우저 채팅",
    "steam_client_chat": "스팀 클라이언트 채팅",
    "available": "이용 가능",
    "set_as_background": "배경으로 설정",
    "preview_background": "배경 미리보기",
    "details": "자세히",
    "expand_slider": "확대",
    "contract_slider": "축소",
    "early_access": "앞서 해보기",
    "filter_games": "게임 필터",
    "note_for": "참고:",
    "show_wishlist_total": "찜 목록 전체 보기",
    "tag_short": "공간을 절약하기 위해 짧은 태그 사용",
    "no_price_data": "가격에 대한 자료가 없습니다",
    "exclude_tags": "태그 제외",
    "user_score": "유저 평점",
    "user_reviews": "사용자 평가",
    "review_summary": "이 게임에 관한 __num__개의 유저 리뷰들 중 __percent__가 긍정적임",
    "market_popular_items_toggle": "인기 있는 항목에 대한 실시간 업데이트 켜기/끄기",
    "achievements": {
        "option": "상점 페이지에 도전과제 표시",
        "achievements": "도전과제",
        "includes": "__num__개의 Steam 도전 과제를 포함",
        "view_all": "모든 도전과제 보기"
    },
    "bundle": {
        "offer_ends": "종료 일시 : ",
        "at_least": "최소 지불 비용",
        "pwyw": "원하는 만큼 지불",
        "includes": "__num__ 아이템 포함",
        "tier_includes": "__num__개의 항목을 포함하는 __tier__ (__price__)",
        "tier": "__num__ 묶음",
        "header": "이 게임을 포함한 번들",
        "info": "번들 정보",
        "bundle_count": "이 게임이 번들로 나온 횟수"
    },
    "charts": {
        "peakall": "역대 최고조",
        "current": "최근 플레이어의 수",
        "playing_now": "현재 플레이",
        "peaktoday": "오늘의 최고조"
    },
    "hltb": {
        "title": "플레이 타임",
        "main_e": "메인과 추가 스토리",
        "compl": "완벽하게 모두 플레이",
        "submit": "플레이 타임 제출하기",
        "main": "메인",
        "no_data": "데이터를 찾을 수 없습니다",
        "help": "도움을 원하시면 이 곳을 눌러주세요",
        "wrong": "이 게임이 아닙니까?"
    },
    "library": {
        "in_library": "라이브러리에",
        "error_loading_library": "라이브러리를 불러오지 못했습니다.",
        "categories": "카테고리",
        "genres": "장르...",
        "private_profile": "이 기능을 사용하려면 <a href='http://steamcommunity.com/my/edit/settings'> 프로필 설정 </ a> 프로필의 상태를 공개해야합니다."
    },
    "spy": {
        "player_data": "플레이어 데이터",
        "owners": "소유자",
        "players_total": "총 플레이어",
        "players_2weeks": "지난 2주간 플레이어",
        "average_playtime": "평균 플레이시간",
        "average_playtime_2weeks": "지난 2주간 평균 플레이타임",
        "formatted_time": "__hours__시간,__minutes__분"
    },
    "options": {
        "wsgf": "WSGF (와이드 스크린) 정보를 표시",
        "version_show": "Enhanced Steam이 업데이트 될 때 변경 내용 보이기",
        "steamcardexchange": "배지에 SteamCardExchange에 대한 링크를 표시합니다.",
        "regional_price": "지역별 가격 비교",
        "acrtag": "물품에 대한 나라 간의 거래가 불가능할 경우 경고 메시지 보기",
        "excludef2p": "무료게임을 강조에서 제외",
        "contscroll": "검색 결과의 지속적인 스크롤을 활성화합니다.",
        "profile_link_images_none": "표시하지 않음",
        "replace_account_name": "계정이름을 커뮤니티 이름으로 대체",
        "profile_links": "프로필에 링크를 추가",
        "library_header": "라이브러리 (베타)",
        "tag": "태그",
        "icon": "아이콘",
        "name": "이름",
        "show_alternative_linux_icon": "다른 리눅스 아이콘 표시",
        "showcomparelinks": "친구 활동에서 도전과제에 대해 \"비교하기\" 링크 보여주기",
        "hidetmsymbols": "게임 타이틀의 상표 · 저작권 기호",
        "metacritic": "Metacritic 유저 점수를 보임",
        "opencritic": "Opencritic.com 정보 표시",
        "hideactivelistings": "상점 홈페이지에 있는 모든 활동 목록을 숨김니다.",
        "clear": "모든 설정을 초기화 합니까? 초기화 후 취소할 수 없습니다.",
        "profile_api_info": "프로필에서 유저 API 링크 보이기",
        "coupon": "쿠폰을 소유한 아이템",
        "show_package_info": "모든 앱의 패키지 정보를 표시",
        "wlbuttoncommunityapp": "커뮤니티 허브에서 \"찜 목록에 추가\" 버튼 보이기",
        "removeguideslanguagefilter": "사용자 언어를 기준으로 자동 가이드 필터링 하지 않기",
        "disablelinkfilter": "외부 사이트에 접속할 때 확인여부를 묻지 않도록 설정",
        "regional_price_on": "지역별 가격 비교를 보여준다",
        "cart": "장바구니에 있는 물품들",
        "friends_own": "당신의 친구가 소유한 아이템",
        "drm": "3rd party DRM 경고를 보입니다.",
        "profile_permalink": "프로필에 고유 주소를 표시",
        "show_regionwarning": "비 계정 영역에서 로그인하는 경우 경고 표시",
        "foot_link": "Enhanced Steam 홈페이지",
        "profile_link_images": "프로필 링크 이미지",
        "library": "상단에 라이브러리 버튼을 보입니다.",
        "show1clickgoo": "보관함 아이템에 적용되는 \"원클릭으로 젬 교환...\" 버튼 보여주기",
        "hidedlcunownedgames": "이 DLC를 위한 게임을 소지하지 않았습니다",
        "hltb": "HowLongToBeat.com의 정보 보기",
        "hidespamcomments": "창작마당 & 프로필에서 스팸 댓글 숨기기",
        "hide_owned": "검색 결과와 태그 페이지 내의 소유한 아이템",
        "reset": "설정을 초기화",
        "api_key": "API 키",
        "gift": "선물",
        "show_sysreqcheck": "상점 페이지에 시스템 사양 체크 버튼 표시 (실험)",
        "es_bg": "\"프로필 편집\" 화면에서 사용자 지정 배경 설정 사용",
        "regional_price_mouse": "가격 위에 마우스를 올릴때",
        "friends_rec": "당신의 친구가 리뷰한 아이템",
        "lowestprice_header": "가격 기록 정보",
        "total_spent": "계정 정보에서 총 사용 금액 보여주기",
        "add_wallet_balance": "헤더에 스팀 지갑 자금 표시",
        "add_to_cart_wishlist": "찜 목록에서 \"장바구니에 추가\" 버튼 보이기",
        "about_text": "\"<div class=\"header\"><a href='http://www.enhancedsteam.com'>Enhanced Steam</a>에 대하여:</div><p>Enhanced Steam은 스팀 웹사이트에서 많은 새 기능을 추가한 구글 크롬의 확장프로그램입니다.<p>다음과 같은 특징이 있습니다 :<ul><li>이미 소유한 게임 강조</li><li>찜 목록에 있는 게임 강조</li><li>이미 가지고 있는 게임에 따라 번들 할인 계산</li><li>계정 정보에서 스팀에 얼마나 금액을 사용했는지 보여줌</li><li>게임 페이지에서 소유한 DLC 강조</li><li>찜목록에 있는 모든 게임 또는 DLC의 \"No Image Available(사용 가능한 이미지 없음)\" 게임 아이콘 수정</li><li>타사 DRM의 제목을 알림</li></ul><p>만약 이 확장프로그램이 유용하다면, 기부하는 것을 고려해 주세요!\"",
        "stores_all": "모든 상점 판매가 비교하기",
        "show_early_access_text": "앞서 해보기 게임을 배너에 표시",
        "author_info": "저작자 : jshackles",
        "profile_link_images_gray": "그레이스케일",
        "quickinv": "인벤토리에 스팀 커뮤니티 아이템의 빠른 판매 버튼을 표시",
        "quickinv_diff": "빠른 판매 한정자:",
        "library_f2p": "라이브러리에 무료 게임과 데모 버전을 표시",
        "inventory_market_text": "보관함 페이지에서 장터 가격을 표시",
        "send_age_info": "연령 확인 요청시 자동으로 정보를 보냄",
        "pcgw": "PCGamingWiki 링크 보기",
        "store_steamcards": "상점 페이지에서 SteamCardExchange 링크 보기",
        "spamcommentregex": "정규표현식 문자열 : ",
        "hide_owned_homepage": "홈페이지 상의 소유한 아이템",
        "saved_note": "설정이 저장되었습니다.",
        "regional_hideworld": "세계 표시 숨기기",
        "show_astatslink": "AStats 링크 보기",
        "showclient": "스팀 클라이언트 링크 표시",
        "guest": "손님",
        "show_steamchart_info": "SteamCharts.com의 정보 보기",
        "show_steamspy_info": "steamspay.com 정보 보이기",
        "showallachievements": "\"모든 게임\" 페이지에서 도전과제 스탯 보기",
        "lowestprice_onwishlist": "찜 목록 보기",
        "steamrepapi": "프로필 페이지에 SteamREP 정보를 표시합니다.",
        "header": "Steam페이지 최상단",
        "lowestprice": "표시",
        "group_events": "그룹 개요에서 이벤트 보기",
        "changelog": "변경점",
        "owned": "당신이 소유한 아이템",
        "steamdb": "SteamDB 링크를 보입니다.",
        "hide_early_access": "홈페이지, 브라우저, 검색페이지에서 앞서 해보는 게임을 숨기기",
        "reset_note": "설정이 초기화 되었습니다.",
        "html5video": "동영상 재생에 Flash 대신 HTML5를 사용합니다.",
        "profiles_link_group_game": "게임 독점",
        "friends_wishlist": "당신의 친구가 찜한 아이템",
        "showspeechsearch": "검색 창에 음성 입력을 추가",
        "profile_link_images_color": "컬러",
        "hide_about": "\"정보\" 링크를 숨김",
        "show_empty_wishlist": "\"찜 목록 비우기\" 버튼 보이기",
        "inventory_nav_text": "인벤토리 페이지에서 쪽수 검색 보기",
        "carousel_description": "상점의 회전식 컨베이어에 응용프로그램 설명 표시",
        "market_total": "장터 거래 금액 요약 보기",
        "hide_install": "\"Steam 설치\" 버튼을 숨김",
        "lowestprice_coupon": "가격 비교시 쿠폰 적용하기",
        "general": "일반",
        "market": "장터",
        "inventory": "인벤토리",
        "profile": "프로필",
        "show_languagewarning": "다음 언어 이외의 언어로 브라우징시 경고 보기",
        "homepage": "홈페이지",
        "homepage_default_tab": "기본 홈페이지 탭",
        "homepage_default_tab_remember": "이전 기억",
        "homepage_default_tab_newreleases": "인기 신제품",
        "homepage_default_tab_allreleases": "모든 새 릴리스",
        "homepage_default_tab_topsellers": "인기상품",
        "homepage_default_tab_upcoming": "발매예정",
        "homepage_default_tab_specials": "특가상품",
        "wishlist": "찜 목록",
        "add_another_region": "추가하기",
        "skip_got_steam": "'스팀이 설치되어 있습니까?' 창 생략",
        "store_general_thirdparty": "서드파티 사이트에서 추출한 정보에 대한 옵션",
        "purchase_dates": "상점 페이지에 상품 구매 날짜를 표시",
        "show_badge_progress": "상점 페이지에 배지 진행률을 표시",
        "show_wishlist_link": "프로필에 찜 목록 링크를 표시",
        "show_wishlist_count": "찜 목록에 있는 항목의 수를 표시",
        "lang": {
            "english": "영어",
            "brazilian": "포르투갈어-브라질",
            "bulgarian": "불가리아어",
            "czech": "체코어",
            "danish": "덴마크어",
            "dutch": "네덜란드어",
            "finnish": "핀란드어",
            "french": "프랑스어",
            "greek": "그리스어",
            "german": "독일어",
            "hungarian": "헝가리어",
            "italian": "이탈리아어",
            "japanese": "일본어",
            "koreana": "한국어",
            "norwegian": "노르웨이어",
            "polish": "폴란드어",
            "portuguese": "포르투갈어",
            "russian": "러시아어",
            "romanian": "루마니아어",
            "schinese": "중국어 (간체)",
            "spanish": "스페인어",
            "swedish": "스웨덴어",
            "tchinese": "중국어 (번체)",
            "thai": "태국어",
            "turkish": "터키어",
            "ukrainian": "우크라이나어"
        }
    },
    "ready": {
        "errormsg": "Enhanced Steam 데이터 로딩 오류",
        "loading": "Enhanced Steam 데이터 로딩중...",
        "ready": "Enhanced Steam 준비",
        "failed": "하나 이상의 요청이 실패함"
    },
    "twitch": {
        "now_streaming": "__username__는 트위치에서 라이브 스트리밍 중",
        "viewers": "시청자",
        "followers": "팔로워",
        "views": "조회수"
    },
    "survey": {
        "performance_survey": "성능 조사",
        "users": "__users__ 사용자는이 게임에 대한 성능 조사를 완료 했습니다.",
        "framerate": "프레임 속도",
        "framerate_response": "는 프레임율이였다 응답",
        "framerate_30": "30프레임에서 고정 또는 낮았다",
        "framerate_fi": "30프레임 보다 높은 상태에서 고정",
        "framerate_va": "하드웨어에 따라 다양",
        "resolution": "해상도",
        "resolution_support": "게임 지원 해상도",
        "resolution_less": "__pixels__보다 작은 해상도",
        "resolution_up": "__pixels__ 해상도 까지",
        "graphics_settings": "그래픽 설정",
        "satisfaction": "GPU의 성능 우세",
        "gs_y": "내장 그래픽 옵션 또는 그래픽 메뉴",
        "gs_n": "내장 그래픽 옵션 또는 그래픽 메뉴 없음",
        "nobody": "아직 아무도 이 게임에 대한 성능조사를 하지 않았다.",
        "take": "설문 조사 참여"
    },
    "select": {
        "wishlisted_dlc": "찜한 상품 목록의 DLC를 선택",
        "none": "선택된 항목 없음",
        "unowned_dlc": "소유하지 않은 DLC를 선택"
    },
    "tag": {
        "wishlist": "찜 목록",
        "friends_own": "__friendcount__ 명 소유",
        "coupon": "쿠폰",
        "friends_rec": "<a href=\"http://store.steampowered.com/recommended/byfriends/__appid__\">__friendcount__ 명의 친구가 리뷰했습니다",
        "inv_gift": "선물",
        "inv_guestpass": "게스트 패스",
        "owned": "소유",
        "notinterested": "관심 없음",
        "friends_want": "<a href=\"http://steamcommunity.com/my/friendsthatplay/__appid__\">__friendcount__ 명이 원함</a>"
    },
    "wallet": {
        "custom_amount": "특정 금액만큼 추가",
        "custom_amount_text": "__minamount__ 이상 추가"
    },
    "wsgf": {
        "incomplete": "미완성",
        "unsupported": "__type__ 지원이 되지 않아 이 점수를 받은 게임입니다. __type__ (으)로 실행 되지 않을 수도 있거나 윈도우에 맞게 이미지가 조정될 수 있습니다. 가로세로 비율이 유지되지 않습니다.",
        "gold": "WSGF 에서 __type__ 부분에 대해 완벽한 점수를 받고 __type__ 지원이 되어 메달을 수여한 게임입니다.",
        "silver": " __type__ 부분에서 B등급을 받아 메달을 수여한 게임입니다. 주된 결점이 없는 게임이지만 완벽한 점수를 받기에 최소한 하나의 흠이 있는 게임입니다.",
        "limited": "__type__ 부분에서 C등급을 받아 메달을 수여한 게임입니다. __type__ 지원이 어느 정도 되지만 중요한 문제가 있는 게임입니다.",
        "certifications": "WSGF 와이드스크린 인증"
    },
    "itad": {
        "option": "IsThereAnyDeal.com에서 데이터 동기화 메뉴 옵션 표시",
        "send_to_itad": "IsThereAnyDeal에 소유 게임 목록 제출",
        "sending": "IsThereAnyDeal.com에 소유 게임과 패키지를 제출 하는중"
    },
    "tradeoffer": {
        "num_item": "__num__ 항목",
        "num_items": "__num__ 항목들"
    },
    "update": {
        "dont_show": "다시 표시하지 않음",
        "updated": "Enhanced Steam이 __version__ 버전으로 업데이트 되었습니다.",
        "changes": "이 업데이트의 내용은 다음과 같습니다"
    },
    "register": {
        "success": "성공적으로 활성화됨  __gamename__",
        "owned": "이 스팀 계정은 이 제안에 포함되어있는 상품(들)을 이미 소유하고 있습니다.",
        "notavail": "죄송합니다, 이 지역에서는 이 제품이 지원되지 않습니다. 귀하의 제품 코드가 등록되지 않았습니다.",
        "invalid": "귀하가 입력하신 제품 코드는 존재하지 않습니다. 잘못 입력하셨는지 다시 한번 확인 해주세요.",
        "already": "귀하가 입력하신 제품 코드는 이미 다른 계정에서 활성화 되어있습니다.",
        "dlc": "입력한 제품 키를 활성화하기 전에 다른 기본 제품이 있어야 합니다.",
        "wallet": "입력 한 코드는 스팀 기프트 카드 또는 스팀 월렛입니다.",
        "toomany": "이 계정은 최근 너무 많은 활성화를 시도하였습니다. 잠시 후 다시 시도해주세요.",
        "default": "오류가 발생했습니다. 귀하의 코드가 등록되지 않았습니다. 30분 뒤에 다시 시도해주세요."
    }
}