{
    "post_history": "記事の履歴を表示",
    "add_nickname": "ニックネームを追加する",
    "total_size": "合計サイズ",
    "dlc_details": "ダウンロードコンテンツの詳細",
    "badge_not_unlocked": "未解除",
    "each": "各",
    "view_in_market": "コミュニティマーケットで表示",
    "homepage_spotlight": "スポットライト",
    "official_group_url": "steamcommunity.com/groups/enhancedsteam",
    "remove": "削除",
    "get_help": "ヘルプを参照する",
    "add_selected_dlc_to_cart": "選択したDLCをカートに追加",
    "credits": "クレジット",
    "store_transactions": "ストアでの取引",
    "activates": "Steam で有効化",
    "games_coupon": "クーポンがあるゲーム",
    "all_friends_own": "これを所有している全フレンド (__friendcount__人)",
    "translate": "翻訳",
    "search_names_only": "名前のみで検索",
    "packs": "パック",
    "remove_owned_wishlist": "ウィッシュリストから所有しているゲームを削除",
    "donate": "寄付",
    "close": "閉じる",
    "error": "エラーが発生しました。",
    "go": "行く",
    "activate": "製品を有効化",
    "activate_multiple_header": "下に一行に一つの製品コードを入力してください",
    "activate_multiple": "複数の製品を有効化",
    "activate_products": "製品を有効化",
    "coupon_application_note": "インベントリにあるクーポンは支払い時に自動的に適用されます。",
    "hide": "非表示",
    "cards_owned": "__possible__ 枚のカード中__owned__枚所有しています",
    "common_label": "所有していないゲームを非表示にする",
    "birthday_message": "ハッピー Steam バースデー、 __username__ さん！あなたの Steam アカウントは、本日  __age__ 歳になりました。",
    "buying_total": "買い注文合計",
    "allreleases_products": "このセクションに表示したい製品の種類を選択してください",
    "library_menu": "ライブラリ",
    "clear_cache": "キャッシュされたデータをクリア",
    "events": "イベント",
    "translation": "翻訳",
    "lowest": "最低",
    "lowest_price": "現在の最安値",
    "view_badge_progress": "バッジの進捗状況を表示",
    "badge_progress": "バッジの進捗状況を表示",
    "sales_total": "販売合計",
    "hold_total": "合計ホールド数",
    "view_normal_badge": "普通のバッジの進捗状況を表示",
    "community_name_account_header": "__username__のアカウント",
    "apppage_sections": "このページに表示したいセクションを選択してください",
    "search_error": "検索結果をロードする際にエラーが発生しました",
    "website": "ウェブサイト",
    "games": "ゲーム",
    "total_time": "合計時間",
    "dlc_suggest": "新しいカテゴリを提案",
    "badge_completion_cost": "バッジ完成までのコスト",
    "loading": "読み込み中...",
    "selling": "販売中…",
    "quick_sell": "__amount__をクイック販売",
    "instant_sell": "__amount__個を今すぐ売却する",
    "starting_at": "開始時刻:",
    "hardwareads": "ハードウェアの広告",
    "homepage_tabs": "ホームページタブ",
    "store": "ストア",
    "view_in": "次で表示",
    "drm_third_party": "警告: このタイトルはサードパーティーのDRMを使用します",
    "stores": "ストア",
    "game_transactions": "ゲームでの取引",
    "after_coupon": "クーポンコード後",
    "games_installed": "インストール済みのゲーム",
    "hours_short": "__hours__ 時間",
    "faqs": "よくある質問",
    "spam_comment_show": "このページで __num__ spam 件のコメントが非表示にされています。ここをクリックすると、表示します。",
    "dlc": "ダウンロードコンテンツ",
    "add_to_wishlist": "ウィッシュリストに追加",
    "language": "言語",
    "theworddefault": "デフォルト",
    "coupon_learn_more": "クーポンについての<a href=\"https://support.steampowered.com/kb_article.php?ref=4210-YIPC-0275\">詳細</a>",
    "show": "表示",
    "badges_all": "全バッジ",
    "comparison_mode": "すべてのゲームのオーバービューを有効にして、ゲーム比較を確認する",
    "search": "検索",
    "es_supporter": "Enhanced Steam サポーター",
    "view_to_scale": "スケールに表示",
    "videos": "ビデオ / トレイラー",
    "community": "コミュニティ",
    "dlc_data_header": "ダウンロードコンテンツの詳細",
    "graphics": "グラフィック",
    "trading_cards": "Steam トレーディングカード",
    "view_badge": "バッジを表示",
    "purchase_total": "購入合計",
    "view_foil_badge": "キラバッジの進捗状況を表示",
    "view_astats": "AStats のページを表示",
    "apppage_purchase": "購入のオプション",
    "search_error_retry": "クリックでリトライ",
    "contribute": "貢献する (GitHub)",
    "reviews": "レビュー",
    "read_reviews": "レビューを読む",
    "read_more_reviews": "レビューをさらに読む",
    "size": "サイズ",
    "package_info": "パッケージ情報",
    "badge_completion_avg": "完成までの平均コスト",
    "using_store": "__current__ リージョンのSteamストアを利用しています。",
    "volume_sold_last_24": "Volume: __sold__ sold in the last 24 hours",
    "sold_last_24": "__sold__ sold in the last 24 hours",
    "homepage_sidebar": "サイドバー",
    "drop_calc": "残りのドロップを計算するにはここをクリックしてください",
    "price": "価格",
    "view_marketplace": "マーケットプレイスを表示",
    "market_transactions": "マーケットでの取引",
    "card_drops_remaining": "残りカードドロップは__drops__枚です",
    "badges_drops": "カードドロップが残っているバッジ",
    "using_language_return": "ここをクリックすると __base__ で Steam を閲覧します。",
    "spam_comment_warn": "危険性あり...",
    "guides": "ガイド",
    "buy_wishlist": "ウィッシュリストを購入",
    "highlight": "強調表示",
    "save": "保存",
    "not": "__tag__ を含めない",
    "add_to_cart": "カートに追加",
    "view": "閲覧",
    "games_all": "すべてのゲーム",
    "permalink": "固定リンク",
    "game_name": "ゲーム名",
    "gift_transactions": "ギフト取引",
    "demos": "デモ",
    "notinterested": "興味なしにマークされたアイテム",
    "mixed_item": "賛否両論のアイテム",
    "negative_item": "評価の低いアイテム",
    "price_above": "指定の価格以上のアイテム",
    "price_above_tooltip": "無料のアイテムや価格タグ無しのアイテムにはゼロを入力する; この機能を無効にするにはこの項目を空白にしてください",
    "news": "ニュース",
    "check_system": "システムをチェック",
    "viewinclient": "Steamクライアントで閲覧する",
    "custom_background": "カスタム背景",
    "custom_style": "カスタムテーマ",
    "custom_style_help": "Enhanced Steamを使用しているユーザーには、あなたのプロフィールがここで選択したテーマに変更されて表示されます。Enhanced Steamを使用していないユーザーには、ここでのテーマ変更は表示されません。",
    "noneselected": "選択なし / 変更なし",
    "most_drops": "最大ドロップ数",
    "badge_foil_progress": "キラバッジの進捗状況を表示",
    "net_gain": "純利益",
    "apppage_legal": "法的情報",
    "acrtag_msg": "特定の地域への取引はこのアイテムで無効にされています",
    "bug_feature": "バグを報告 / 機能を提案",
    "always": "常に表示",
    "compare": "比較",
    "discount": "割引",
    "discountper": "割引 (百分率)",
    "discountabs": "割引 (金額)",
    "rating_details": "評価の詳細を表示",
    "drops_worth_avg": "およその価値",
    "using_store_return": "ここをクリックすると__base__ストアに戻ります。",
    "family_sharing_notice": "<b>注意:</b> このゲームは Steam のファミリーシェアリングサービスから除外されています。",
    "valid": "有効",
    "price_options": "価格オプション",
    "no_results_found": "検索結果なし",
    "visit_store": "ストアページを表示",
    "all": "全て",
    "total_spent": "合計消費額",
    "games_with_drops": "__dropsgames__本のゲームでドロップ数が残っています",
    "binder_view": "バインダー表示",
    "view_stats": "統計を表示",
    "using_language": "__current__ で Steam を閲覧中。",
    "popular": "人気",
    "visit_trade_forum": "トレードフォーラムを開く",
    "software": "ソフトウェア",
    "purchase_date": "(購入日： __date__)",
    "custom_background_help": "Enhanced Steamのユーザーに対して、あなたのプロフィールにこの背景が表示されます。非Enhanced Steamのユーザーに対しては通常のプロフィール背景が表示されます。",
    "date_unlocked": "日時がアンロック",
    "view_badge_foil": "キラバッジを表示",
    "net_spent": "純支出",
    "homepage_carousel": "カルーセル",
    "acrtag_tooltip": "東ヨーロッパや南アメリカ、南東アジアで購入された場合、このアイテムは地域を越えてトレードすることはできません",
    "official_group": "公式グループ",
    "saved": "保存完了",
    "add_unowned_dlc_to_cart": "未所持のDLCをカートに追加",
    "buy": "購入",
    "buy_package": "__package__を購入する",
    "more_information": "詳細情報",
    "games_discount": "割引されているゲーム",
    "region_unavailable": "この地域では利用できません",
    "item_type": "アイテム種別",
    "avg_price_3cards": "3枚のトレーディングカードの平均価格",
    "mods": "Mod",
    "empty_wishlist": "ウィッシュリストを空にする",
    "empty_wishlist_confirm": "本当にウィッシュリストを空にしてもよろしいですか？\n\nこの操作は元に戻せません！",
    "empty_wishlist_loading": "ウィッシュリストを空にしています...",
    "about": "アバウト",
    "never": "表示しない",
    "coupon_available": "クーポンが利用できます!",
    "info": "情報",
    "launch_random": "ランダムでゲームを起動する",
    "play_game": "__gamename__をプレイしますか?",
    "drops_value": "最高ドロップ値",
    "notcommon_label": "自分が所有しているゲームを非表示にする",
    "show_all_steam_releases": "Steam のリリースをすべて表示",
    "wishlist": "ウィッシュリスト",
    "on_wishlist": "ウィッシュリストに入っています",
    "notdiscounted": "割引していないアイテム",
    "cancel": "キャンセル",
    "wiki_article": "__pcgw__ の記事を表示",
    "view_all": "すべて表示",
    "programming": "プログラミング",
    "historical_low": "史上最安値",
    "games_with_booster": "__boostergames__本のゲームにブースターパックの受取資格があります",
    "sort_by": "ソート順:",
    "lastonline": "最後のオンライン",
    "edit_price": "値段を編集",
    "relist": "再出品",
    "relist_an_item": "アイテムを出品します",
    "relist_text": "価格をさらに低くして再出品しますか?",
    "search_market": "Steam コミュニティマーケットを検索",
    "drm_third_party_sub": "警告: このパッケージ内の1つ以上のタイトルがサードパーティー製DRMを使用しています",
    "customize": "カスタマイズ",
    "custom": "カスタム",
    "bundle_saving_text": "このバンドルの購入でお得になる金額",
    "thewordoptions": "オプション",
    "concepts": "概要",
    "collections": "コレクション",
    "discussions": "議論",
    "add_wishlist_note": "ウィッシュリストのメモを追加",
    "update_wishlist_note": "ウィッシュリストのメモを更新",
    "add_wishlist_note_prompt": "ウィッシュリストのメモを入力",
    "update_wishlist_note_prompt": "あなたのウィッシュリストのメモを更新",
    "results": "__num__ の結果",
    "all_results": "全 __num__ 件の結果が表示されました",
    "see_more": "もっと見る",
    "lowest_price_format": "__price__ で __store__ からの販売",
    "historical_low_format": "__date__ に __price__ で __store__ から販売されていました",
    "favorited": "お気に入りに追加",
    "followed": "フォローしました",
    "leave_group_selected": "選択済みのグループを脱退する",
    "leave_group_all": "全て脱退する",
    "leave_group_all_confirm": "あなたが所属する全てのグループから脱退しようとしています!\n本当に続行してよろしいですか?",
    "leave_group_admin_confirm": "あなたは__groupname__グループの管理者です。\n本当にグループから脱退しますか?",
    "wrong_try_again": "何か問題が起きたようです。後でもう一度やり直してください。",
    "join_group": "グループに参加する",
    "chat": "チャット",
    "web_browser_chat": "ウェブブラウザーチャット",
    "steam_client_chat": "Steam クライアントチャット",
    "available": "利用可能",
    "set_as_background": "背景として設定します。",
    "preview_background": "背景をプレビュー",
    "details": "詳細",
    "expand_slider": "スライダーを拡張",
    "contract_slider": "スライダーを縮小",
    "early_access": "早期アクセス",
    "filter_games": "ゲームをフィルター",
    "note_for": "注意:",
    "show_wishlist_total": "ウィッシュリストの合計額を表示",
    "tag_short": "スペースの節約のため短縮タグを使用する",
    "no_price_data": "価格データがありません。",
    "exclude_tags": "除外するタグ",
    "user_score": "ユーザースコア",
    "user_reviews": "ユーザー レビュー",
    "review_summary": "このゲームのユーザーレビュー __num__ 件中 __percent__ が肯定的です。",
    "market_popular_items_toggle": "人気アイテムのリアルタイム更新切替",
    "achievements": {
        "option": "ストアページで実績を表示",
        "achievements": "実績",
        "includes": "__num__個の Steam 実績を含む",
        "view_all": "全実績を表示"
    },
    "bundle": {
        "offer_ends": "セール終了まで:",
        "at_least": "最低支払額",
        "pwyw": "お望みの価格で購入",
        "includes": "__num__ 個のアイテムが含まれます",
        "tier_includes": "__tier__ (__price__) は __num__ 個のアイテムを含みます",
        "tier": "__num__チア",
        "header": "このゲームを含むバンドル",
        "info": "バンドル情報",
        "bundle_count": "このゲームがバンドル入りした回数"
    },
    "charts": {
        "peakall": "これまでの最大",
        "current": "現在のプレイヤー数",
        "playing_now": "現在プレイ中",
        "peaktoday": "今日の最大"
    },
    "hltb": {
        "title": "How Long to Beat",
        "main_e": "主なストーリーとおまけ",
        "compl": "完璧主義者",
        "submit": "あなたの時間を送信",
        "main": "主なストーリー",
        "no_data": "データが見つかりません",
        "help": "ここをクリックでヘルプを表示",
        "wrong": "違うゲームですか？"
    },
    "library": {
        "in_library": "ライブラリー内",
        "error_loading_library": "ライブラリを読み込めませんでした。",
        "categories": "カテゴリ...",
        "genres": "ジャンル...",
        "private_profile": "この機能を有効にするには、<a href='http://steamcommunity.com/my/edit/settings'>設定で</a>プロフィールのステータスを公開にしてください。"
    },
    "spy": {
        "player_data": "プレイヤー データ",
        "owners": "所有者",
        "players_total": "プレイヤー数の合計",
        "players_2weeks": "過去 2 週間のプレイヤー数",
        "average_playtime": "平均プレイ時間",
        "average_playtime_2weeks": "過去 2 週間の平均プレイ時間",
        "formatted_time": "__hours__ 時間 __minutes__ 分"
    },
    "options": {
        "wsgf": "WSGF (ワイドスクリーン) 情報を表示",
        "version_show": "Enhanced Steamのアップデート時に変更履歴を表示する",
        "steamcardexchange": "バッジにSteamCardExchangeへのリンクを表示",
        "regional_price": "地域別価格比較",
        "acrtag": "クロスリージョントレードが無効になっている場合、アイテムに警告を表示する",
        "excludef2p": "フリートゥープレイのゲームを強調表示から除外",
        "contscroll": "検索結果の持続的スクロールを有効にする",
        "profile_link_images_none": "なし",
        "replace_account_name": "アカウント名をコミュニティ名で置き換える",
        "profile_links": "プロフィールに以下へのリンクを表示",
        "library_header": "ライブラリ (ベータ)",
        "tag": "タグ",
        "icon": "アイコン",
        "name": "名前",
        "show_alternative_linux_icon": "代わりのLinuxアイコンを表示する",
        "showcomparelinks": "フレンドのアクティビティの実績欄に「比較」リンクを表示",
        "hidetmsymbols": "ゲームタイトル中の商標・版権記号",
        "metacritic": "Metacriticのユーザースコアを表示",
        "opencritic": "Opencritic.com の情報を表示",
        "hideactivelistings": "デフォルトでマーケットのホームページのアクティブリストをすべて非表示",
        "clear": "本当にすべてのオプションをリセットしますか？これは取り消しできません。",
        "profile_api_info": "プロフィールにユーザー API のリンクを表示する",
        "coupon": "クーポンがあるアイテム",
        "show_package_info": "全アプリのパッケージ情報を表示",
        "wlbuttoncommunityapp": "「ウィッシュリストに追加」ボタンをコミュニティアプリハブに表示",
        "removeguideslanguagefilter": "ユーザーの言語設定によるガイドの自動フィルタリングをしない",
        "disablelinkfilter": "外部サイトにアクセスする際の確認を無効にする",
        "regional_price_on": "地域別価格比較を表示",
        "cart": "カートにあるアイテム",
        "friends_own": "フレンドが所有しているアイテム",
        "drm": "サードパーティーDRMの警告を表示",
        "profile_permalink": "プロフィール上に固定リンクを表示",
        "show_regionwarning": "非アカウントのリージョンで閲覧している場合警告を表示する",
        "foot_link": "Enhanced Steam 拡張機能",
        "profile_link_images": "プロフィールリンク画像",
        "library": "ヘッダーにライブラリボタンを表示",
        "show1clickgoo": "「1-click でジェムに変換」ボタンを適用可能なインベントリアイテムに表示",
        "hidedlcunownedgames": "所有していないゲームのDLC",
        "hltb": "HowLongToBeat.comの情報を表示",
        "hidespamcomments": "ワークショップとプロフィールのスパムコメントを非表示",
        "hide_owned": "検索結果とタグページで所有しているアイテムを",
        "reset": "オプションをリセット",
        "api_key": "API キー",
        "gift": "ギフトで保管しているアイテム",
        "show_sysreqcheck": "アプリページにシステム要件を確認するボタンを表示 (実験的!)",
        "es_bg": "「プロフィールを編集」画面でカスタム背景を設定",
        "regional_price_mouse": "価格をマウスオーバーで",
        "friends_rec": "フレンドがレビューしたゲーム",
        "lowestprice_header": "価格履歴情報",
        "total_spent": "アカウントページに合計消費額を表示",
        "add_wallet_balance": "ヘッダーにSteamウォレットの残高を表示する",
        "add_to_cart_wishlist": "ウィッシュリストに「カートに追加」ボタンを表示",
        "about_text": "<div class=\"header\"><a href='http://www.enhancedsteam.com'>Enhanced Steam</a>について:Enhanced Steamは、Steamのウェブサイトに多くの新機能を追加するGoogle Chrome用拡張機能です。<p>含まれる機能:<ul><li>すでに所有しているゲームの強調表示</li><li>ウィッシュリストにあるゲームの強調表示</li><li>すでに所有しているゲームに基づいた正確なバンドル値引き額の算出</li><li>今までSteamで消費した額の表示</li><li>ゲームのページで所有しているDLCの強調表示</li><li>ウィッシュリストでいかなるゲームまたはDLCに対しての\"No Image Available\"画像の修正</li><li>サードパーティーのDRMがあるタイトルの指摘</li></ul><p>この拡張が便利だなと思ったら、寄付を検討していただけませんか。",
        "stores_all": "すべてのストアを比較",
        "show_early_access_text": "早期アクセスの画像バナーを表示",
        "author_info": "製作: jshackles",
        "profile_link_images_gray": "グレースケール",
        "quickinv": "「今すぐ売却」ボタンをインベントリ内のSteamコミュニティアイテムに表示する",
        "quickinv_diff": "「今すぐ売却」の単位",
        "library_f2p": "ライブラリにプレイしたフリートゥープレイゲームとデモを表示する",
        "inventory_market_text": "インベントリページ上でマーケットの価格を表示",
        "send_age_info": "要求時、年齢確認を自動的に送信する",
        "pcgw": "PCGamingWikiのリンクを表示",
        "store_steamcards": "ストアページでSteamCardExchangeのリンクを表示する",
        "spamcommentregex": "正規表現:",
        "hide_owned_homepage": "ホームページで所有しているアイテムを",
        "saved_note": "オプションを保存しました",
        "regional_hideworld": "地球儀表示を非表示",
        "show_astatslink": "アプリページに AStats のリンクを表示",
        "showclient": "Steamクライアントのリンクを表示します",
        "guest": "ゲストパスがあるアイテム",
        "show_steamchart_info": "SteamCharts.comの情報を表示",
        "show_steamspy_info": "Steamspy.comの情報を表示",
        "showallachievements": "「すべてのゲーム」ページで実績統計を表示",
        "lowestprice_onwishlist": "ウィッシュリストで表示",
        "steamrepapi": "プロフィールページにSteamRepステータスを表示する",
        "header": "ヘッダー",
        "lowestprice": "表示する",
        "group_events": "グループオーバービューでイベントを表示",
        "changelog": "変更履歴:",
        "owned": "所有しているアイテム",
        "steamdb": "SteamDBへのリンクを表示",
        "hide_early_access": "ホームページと閲覧、検索ページで早期アクセスゲームを非表示",
        "reset_note": "オプションをリセットしました",
        "html5video": "フラッシュの代わりに HTML5 を使用してビデオを表示する",
        "profiles_link_group_game": "ゲーム独占",
        "friends_wishlist": "フレンドがウィッシュリストに入れているアイテム",
        "showspeechsearch": "検索ボックスに音声入力を追加",
        "profile_link_images_color": "カラー",
        "hide_about": "ヘッダーの「STEAMとは」リンクを非表示",
        "show_empty_wishlist": "\"ウィッシュリストを空にする\"ボタンを表示",
        "inventory_nav_text": "インベントリページ上で高度な案内を表示",
        "carousel_description": "ストアトップのカルーセルのアプリ説明を表示",
        "market_total": "マーケットで取引概要を表示",
        "hide_install": "ヘッダーの\"Steamをインストール\"ボタンを非表示",
        "lowestprice_coupon": "価格比較にクーポンコードを含める",
        "general": "全般",
        "market": "マーケット",
        "inventory": "インベントリ",
        "profile": "プロフィール",
        "show_languagewarning": "別の言語で閲覧している場合警告を表示する",
        "homepage": "ホームページ",
        "homepage_default_tab": "デフォルトのホームページタブ",
        "homepage_default_tab_remember": "以前の状況を記憶する",
        "homepage_default_tab_newreleases": "人気の新作",
        "homepage_default_tab_allreleases": "全ての新作",
        "homepage_default_tab_topsellers": "売り上げ上位",
        "homepage_default_tab_upcoming": "近日登場",
        "homepage_default_tab_specials": "スペシャル",
        "wishlist": "ウィッシュリストにあるアイテム",
        "add_another_region": "追加",
        "skip_got_steam": "「Steam をお持ちですか？」のウィンドウをスキップする",
        "store_general_thirdparty": "サードパーティーサイト由来の情報についてのオプション",
        "purchase_dates": "ストアページにアプリの購入日を表示する",
        "show_badge_progress": "ストアページにバッジの進捗状況を表示",
        "show_wishlist_link": "プロフィールにウィッシュリストのリンクを表示",
        "show_wishlist_count": "ウィッシュ リストのアイテムの数を表示する",
        "lang": {
            "english": "英語",
            "brazilian": "ブラジルポルトガル語",
            "bulgarian": "ブルガリア語",
            "czech": "チェコ語",
            "danish": "デンマーク語",
            "dutch": "オランダ語",
            "finnish": "フィンランド語",
            "french": "フランス語",
            "greek": "ギリシャ語",
            "german": "ドイツ語",
            "hungarian": "ハンガリー語",
            "italian": "イタリア語",
            "japanese": "日本語",
            "koreana": "韓国語",
            "norwegian": "ノルウェー語",
            "polish": "ポーランド語",
            "portuguese": "ポルトガル語",
            "russian": "ロシア語",
            "romanian": "ルーマニア語",
            "schinese": "簡体中国語",
            "spanish": "スペイン語",
            "swedish": "スウェーデン語",
            "tchinese": "繁体中国語",
            "thai": "タイ語",
            "turkish": "トルコ語",
            "ukrainian": "ウクライナ語"
        }
    },
    "ready": {
        "errormsg": "Enhanced Steam のデータロードエラー",
        "loading": "Enhanced Steam がデータをロード中……",
        "ready": "Enhanced Steam 準備完了",
        "failed": "1つ以上のリクエストが失敗しました"
    },
    "twitch": {
        "now_streaming": "__username__ はTwitchで配信中です",
        "viewers": "視聴者",
        "followers": "フォロワー",
        "views": "閲覧数"
    },
    "survey": {
        "performance_survey": "性能を調べる",
        "users": "__users__ このユーザーがこのゲームの性能の調査を完了しました",
        "framerate": "フレームレート",
        "framerate_response": "フレームレートが存在するとの返答がありました",
        "framerate_30": "30fpsもしくはそれ以下になる問題を修正しました",
        "framerate_fi": "30fpsより高くならないように修正しました",
        "framerate_va": "変数やハードウェアに依存します",
        "resolution": "解像度",
        "resolution_support": "このゲームをサポートするために表示されています",
        "resolution_less": "__pixels__ 未満の解像度",
        "resolution_up": "__pixels__ 以上の解像度",
        "graphics_settings": "画質設定",
        "satisfaction": "GPUを使用した評価の結果",
        "gs_y": "内蔵グラフィックオプションやグラフィックメニュー",
        "gs_n": "内蔵されていないグラフィックオプションやグラフィックメニュー",
        "nobody": "まだこのゲームの性能調査をしていません",
        "take": "調べる"
    },
    "select": {
        "wishlisted_dlc": "ウィッシュリストに入っているDLCを選択",
        "none": "何も選択しない",
        "unowned_dlc": "未所有のDLCを選択"
    },
    "tag": {
        "wishlist": "ウィッシュリスト",
        "friends_own": "__friendcount__ 人所有",
        "coupon": "クーポン",
        "friends_rec": "<a href=\"http://store.steampowered.com/recommended/byfriends/__appid__\"__friendcount__ 人のフレンドがレビューしました</a>",
        "inv_gift": "ギフト",
        "inv_guestpass": "ゲストパス",
        "owned": "所持",
        "notinterested": "興味がありません",
        "friends_want": "<a href=\"http://steamcommunity.com/my/friendsthatplay/__appid__\">__friendcount__ 人が欲しがっています</a>"
    },
    "wallet": {
        "custom_amount": "カスタムした額を追加",
        "custom_amount_text": "__minamount__以上の任意の額を追加"
    },
    "wsgf": {
        "incomplete": "不完全",
        "unsupported": "このスコアは、__type__のサポートがないゲームに贈られます。 __type__でプレイすることができない場合があったり、画像がウィンドウに合わず引き伸ばされます。正確なアスペクト比は保たれません",
        "gold": "このメダルは、 __type__ のサポートに対しWSGFから完璧なスコアを受け、__type__認証済みのゲームに贈られます。",
        "silver": "このメダルは、__type__のサポートに対しB相当のグレードを受けたゲームに贈られます。これらのゲームのすべてに大きな欠陥はありませんが、完璧なスコアになるのを妨げた欠点が少なくともひとつはあります。",
        "limited": "このスコアは、__type__のサポートに対しC相当のグレードを受けたゲームに贈られます。これらのゲームのすべてにある程度の水準の__type__サポートがありますが、明らかな問題を抱えています。",
        "certifications": "WSGF ワイドスクリーン認定"
    },
    "itad": {
        "option": "IsThereAnyDeal.comとデータを同期するかどうかのオプションを表示する",
        "send_to_itad": "所持しているゲームの情報をIsThereAnyDealに送信",
        "sending": "既に所持しているゲームやゲームセットの情報を読み込みIsThereAnyDeal.comに送信する"
    },
    "tradeoffer": {
        "num_item": "__num__ つのアイテム",
        "num_items": "__num__ 個のアイテム"
    },
    "update": {
        "dont_show": "再び表示しない",
        "updated": "Enhanced Steamは、__version__に更新されました",
        "changes": "このリリースには、以下の変更が含まれています"
    },
    "register": {
        "success": "__gamename__ の有効化に成功",
        "owned": "This Steam account already owns the product(s) contained in this offer.",
        "notavail": "この製品はお客様の居住国ではご利用いただけません。この製品コードの有効化は行われていません。",
        "invalid": "入力した製品コードは無効です。入力したキーが正しいことを確認してください。",
        "already": "入力された製品コードは別の Steam アカウントですでに有効になっている。",
        "dlc": "入力された製品コードを有効化するには、ベースとなる別の製品を所有している必要があります。",
        "wallet": "入力されたコードは Steam ギフトカードか Steam ウォレットコードです。",
        "toomany": "このアカウントから、有効化を試みる回数が多すぎます。後ほど再度お試しください。",
        "default": "予期しないエラーが発生したため、製品コードを有効化できませんでした。30 分お待ちいただいた後に、そのコードで再度お試しください。"
    }
}