{
  "post_history":"Postverlauf anzeigen",
  "add_nickname":"Spitznamen hinzufügen",
  "total_size":"Gesamtgröße",
  "dlc_details":"Details zu herunterladbaren Inhalten",
  "badge_not_unlocked":"Nicht freigeschaltet",
  "each":"pro Spiel",
  "view_in_market":"Im Communitymarkt anzeigen",
  "homepage_spotlight":"Rampenlicht",
  "official_group_url":"steamcommunity.com/groups/enhancedsteam",
  "remove":"Entfernen",
  "get_help":"Hilfe",
  "add_selected_dlc_to_cart":"Ausgewählten DLC in den Warenkorb ",
  "credits":"Danksagungen",
  "store_transactions":"Shop-Käufe",
  "activates":"Bei Steam aktivierbar",
  "games_coupon":"Spiele mit Gutscheinen",
  "all_friends_own":"Alle Freunde, die dies besitzen (__friendcount__)",
  "translate":"Übersetzen",
  "search_names_only":"Nur in Namen suchen",
  "packs":"Pakete",
  "remove_owned_wishlist":"Spiele, die du schon besitzt, von der Wunschliste entfernen",
  "donate":"Spenden",
  "close":"Schließen",
  "error":"Ein Fehler ist aufgetreten",
  "go":"Los",
  "activate":"Ein Produkt aktivieren",
  "activate_multiple_header":"Geben Sie die Produktschlüssel unten ein, einen pro Zeile",
  "activate_multiple":"Mehrere Produkte aktivieren",
  "activate_products":"Produkt aktivieren",
  "coupon_application_note":"Ein Gutschein aus deinem Inventar wird automatisch im Warenkorb angewendet.",
  "hide":"Verbergen",
  "cards_owned":"__owned__ von __possible__ Karten im Besitz",
  "common_label":"Spiele ausblenden, die du nicht besitzt",
  "birthday_message":"Alles Gute zum Steam-Geburtstag, __username__! Dein Steam-Account ist jetzt __age__ Jahre alt.",
  "buying_total":"Gesamtpreis",
  "allreleases_products":"Wähle die Art der Artikel, die du in diesem Abschnitt sehen möchtest",
  "library_menu":"Bibliothek",
  "clear_cache":"Daten im Cache löschen",
  "events":"Events",
  "translation":"Übersetzung",
  "lowest":"niedrigste",
  "lowest_price":"Aktuell niedrigster Preis",
  "view_badge_progress":"Abzeichen-Fortschritt anzeigen",
  "badge_progress":"Abzeichen-Fortschritt",
  "sales_total":"Gesamterträge ",
  "hold_total":"Gesamt zurückgehalten",
  "view_normal_badge":"Fortschritt für normales Abzeichen anzeigen",
  "community_name_account_header":"Account von __username__",
  "apppage_sections":"Wähle die Sektionen aus, die du auf der Seite sehen möchtest",
  "search_error":"Fehler beim Laden weiterer Suchergebnisse",
  "website":"Website",
  "games":"Spiele",
  "total_time":"Gesamtzeit",
  "dlc_suggest":"Neue Kategorie vorschlagen",
  "badge_completion_cost":"Kosten um das Abzeichen zu vervollständigen",
  "loading":"Lade...",
  "selling":"Verkaufe...",
  "quick_sell":"Schnellverkauf für __amount__",
  "instant_sell":"Sofortverkauf für __amount__",
  "starting_at":"Ab",
  "hardwareads":"Hardware-Werbung",
  "homepage_tabs":"Startseiten-Tabs",
  "store":"Shop",
  "view_in":"Zeige in",
  "drm_third_party":"Achtung: Dieser Titel nutzt DRM von Dritten",
  "stores":"Shops",
  "game_transactions":"In-Game-Käufe",
  "after_coupon":"mit Gutschein",
  "games_installed":"Installierte Spiele",
  "hours_short":"__hours__ Stunden",
  "faqs":"Häufig gestellte Fragen",
  "spam_comment_show":"__num__ Spam-Kommentare wurden versteckt. Klick hier, um sie anzuzeigen.",
  "dlc":"Herunterladbare Inhalte",
  "add_to_wishlist":"Zur Wunschliste hinzufügen",
  "language":"Sprache",
  "theworddefault":"Standard",
  "coupon_learn_more":"<a href=\"https://support.steampowered.com/kb_article.php?ref=4210-YIPC-0275\">Mehr über Steam-Gutscheine erfahren</a>",
  "show":"Anzeigen",
  "badges_all":"Alle Abzeichen",
  "comparison_mode":"Übersicht aller Spiele aktivieren, um Vergleiche zu sehen",
  "search":"Suchen",
  "es_supporter":"Enhanced-Steam-Unterstützer",
  "view_to_scale":"Im korrekten Maßstab anzeigen",
  "videos":"Videos / Trailer",
  "community":"Community",
  "dlc_data_header":"Details zu herunterladbaren Inhalten",
  "graphics":"Grafik",
  "trading_cards":"Steam-Sammelkarten",
  "view_badge":"Abzeichen ansehen",
  "purchase_total":"Gesamtkosten",
  "view_foil_badge":"Fortschritt für Glanz-Abzeichen anzeigen",
  "view_astats":"AStats-Seite anzeigen",
  "apppage_purchase":"Kaufoptionen",
  "search_error_retry":"Klick hier, um es erneut zu versuchen",
  "contribute":"Mitwirken (GitHub)",
  "reviews":"Reviews",
  "read_reviews":"Reviews lesen",
  "read_more_reviews":"Mehr Reviews lesen auf",
  "size":"Größe",
  "package_info":"Paketinformationen",
  "badge_completion_avg":"Durchschnittliche Vervollständigungskosten",
  "using_store":"Du nutzt momentan den regionalen Steam-Shop für __current__.",
  "volume_sold_last_24":"Menge: __sold__ verkauft in den letzten 24 Stunden",
  "sold_last_24":"__sold__ verkauft in den letzten 24 Stunden",
  "homepage_sidebar":"Seitenleiste",
  "drop_calc":"Hier klicken, um zu berechnen, wie viele Gegenstände noch gedroppt werden können",
  "price":"Preis",
  "view_marketplace":"Marktplatz anzeigen",
  "market_transactions":"Markt-Käufe",
  "card_drops_remaining":"__drops__ Kartenfunde verbleibend",
  "badges_drops":"Abzeichen mit verbleibenden Kartenfunden",
  "using_language_return":"Hier klicken, um Steam auf __base__ zu nutzen.",
  "spam_comment_warn":"Bitte nicht spammen, hier sind Drachen...",
  "guides":"Leitfäden",
  "buy_wishlist":"Wunschliste kaufen",
  "highlight":"Hervorheben",
  "save":"Speichern",
  "not":"Nicht __tag__",
  "add_to_cart":"In den Warenkorb legen",
  "view":"Ansicht",
  "games_all":"Alle Spiele",
  "permalink":"Permalink",
  "game_name":"Spielname",
  "gift_transactions":"Geschenk-Käufe",
  "demos":"Demos",
  "notinterested":"Spiele, die mit \"Nicht interessiert\" markiert sind",
  "mixed_item":"Artikel mit ausgeglichener Bewertung",
  "negative_item":"Artikel mit negativer Bewertung",
  "price_above":"Artikel, die mehr kosten als",
  "price_above_tooltip":"Gib Null für kostenlose Items oder Items ohne Preis ein; Lass das Feld leer um dieses Feature zu deaktivieren",
  "news":"Neuigkeiten",
  "check_system":"Dein System überprüfen",
  "viewinclient":"Im Steam-Client anzeigen",
  "custom_background":"Eigener Hintergrund",
  "custom_style":"Eigener Stil",
  "custom_style_help":"Alle Benutzer von Enhanced Steam werden diesen Stil auf deinem Profil sehen. Personen, die Enhanced Steam nicht verwenden, werden keine Veränderungen sehen.",
  "noneselected":"Nichts ausgewählt / keine Veränderung",
  "most_drops":"Meiste Kartenfunde",
  "badge_foil_progress":"Glanzabzeichen-Fortschritt anzeigen",
  "net_gain":"Nettogewinn",
  "apppage_legal":"Rechtliche Hinweise",
  "acrtag_msg":"Der Handel zwischen gewissen Regionen wurde für dieses Spiel deaktiviert",
  "bug_feature":"Fehler melden / Verbesserungsvorschläge",
  "always":"Immer",
  "compare":"Vergleichen",
  "discount":"Preisnachlass",
  "discountper":"Rabatt (Prozent)",
  "discountabs":"Rabatt (Betrag)",
  "rating_details":"Bewertungsdetails ansehen",
  "drops_worth_avg":"Ungefährer Wert",
  "using_store_return":"Hier klicken, um zum Shop für __base__ zurückzukehren.",
  "family_sharing_notice":"<b>Hinweis:</b> Dieses Spiel kann nicht über Steam Family Sharing geteilt werden!",
  "valid":"Gültig",
  "price_options":"Preisoptionen",
  "no_results_found":"Keine Ergebnisse gefunden",
  "visit_store":"Zur Shopseite",
  "all":"Alle",
  "total_spent":"Gesamtausgaben",
  "games_with_drops":"Noch __dropsgames__ Spiele mit Kartenfunden verbleibend",
  "binder_view":"Mappenansicht",
  "view_stats":"Statistiken ansehen",
  "using_language":"Du nutzt Steam auf __current__.",
  "popular":"Beliebt",
  "visit_trade_forum":"Handelsforum besuchen",
  "software":"Software",
  "purchase_date":"(Am __date__ gekauft)",
  "custom_background_help":"Alle Benutzer von Enhanced Steam werden diesen Hintergrund auf deinem Profil sehen. Personen, die Enhanced Steam nicht verwenden, sehen deinen normalen Profilhintergrund.",
  "date_unlocked":"Freischaltdatum",
  "view_badge_foil":"Glanzabzeichen anzeigen",
  "net_spent":"Netto-Ausgaben",
  "homepage_carousel":"Karussell",
  "acrtag_tooltip":"Dieses Spiel kann nicht zwischen mehreren Regionen gehandelt werden, wenn es in Osteuropa, Südamerika oder Südostasien gekauft wurde",
  "official_group":"Offizielle Gruppe",
  "saved":"Gespeichert",
  "add_unowned_dlc_to_cart":"Noch nicht gekauften DLC in den Warenkorb ",
  "buy":"Kaufen",
  "buy_package":"__package__ kaufen",
  "more_information":"Mehr Informationen",
  "games_discount":"Preisreduzierte Spiele",
  "region_unavailable":"In dieser Region nicht erhältlich",
  "item_type":"Art des Titels",
  "avg_price_3cards":"Durchschnittspreis von drei Sammelkarten",
  "mods":"Modifikationen",
  "empty_wishlist":"Wunschliste leeren",
  "empty_wishlist_confirm":"Bist du sicher, dass du deine Wunschliste leeren willst?\n\nDiese Aktion kann nicht rückgängig gemacht werden!",
  "empty_wishlist_loading":"Wunschliste wird geleert, bitte warten...",
  "about":"Über",
  "never":"Niemals",
  "coupon_available":"Du hast einen Gutschein zur Verfügung!",
  "info":"Informationen",
  "launch_random":"Zufälliges Spiel starten",
  "play_game":"__gamename__ spielen?",
  "drops_value":"Höchster Kartenfundwert ",
  "notcommon_label":"Spiele, die du bereits besitzt, ausblenden",
  "show_all_steam_releases":"Alle Steam-Veröffentlichungen anzeigen",
  "wishlist":"Wunschliste",
  "on_wishlist":"Auf der Wunschliste",
  "notdiscounted":"Spiele, die nicht im Angebot sind",
  "cancel":"Abbrechen",
  "wiki_article":"__pcgw__-Artikel anzeigen",
  "view_all":"ALLE ANSEHEN",
  "programming":"Programmierung",
  "historical_low":"Rekordtief",
  "games_with_booster":"__boostergames__ Spiele können Booster Packs erhalten",
  "sort_by":"Sortieren nach:",
  "lastonline":"Zuletzt online",
  "edit_price":"Preis bearbeiten",
  "relist":"Wiedereinstellen",
  "relist_an_item":"Einen Artikel wiedereinstellen",
  "relist_text":"Möchtest du diesen Artikel zu einem günstigeren Preis wiedereinstellen?",
  "search_market":"Steam-Communitymarkt durchsuchen",
  "drm_third_party_sub":"Achtung: Einer oder mehrere Titel in diesem Paket verwenden 3rd-Party-DRM",
  "customize":"Anpassen",
  "custom":"Benutzerdefiniert",
  "bundle_saving_text":"Das sparst du, wenn du dieses Bundle kaufst",
  "thewordoptions":"Optionen",
  "concepts":"Konzepte",
  "collections":"Kollektionen",
  "discussions":"Diskussionen",
  "add_wishlist_note":"Wunschlisten-Notiz hinzufügen",
  "update_wishlist_note":"Wunschlisten-Notiz aktualisieren",
  "add_wishlist_note_prompt":"Gib deine Wunschlisten-Notiz ein",
  "update_wishlist_note_prompt":"Aktualisiere deine Wunschlisten-Notiz",
  "results":"__num__ Ergebnisse",
  "all_results":"Alle __num__ Ergebnisse angezeigt",
  "see_more":"Mehr ansehen",
  "lowest_price_format":"__price__ bei __store__",
  "historical_low_format":"__price__ bei __store__ am __date__",
  "favorited":"Favorisiert",
  "followed":"Gefolgt",
  "leave_group_selected":"Ausgewählte verlassen",
  "leave_group_all":"Alle verlassen",
  "leave_group_all_confirm":"Du bist dabei, ALLE GRUPPEN zu verlassen, zu denen du gehörst.\nBist du sicher, dass du fortfahren willst?",
  "leave_group_admin_confirm":"Du bist Admin in dieser Gruppe: __groupname__\nBist du sicher, dass du sie verlassen willst?",
  "wrong_try_again":"Etwas ist schiefgegangen. Bitte erneut versuchen.",
  "join_group":"Gruppe beitreten",
  "chat":"Chat",
  "web_browser_chat":"Web-Browser-Chat",
  "steam_client_chat":"Steam-Client-Chat",
  "available":"Verfügbar",
  "set_as_background":"Als Hintergrund setzen",
  "preview_background":"Hintergrund-Vorschau",
  "details":"Details",
  "expand_slider":"Slider vergrößern",
  "contract_slider":"Slider verkleinern",
  "early_access":"Early Access",
  "filter_games":"Spiele filtern",
  "note_for":"Notiz für",
  "show_wishlist_total":"Wunschlisten-Gesamtbetrag anzeigen",
  "tag_short":"Kurze Tags benutzen, um Platz zu sparen",
  "no_price_data":"Keine Preisdaten verfügbar",
  "exclude_tags":"Tags ausschließen",
  "user_score":"User Score",
  "user_reviews":"Nutzerreviews",
  "review_summary":"__percent__ von __num__ Benutzer-Rezensionen für dieses Spiel sind positiv.",
  "market_popular_items_toggle":"Live-Aktualisierung von beliebten Artikeln umschalten",
  "achievements":{
    "option":"Errungenschaften auf Shopseiten anzeigen",
    "achievements":"Errungenschaften",
    "includes":"Enthält __num__ Steam-Errungenschaften",
    "view_all":"Alle Errungenschaften anzeigen"
  },
  "bundle":{
    "offer_ends":"Das Angebot endet",
    "at_least":"Bezahl mindestens",
    "pwyw":"Nenne deinen Preis",
    "includes":"Enthält __num__ Artikel",
    "tier_includes":"__tier__ (__price__) enthält __num__ Artikel",
    "tier":"Stufe __num__",
    "header":"Bundles, in denen dieses Spiel enthalten ist",
    "info":"Bundle-Informationen",
    "bundle_count":"Anzahl Bundles, in denen dieses Spiel angeboten wurde"
  },
  "charts":{
    "peakall":"Historischer Höchststand ",
    "current":"Derzeitige Spieler",
    "playing_now":"spielen jetzt gerade",
    "peaktoday":"heutiger Höchststand"
  },
  "hltb":{
    "title":"Zeit zum Durchspielen",
    "main_e":"Hauptgeschichte und Extras",
    "compl":"Vervollständiger",
    "submit":"Deine Zeit übertragen",
    "main":"Hauptgeschichte",
    "no_data":"Keine Daten gefunden",
    "help":"Hier klicken, um zu helfen",
    "wrong":"Falsches Spiel?"
  },
  "library":{
    "in_library":"In Bibliothek",
    "error_loading_library":"Deine Bibliothek konnte nicht geladen werden.",
    "categories":"Kategorien...",
    "genres":"Genres...",
    "private_profile":"Ändere deinen Profil Status zu \"öffentlich\" <a href='http://steamcommunity.com/my/edit/settings'>in your settings</a> um diese Funktion zu nutzen."
  },
  "spy":{
    "player_data":"Spielerdaten",
    "owners":"Besitzer",
    "players_total":"Spieler insgesamt",
    "players_2weeks":"Spieler in den letzten zwei Wochen",
    "average_playtime":"Durchschnittliche Spielzeit",
    "average_playtime_2weeks":"Durchschnittliche Spielzeit in den letzten zwei Wochen",
    "formatted_time":"__hours__ Stunden, __minutes__ Minuten"
  },
  "options":{
    "wsgf":"Informationen von WSGF (Widescreen) anzeigen",
    "version_show":"Zeige Änderungsprotokoll, wenn Enhanced Steam aktualisiert wird",
    "steamcardexchange":"SteamCardExchange-Links bei Abzeichen anzeigen",
    "regional_price":"Regionaler Preisvergleich",
    "acrtag":"Warnungen bei Spielen anzeigen, bei denen der grenzüberschreitende Handel nicht möglich ist",
    "excludef2p":"Keine kostenlos spielbaren Titel markieren",
    "contscroll":"Endlosen Bildlauf in den Suchergebnissen aktivieren",
    "profile_link_images_none":"Nichts",
    "replace_account_name":"Account-Namen mit Community-Namen ersetzen",
    "profile_links":"Zeige Profillinks zu",
    "library_header":"Bibliothek (BETA)",
    "tag":"Markieren",
    "icon":"Symbol",
    "name":"Name",
    "show_alternative_linux_icon":"Alternatives Linux-Symbol zeigen",
    "showcomparelinks":"\"Vergleichen der Errungenschaften\"-Links auf der Aktivitätsseite von Freunden anzeigen",
    "hidetmsymbols":"Marken- und Copyrightsymbole in Spieltiteln",
    "metacritic":"Zeige Metacritic-Benutzerbewertungen",
    "opencritic":"Opencritic.com-Informationen anzeigen",
    "hideactivelistings":"Standardmäßig alle aktiven Angebote im Markt ausblenden",
    "clear":"Bist du sicher das du alle Einstellungen zurücksetzen willst? Dies kann nicht rückgängig gemacht werden.",
    "profile_api_info":"Nutzer API Links in Profilen anzeigen",
    "coupon":"Spiele, für die ich einen Gutschein besitze",
    "show_package_info":"Paketinformationen für alle Anwendungen anzeigen",
    "wlbuttoncommunityapp":"\"Zur Wunschliste hinzufügen\"-Schaltfläche zu Community-Hub-Seiten hinzufügen",
    "removeguideslanguagefilter":"Guides nicht automatisch nach Sprache filtern",
    "disablelinkfilter":"Bestätigung bei Verweisen auf externe Seiten deaktivieren",
    "regional_price_on":"Regionalen Preisvergleich anzeigen",
    "cart":"Spiele in deinem Warenkorb",
    "friends_own":"Titel, die deine Freunde besitzen",
    "drm":"Warnung über DRMs von Dritten anzeigen",
    "profile_permalink":"Permalink in Profilen anzeigen",
    "show_regionwarning":"Warnung anzeigen, wenn ein regionaler Steam-Shop genutzt wird, der nicht dem Account entspricht",
    "foot_link":"Enhanced Steam Erweiterung",
    "profile_link_images":"Bilder zu Profil-Links anzeigen",
    "library":"Bibliothek Schaltfläche in der Kopfzeile anzeigen",
    "show1clickgoo":"\"Mit einem Klick zu Edelsteinen verarbeiten\"-Knopf bei anwendbaren Gegendständen anzeigen",
    "hidedlcunownedgames":"DLC für Spiele, die du nicht besitzt",
    "hltb":"Informationen von HowLongToBeat.com anzeigen",
    "hidespamcomments":"Keine Spam-Kommentare auf Workshop- und Profilseiten anzeigen",
    "hide_owned":"Titel, die du besitzt, in Suchergebnissen und Tag-Seiten",
    "reset":"Einstellungen zurücksetzen",
    "api_key":"API Schlüssel",
    "gift":"Spiele, die als Geschenk in meinem Inventar liegen",
    "show_sysreqcheck":"Schaltfläche, um Systemvoraussetzungen zu überprüfen, zu Spieleseiten hinzufügen (Experimentell!)",
    "es_bg":"Eigenen Hintergrund im \"Profil bearbeiten\"-Fenster einstellen",
    "regional_price_mouse":"wenn der Mauszeiger auf den Preis zeigt",
    "friends_rec":"Titel, zu denen deine Freunde Reviews geschrieben haben",
    "lowestprice_header":"Preisentwicklung",
    "total_spent":"Gesamtausgaben in den Accountdetails anzeigen",
    "add_wallet_balance":"Zeige Steam-Guthaben im Header",
    "add_to_cart_wishlist":"Zeige \"Zum Warenkorb hinzufügen\"-Knopf in Wunschlisten",
    "about_text":"<div class=\"header\">Über <a href='http://www.enhancedsteam.com'>Enhanced Steam</a>:</div><p>Enhanced Steam ist eine Erweiterung für Google Chrome, die der Steam-Webseite viele neue Funktionen hinzufügt.<p>Enthaltene Funktionen:<ul><li>Hervorheben von Spielen, die du bereits besitzt</li><li>Spiele, die sich auf deiner Wunschliste befinden, hervorheben</li><li>Korrektes Berechnen von Bundle-Preisnachlässen basierend auf bereits im Besitz befindlichen Titeln</li><li>Anzeigen deiner Gesamtausgaben auf Steam seit Bestehen deines Kontos</li><li>DLCs, die du bereits besitzt, auf Spieleseiten hervorheben</li><li>Korrektur von \"Kein Bild verfügbar\"-Spieleicons auf deiner Wunschliste</li><li>Warnhinweise, falls ein Spiel DRM-Maßnahmen von Dritten verwendet</li></ul><p>Bitte denk über eine kleine Spende nach, falls du diese Erweiterung nützlich findest.",
    "stores_all":"Alle Shops vergleichen",
    "show_early_access_text":"Early-Access-Banner anzeigen",
    "author_info":"von jshackles",
    "profile_link_images_gray":"Graustufen",
    "quickinv":"Zeige Schnellverkauf-Schaltflächen bei Steam-Community-Gegenständen im Inventar",
    "quickinv_diff":"Schnellverkauf-Modifikator:",
    "library_f2p":"Kostenlose Spiele und Demos die gespielt wurden in der Bibliothek anzeigen ",
    "inventory_market_text":"Marktpreise im Inventar anzeigen",
    "send_age_info":"Alter automatisch senden, wenn Altersbestätigung angefordert wird",
    "pcgw":"PCGamingWiki-Links anzeigen",
    "store_steamcards":"SteamCardExchange-Links auf Store-Seiten zeigen",
    "spamcommentregex":"Regulärer Ausdruck",
    "hide_owned_homepage":"Titel, die du besitzt, auf der Startseite",
    "saved_note":"Einstellungen gespeichert",
    "regional_hideworld":"Globus-Symbol nicht anzeigen",
    "show_astatslink":"AStats-Link auf Anwendungsseiten anzeigen",
    "showclient":"Steam-Client-Links anzeigen",
    "guest":"Spiele, die als Besucherpass in meinem Inventar liegen",
    "show_steamchart_info":"Informationen von SteamCharts.com anzeigen",
    "show_steamspy_info":"Steamspy.com-Infos anzeigen",
    "showallachievements":"Statistiken für Errungenschaften auf der \"Alle Spiele\"-Seite anzeigen",
    "lowestprice_onwishlist":"Auf der Wunschliste anzeigen",
    "steamrepapi":"SteamRep-Status auf Profilseiten anzeigen",
    "header":"Kopfzeile",
    "lowestprice":"Zeige",
    "group_events":"Events in der Gruppenübersicht anzeigen",
    "changelog":"Änderungshistorie",
    "owned":"Spiele in meinem Besitz",
    "steamdb":"SteamDB-Links anzeigen",
    "hide_early_access":"Early-Access-Spiele auf der Hauptseite, im Shop und in Suchergebnissen verbergen",
    "reset_note":"Einstellungen zurücksetzen",
    "html5video":"HTML5 anstatt Flash zur Videodarstellung nutzen",
    "profiles_link_group_game":"Spielexklusiv",
    "friends_wishlist":"Spiele, die von Freunden gewünscht werden",
    "showspeechsearch":"Spracheingabe bei Suchfeldern hinzufügen",
    "profile_link_images_color":"Farbig",
    "hide_about":"\"Über\"-Link nicht anzeigen",
    "show_empty_wishlist":"\"Wunschliste leeren\"-Schaltfläche anzeigen",
    "inventory_nav_text":"Erweiterte Navigation im Inventar anzeigen",
    "carousel_description":"Spielbeschreibungen im Karussell auf der Shop-Startseite anzeigen",
    "market_total":"Transaktionszusammenfassung im Markt anzeigen",
    "hide_install":"\"Steam installieren\"-Schaltfläche verbergen",
    "lowestprice_coupon":"Gutscheine in den Preisvergleich mit einbeziehen",
    "general":"Allgemeines",
    "market":"Markt",
    "inventory":"Inventar",
    "profile":"Profil",
    "show_languagewarning":"Warnung anzeigen, wenn eine andere Sprache dargestellt wird als",
    "homepage":"Startseite",
    "homepage_default_tab":"Standard-Startseiten-Tab",
    "homepage_default_tab_remember":"Letztes merken",
    "homepage_default_tab_newreleases":"Beliebte Neuheiten",
    "homepage_default_tab_allreleases":"Alle Neuerscheinungen",
    "homepage_default_tab_topsellers":"Topseller",
    "homepage_default_tab_upcoming":"Bald verfügbar",
    "homepage_default_tab_specials":"Angebote",
    "wishlist":"Spiele auf meiner Wunschliste",
    "add_another_region":"Hinzufügen",
    "skip_got_steam":"Fenster \"Ist Steam auf Ihrem Computer installiert?\" überspringen",
    "store_general_thirdparty":"Optionen für Informationen von Seiten von Dritten",
    "purchase_dates":"Kaufdatum auf Store-Seiten zeigen",
    "show_badge_progress":"Zeige Abzeichen-Fortschritt von Apps auf Shop-Seiten",
    "show_wishlist_link":"Wunschlisten-Link auf Profilen anzeigen",
    "show_wishlist_count":"Anzahl der Artikel auf Wunschliste zeigen",
    "lang":{
      "english":"Englisch",
      "brazilian":"Brasil. Portugiesisch",
      "bulgarian":"Bulgarisch",
      "czech":"Tschechisch",
      "danish":"Dänisch",
      "dutch":"Niederländisch",
      "finnish":"Finnisch",
      "french":"Französisch",
      "greek":"Griechisch",
      "german":"Deutsch",
      "hungarian":"Ungarisch",
      "italian":"Italienisch",
      "japanese":"Japanisch",
      "koreana":"Koreanisch",
      "norwegian":"Norwegisch",
      "polish":"Polnisch",
      "portuguese":"Portugiesisch",
      "russian":"Russisch",
      "romanian":"Rumänisch",
      "schinese":"Vereinfachtes Chinesisch",
      "spanish":"Spanisch",
      "swedish":"Schwedisch",
      "tchinese":"Traditionelles Chinesisch",
      "thai":"Thai",
      "turkish":"Türkisch",
      "ukrainian":"Ukrainisch"
    }
  },
  "ready":{
    "errormsg":"Fehler beim Laden von Enchanced Steam-Daten",
    "loading":"Enhanced Steam lädt Daten...",
    "ready":"Enchanced Steam ist bereit",
    "failed":"Eine oder mehrere Anfragen sind gescheitert"
  },
  "twitch":{
    "now_streaming":"__username__ ist live auf Twitch",
    "viewers":"Zuschauer",
    "followers":"Follower",
    "views":"Aufrufe"
  },
  "survey":{
    "performance_survey":"Leistungsumfrage",
    "users":"__users__ Benutzer haben die Leistungsumfrage für dieses Spiel abgeschlossen",
    "framerate":"Bildrate",
    "framerate_response":"antworteten mit der Bildrate",
    "framerate_30":"festgelegt auf 30 fps oder niedriger",
    "framerate_fi":"festgelegt höher als 30 fps",
    "framerate_va":"variabel, abhängig von der Hardware",
    "resolution":"Auflösung",
    "resolution_support":"Dieses Spiel unterstützt scheinbar",
    "resolution_less":"weniger als __pixels__ Auflösung",
    "resolution_up":"bis zu __pixels__ Auflösung",
    "graphics_settings":"Grafikeinstellungen",
    "satisfaction":"Leistungszufriedenheit nach GPU",
    "gs_y":"Hat Grafikeinstellungen oder Grafik-Menü eingebaut",
    "gs_n":"Hat weder Grafikeinstellungen noch Grafik-Menü eingebaut",
    "nobody":"Noch niemand hat die Leistungsumfrage für dieses Spiel abgeschlossen",
    "take":"Nimm an der Umfrage teil"
  },
  "select":{
    "wishlisted_dlc":"DLC von der Wunschliste auswählen",
    "none":"Keines Auswählen",
    "unowned_dlc":"DLC auswählen, den du noch nicht besitzt"
  },
  "tag":{
    "wishlist":"Wunschliste",
    "friends_own":"__friendcount__ besitzen",
    "coupon":"Gutschein",
    "friends_rec":"<a href=\"http://store.steampowered.com/recommended/byfriends/__appid__\">__friendcount__ Reviews von Freunden",
    "inv_gift":"Geschenk",
    "inv_guestpass":"Besucherpass",
    "owned":"Im Besitz",
    "notinterested":"Nicht interessiert",
    "friends_want":"<a href=\"http://steamcommunity.com/my/friendsthatplay/__appid__\">__friendcount__ mal gewünscht</a>"
  },
  "wallet":{
    "custom_amount":"Eigenen Betrag hinzufügen",
    "custom_amount_text":"Beliebigen Betrag über __minamount__ hinzufügen"
  },
  "wsgf":{
    "incomplete":"Unvollständig",
    "unsupported":"Diese Punktzahl wird Spielen verliehen, die keinerlei Unterstützung für __type__ haben. Es kann sein, dass das Spiel unspielbar in __type__ ist oder das Bild gestreckt wird, um den Bildschirm auszufüllen. Das korrekte Seitenverhältnis wird nicht beibehalten.",
    "gold":"Diese Medaille wird Spielen verliehen die eine perfekte Punktzahl von der WSGF für __type__ Unterstützung und __type__ erhalten haben.",
    "silver":"Diese Medaille wird Spielen verliehen die eine kalkulierte Stufe B für ihre __type__  unterstützung erhalten haben. Alle diese Spiele haben keine größeren Mängel aber ein oder mehere kleine Fehler haben verhindert das sie eine Perfekte Punktzahl erhalten haben.",
    "limited":"Diese Medaille wird Spielen verliehen die eine kalkulierte Stufe C für ihre __type__ unterstützung erhalten haben. Alle diese Spiele haben __type__ Unterstützung, leiden aber unter wesentlichen Problemen.",
    "certifications":"WSGF-Breitbild-Zertifizierungen"
  },
  "itad":{
    "option":"Menüoption zum Senden von Daten an IsThereAnyDeal.com anzeigen",
    "send_to_itad":"Spiele in deinem Besitz an IsThereAnyDeal senden",
    "sending":"Lade Spiele und Pakete in deinem Besitz und sende sie an IsThereAnyDeal.com"
  },
  "tradeoffer":{
    "num_item":"__num__ Gegenstand",
    "num_items":"__num__ Gegenstände"
  },
  "update":{
    "dont_show":"Nicht erneut zeigen",
    "updated":"Enhanced Steam wurde auf __version__ aktualisiert",
    "changes":"Diese Version enthält die folgenden Änderungen"
  },
  "register":{
    "success":"__gamename__ erfolgreich aktiviert",
    "owned":"Dieser Steam-Account besitzt bereits die in diesem Angebot enthaltenen Produkte.",
    "notavail":"Entschuldigung, aber dieses Produkt ist in Ihrem Land derzeit nicht zum Kauf verfügbar.  Ihr Produktschlüssel wurde nicht aktiviert.",
    "invalid":"Der von Ihnen eingegebene Produktschlüssel ist ungültig. Bitte überprüfen Sie, ob Sie den Produktschlüssel korrekt eingegeben haben.",
    "already":"Der eingegeben Produktschlüssel wurde bereits auf einem anderen Steam-Account aktiviert.",
    "dlc":"Um das Spiel mit dem eingegebenen Produktschlüssel zu aktivieren, müssen Sie ein weiteres Produkt besitzen.",
    "wallet":"Der von Ihnen eingelöste Schlüssel stammt von einer Steam-Geschenkkarte oder einer Steam-Guthabenkarte",
    "toomany":"Von diesem Account wurden kürzlich zu viele Aktivierungsversuche unternommen. Bitte warten Sie eine Weile, bevor Sie es erneut versuchen.",
    "default":"Ein unerwarteter Fehler ist aufgetreten. Ihr Produktschlüssel konnte nicht aktiviert werden. Bitte waren Sie 30 Minuten und versuchen Sie es dann erneut."
  }
}