{
    "": "None",
    "af": "Afghanistan",
    "al": "Albania",
    "dz": "Algeria",
    "as": "American Samoa",
    "ad": "Andorra",
    "ao": "Angola",
    "ai": "Anguilla",
    "ag": "Antigua and Barbuda",
    "ar": "Argentina",
    "am": "Armenia",
    "aw": "Aruba",
    "au": "Australia",
    "at": "Austria",
    "az": "Azerbaijan",
    "bs": "Bahamas",
    "bh": "Bahrain",
    "bd": "Bangladesh",
    "bb": "Barbados",
    "by": "Belarus",
    "be": "Belgium",
    "bz": "Belize",
    "bj": "Benin",
    "bm": "Bermuda",
    "bt": "Bhutan",
    "bo": "Bolivia",
    "ba": "Bosnia and Herzegovina",
    "bw": "Botswana",
    "bv": "Bouvet Island",
    "br": "Brazil",
    "io": "British Indian Ocean Territory",
    "vg": "British Virgin Islands",
    "bn": "Brunei",
    "bg": "Bulgaria",
    "bf": "Burkina Faso",
    "bi": "Burundi",
    "kh": "Cambodia",
    "cm": "Cameroon",
    "ca": "Canada",
    "cv": "Cape Verde",
    "ky": "Cayman Islands",
    "cf": "Central African Republic",
    "td": "Chad",
    "cl": "Chile",
    "cn": "China",
    "co": "Colombia",
    "km": "Comoros",
    "cg": "Congo - Brazzaville",
    "cd": "Congo - Kinshasa",
    "ck": "Cook Islands",
    "cr": "Costa Rica",
    "hr": "Croatia",
    "cu": "Cuba",
    "cy": "Cyprus",
    "cz": "Czech Republic",
    "ci": "Côte d’Ivoire",
    "dk": "Denmark",
    "dj": "Djibouti",
    "dm": "Dominica",
    "do": "Dominican Republic",
    "ec": "Ecuador",
    "eg": "Egypt",
    "sv": "El Salvador",
    "gq": "Equatorial Guinea",
    "er": "Eritrea",
    "ee": "Estonia",
    "et": "Ethiopia",
    "eu1": "European Union",
    "fk": "Falkland Islands",
    "fo": "Faroe Islands",
    "fj": "Fiji",
    "fi": "Finland",
    "fr": "France",
    "gf": "French Guiana",
    "pf": "French Polynesia",
    "tf": "French Southern Territories",
    "ga": "Gabon",
    "gm": "Gambia",
    "ge": "Georgia",
    "de": "Germany",
    "gh": "Ghana",
    "gi": "Gibraltar",
    "gr": "Greece",
    "gl": "Greenland",
    "gd": "Grenada",
    "gp": "Guadeloupe",
    "gu": "Guam",
    "gt": "Guatemala",
    "gg": "Guernsey",
    "gn": "Guinea",
    "gw": "Guinea-Bissau",
    "gy": "Guyana",
    "ht": "Haiti",
    "hm": "Heard Island and McDonald Islands",
    "hn": "Honduras",
    "hk": "Hong Kong SAR China",
    "hu": "Hungary",
    "is": "Iceland",
    "in": "India",
    "id": "Indonesia",
    "ir": "Iran",
    "iq": "Iraq",
    "ie": "Ireland",
    "im": "Isle of Man",
    "il": "Israel",
    "it": "Italy",
    "jm": "Jamaica",
    "jp": "Japan",
    "je": "Jersey",
    "jo": "Jordan",
    "kz": "Kazakhstan",
    "ke": "Kenya",
    "ki": "Kiribati",
    "kw": "Kuwait",
    "kg": "Kyrgyzstan",
    "la": "Laos",
    "lv": "Latvia",
    "lb": "Lebanon",
    "ls": "Lesotho",
    "lr": "Liberia",
    "ly": "Libya",
    "li": "Liechtenstein",
    "lt": "Lithuania",
    "lu": "Luxembourg",
    "mo": "Macau SAR China",
    "mk": "Macedonia",
    "mg": "Madagascar",
    "mw": "Malawi",
    "my": "Malaysia",
    "mv": "Maldives",
    "ml": "Mali",
    "mt": "Malta",
    "mh": "Marshall Islands",
    "mq": "Martinique",
    "mr": "Mauritania",
    "mu": "Mauritius",
    "yt": "Mayotte",
    "mx": "Mexico",
    "fm": "Micronesia",
    "md": "Moldova",
    "mc": "Monaco",
    "mn": "Mongolia",
    "ME": "Montenegro",
    "MS": "Montserrat",
    "MA": "Morocco",
    "MZ": "Mozambique",
    "MM": "Myanmar [Burma]",
    "NA": "Namibia",
    "NR": "Nauru",
    "NP": "Nepal",
    "NL": "Netherlands",
    "AN": "Netherlands Antilles",
    "NC": "New Caledonia",
    "NZ": "New Zealand",
    "NI": "Nicaragua",
    "NE": "Niger",
    "NG": "Nigeria",
    "NU": "Niue",
    "NF": "Norfolk Island",
    "KP": "North Korea",
    "MP": "Northern Mariana Islands",
    "NO": "Norway",
    "OM": "Oman",
    "PK": "Pakistan",
    "PW": "Palau",
    "PS": "Palestinian Territories",
    "PA": "Panama",
    "PG": "Papua New Guinea",
    "PY": "Paraguay",
    "PE": "Peru",
    "PH": "Philippines",
    "PN": "Pitcairn Islands",
    "PL": "Poland",
    "PT": "Portugal",
    "PR": "Puerto Rico",
    "QA": "Qatar",
    "RO": "Romania",
    "RU": "Russia",
    "RW": "Rwanda",
    "RE": "Réunion",
    "SH": "Saint Helena",
    "KN": "Saint Kitts and Nevis",
    "LC": "Saint Lucia",
    "PM": "Saint Pierre and Miquelon",
    "VC": "Saint Vincent and the Grenadines",
    "WS": "Samoa",
    "SM": "San Marino",
    "SA": "Saudi Arabia",
    "SN": "Senegal",
    "RS": "Serbia",
    "SC": "Seychelles",
    "SL": "Sierra Leone",
    "SG": "Singapore",
    "SK": "Slovakia",
    "SI": "Slovenia",
    "SB": "Solomon Islands",
    "SO": "Somalia",
    "ZA": "South Africa",
    "GS": "South Georgia",
    "KR": "South Korea",
    "ES": "Spain",
    "LK": "Sri Lanka",
    "SD": "Sudan",
    "SR": "Suriname",
    "SZ": "Swaziland",
    "SE": "Sweden",
    "CH": "Switzerland",
    "SY": "Syria",
    "ST": "São Tomé and Príncipe",
    "TW": "Taiwan",
    "TJ": "Tajikistan",
    "TZ": "Tanzania",
    "TH": "Thailand",
    "TL": "Timor-Leste",
    "TG": "Togo",
    "TK": "Tokelau",
    "TO": "Tonga",
    "TT": "Trinidad and Tobago",
    "TN": "Tunisia",
    "TR": "Turkey",
    "TM": "Turkmenistan",
    "TC": "Turks and Caicos Islands",
    "TV": "Tuvalu",
    "UM": "U.S. Minor Outlying Islands",
    "VI": "U.S. Virgin Islands",
    "UG": "Uganda",
    "UA": "Ukraine",
    "AE": "United Arab Emirates",
    "GB": "United Kingdom",
    "US": "United States",
    "UY": "Uruguay",
    "UZ": "Uzbekistan",
    "VU": "Vanuatu",
    "VA": "Vatican City",
    "VE": "Venezuela",
    "VN": "Vietnam",
    "WF": "Wallis and Futuna",
    "EH": "Western Sahara",
    "YE": "Yemen",
    "ZM": "Zambia",
    "ZW": "Zimbabwe"
}