{
    "post_history": "View post history",
    "add_nickname": "Add Nickname",
    "total_size": "Total Size",
    "dlc_details": "Downloadable Content Details",
    "badge_not_unlocked": "Not unlocked",
    "each": "Each",
    "view_in_market": "View in Community Market",
    "homepage_spotlight": "Spotlight",
    "official_group_url": "steamcommunity.com/groups/enhancedsteam",
    "remove": "Remove",
    "get_help": "Get Help",
    "add_selected_dlc_to_cart": "Add selected DLC to cart",
    "credits": "Credits",
    "store_transactions": "Store Purchases",
    "activates": "Activates on Steam",
    "games_coupon": "Games With Coupons",
    "all_friends_own": "All friends who own this (__friendcount__)",
    "translate": "Translate",
    "search_names_only": "Search in names only",
    "packs": "Packs",
    "remove_owned_wishlist": "Remove owned games from wishlist",
    "donate": "Donate",
    "close": "Close",
    "error": "An error occurred",
    "go": "Go",
    "activate": "Activate a product",
    "activate_multiple_header": "Enter product codes below, one per line",
    "activate_multiple": "Activate Multiple Products",
    "activate_products": "Activate products",
    "coupon_application_note": "A coupon in your inventory will be applied automatically at checkout.",
    "hide": "Hide",
    "cards_owned": "__owned__ of __possible__ cards owned",
    "common_label": "Hide games that you do not own",
    "birthday_message": "Happy Steam Birthday, __username__! Your Steam account is __age__ years old today.",
    "buying_total": "Buy order total",
    "allreleases_products": "Select the types of products that you wish to see in this section",
    "library_menu": "Library",
    "clear_cache": "Clear cached data",
    "events": "Events",
    "translation": "Translation",
    "lowest": "Lowest",
    "lowest_price": "Current Lowest Price",
    "view_badge_progress": "View badge progress",
    "badge_progress": "Badge Progress",
    "sales_total": "Sales total",
    "hold_total": "Total on hold",
    "view_normal_badge": "View Normal Badge Progress",
    "community_name_account_header": "__username__'s account",
    "apppage_sections": "Select the sections you would like to see on this page",
    "search_error": "Error loading more search results",
    "website": "Website",
    "games": "Games",
    "total_time": "Total Time",
    "dlc_suggest": "Suggest a new category",
    "badge_completion_cost": "Cost of completing badge",
    "loading": "Loading...",
    "selling": "Selling...",
    "quick_sell": "Quick Sell for __amount__",
    "instant_sell": "Instant Sell for __amount__",
    "starting_at": "Starting at",
    "hardwareads": "Hardware Advertising",
    "homepage_tabs": "Homepage Tabs",
    "store": "Store",
    "view_in": "View in",
    "drm_third_party": "Warning: This title uses 3rd-party DRM",
    "stores": "Stores",
    "game_transactions": "In-Game Purchases",
    "after_coupon": "after coupon code",
    "games_installed": "Installed Games",
    "hours_short": "__hours__ hrs",
    "faqs": "Frequently Asked Questions",
    "spam_comment_show": "__num__ spam comments hidden on this page.  Click here to show them.",
    "dlc": "Downloadable Content",
    "add_to_wishlist": "Add to your wishlist",
    "language": "Language",
    "theworddefault": "Default",
    "coupon_learn_more": "<a href=\"https://support.steampowered.com/kb_article.php?ref=4210-YIPC-0275\">Learn more</a> about Steam Coupons",
    "show": "Show",
    "badges_all": "All Badges",
    "comparison_mode": "Enable all game overview to see game comparison",
    "search": "Search",
    "es_supporter": "Enhanced Steam Supporter",
    "view_to_scale": "View to scale",
    "videos": "Videos / Trailers",
    "community": "Community",
    "dlc_data_header": "Downloadable Content Details",
    "graphics": "Graphics",
    "trading_cards": "Steam Trading Cards",
    "view_badge": "View Badge",
    "purchase_total": "Purchase total",
    "view_foil_badge": "View Foil Badge Progress",
    "view_astats": "View AStats Page",
    "apppage_purchase": "Purchase Options",
    "search_error_retry": "Click here to retry",
    "contribute": "Contribute (GitHub)",
    "reviews": "Reviews",
    "read_reviews": "Read Reviews",
    "read_more_reviews": "Read more reviews at",
    "size": "Size",
    "package_info": "Package info",
    "badge_completion_avg": "Avg cost of completion",
    "using_store": "You are using the Steam store for the __current__ region.",
    "volume_sold_last_24": "Volume: __sold__ sold in the last 24 hours",
    "sold_last_24": "__sold__ sold in the last 24 hours",
    "homepage_sidebar": "Sidebar",
    "drop_calc": "Click here to calculate drops remaining",
    "price": "Price",
    "view_marketplace": "View Marketplace",
    "market_transactions": "Market Transactions",
    "card_drops_remaining": "__drops__ card drops remaining",
    "badges_drops": "Badges With Card Drops Remaining",
    "using_language_return": "Click here to browse Steam in __base__.",
    "spam_comment_warn": "Here be dragons...",
    "guides": "Guides",
    "buy_wishlist": "Buy Wishlist",
    "highlight": "Highlight",
    "save": "Save",
    "not": "Not __tag__",
    "add_to_cart": "Add to Cart",
    "view": "View",
    "games_all": "All Games",
    "permalink": "Permalink",
    "game_name": "Game Name",
    "gift_transactions": "Gift Purchases",
    "demos": "Demos",
    "notinterested": "Items marked not interested",
    "mixed_item": "Mixed rating items",
    "negative_item": "Negative rating items",
    "price_above":"Items that cost more than",
    "price_above_tooltip":"Enter zero for free items or items without price tags; leave this field empty to disable this feature",
    "news": "News",
    "check_system": "Check Your System",
    "viewinclient": "View in Steam Client",
    "custom_background": "Custom Background",
    "custom_style": "Custom Theme",
    "custom_style_help": "All users of Enhanced Steam will see this theme on your profile.  Non-Enhanced Steam users will not see any theme changes made here.",
    "noneselected": "None Selected / No Change",
    "most_drops": "Most Drops",
    "badge_foil_progress": "View Foil Badge Progress",
    "net_gain": "Net gain",
    "apppage_legal": "Legal Information",
    "acrtag_msg": "Trading between certain regions has been disabled for this item",
    "bug_feature": "Report Bug / Suggest Feature",
    "always": "Always",
    "compare": "Compare",
    "discount": "Discount",
    "discountper": "Discount (Percentage)",
    "discountabs": "Discount (Amount)",
    "rating_details": "See rating details",
    "drops_worth_avg": "Worth Approximately",
    "using_store_return": "Click here to go back to the __base__ store.",
    "family_sharing_notice": "<b>Notice:</b> This game is excluded from Steam's Family Sharing service.",
    "valid": "Valid",
    "price_options": "Price options",
    "no_results_found": "No results found",
    "visit_store": "Visit Store Page",
    "all": "All",
    "total_spent": "Total Spent",
    "games_with_drops": "__dropsgames__ games with drops remaining",
    "binder_view": "Binder View",
    "view_stats": "View stats",
    "using_language": "You are browsing Steam in __current__.",
    "popular": "Popular",
    "visit_trade_forum": "Visit Trade Forum",
    "software": "Software",
    "purchase_date": "(Purchased __date__)",
    "custom_background_help": "All users of Enhanced Steam will see this background on your profile.  Non-Enhanced Steam users will see your regular profile background.",
    "date_unlocked": "Date Unlocked",
    "view_badge_foil": "View Foil Badge",
    "net_spent": "Net spent",
    "homepage_carousel": "Carousel",
    "acrtag_tooltip": "This item cannot be traded between regions if purchased in Eastern Europe, South America, or South-East Asia",
    "official_group": "Official Group",
    "saved": "Saved",
    "add_unowned_dlc_to_cart": "Add unowned DLC to cart",
    "buy": "Buy",
    "buy_package": "Buy __package__",
    "more_information": "More Information",
    "games_discount": "Games With Discounts",
    "region_unavailable": "Not available in this region",
    "item_type": "Item Type",
    "avg_price_3cards": "Average price of three trading cards",
    "mods": "Mods",
    "empty_wishlist": "Empty wishlist",
    "empty_wishlist_confirm": "Are you sure you want to empty your wishlist?\n\nThis action cannot be undone!",
    "empty_wishlist_loading": "Emptying your wishlist, please wait...",
    "about": "About",
    "never": "Never",
    "coupon_available": "You have a coupon available!",
    "info": "Info",
    "launch_random": "Launch Random Game",
    "play_game": "Play __gamename__?",
    "drops_value": "Highest Drop Value",
    "notcommon_label": "Hide games that you own",
    "show_all_steam_releases": "Show all Steam releases",
    "wishlist": "Wishlist",
    "on_wishlist": "On Wishlist",
    "notdiscounted": "Items not discounted",
    "cancel": "Cancel",
    "wiki_article": "View __pcgw__ Article",
    "view_all": "VIEW ALL",
    "programming": "Programming",
    "historical_low": "Historical Lowest Price",
    "games_with_booster": "__boostergames__ games eligible for booster packs",
    "sort_by": "Sort by:",
    "lastonline": "Last Online",
    "edit_price": "Edit Price",
    "relist": "Relist",
    "relist_an_item": "Relist an item",
    "relist_text": "Would you like to relist this item at a lower price?",
    "search_market": "Search Steam Community Market",
    "drm_third_party_sub": "Warning: One or more titles in this package use 3rd-party DRM",
    "customize": "Customize",
    "custom": "Custom",
    "bundle_saving_text": "Here's what you save by buying this bundle",
    "thewordoptions": "Options",
    "concepts": "Concepts",
    "collections": "Collections",
    "discussions": "Discussions",
    "add_wishlist_note": "Add a wishlist note",
    "update_wishlist_note": "Update wishlist note",
    "add_wishlist_note_prompt": "Enter your wishlist note",
    "update_wishlist_note_prompt": "Update your wishlist note",
    "results": "__num__ Results",
    "all_results": "All __num__ results displayed",
    "see_more": "See more",
    "lowest_price_format": "__price__ at __store__",
    "historical_low_format": "__price__ at __store__ on __date__",
    "favorited": "Favorited",
    "followed": "Followed",
    "leave_group_selected": "Leave Selected",
    "leave_group_all": "Leave All",
    "leave_group_all_confirm": "You are about to leave ALL GROUPS you belong to!\nAre you sure you want to continue?",
    "leave_group_admin_confirm": "You are Admin in this group: __groupname__\nAre you sure you want to leave?",
    "wrong_try_again": "Something went wrong. Please try again.",
    "join_group": "Join Group",
    "chat": "Chat",
    "web_browser_chat": "Web browser chat",
    "steam_client_chat": "Steam Client chat",
    "available": "Available",
    "set_as_background": "Set as Background",
    "preview_background": "Preview Background",
    "details": "Details",
    "expand_slider": "Expand slider",
    "contract_slider": "Contract slider",
    "early_access": "Early Access",
    "filter_games": "Filter games",
    "note_for": "Note for",
    "show_wishlist_total": "Show wishlist Total",
    "tag_short": "Use short tags to save space",
    "no_price_data": "No price data available",
    "exclude_tags": "Exclude tags",
    "user_score": "User Score",
    "user_reviews": "User reviews",
    "review_summary": "__percent__ of the __num__ user reviews for this game are positive.",
    "market_popular_items_toggle": "Toggle live updating for Popular Items",
    "achievements": {
        "option": "Show achievement completion on store pages",
        "achievements": "Achievements",
        "includes": "Includes __num__ Steam Achievements",
        "view_all": "View All Achievements"
    },
    "bundle": {
        "offer_ends": "Offer ends",
        "at_least": "Pay At Least",
        "pwyw": "Pay What You Want",
        "includes": "Includes __num__ items",
        "tier_includes": "__tier__ (__price__) includes __num__ items",
        "tier": "Tier __num__",
        "header": "Bundles that include this game",
        "info": "Bundle Info",
        "bundle_count": "Number of times this game has been in a bundle"
    },
    "charts": {
        "peakall": "all-time peak",
        "current": "Current Players",
        "playing_now": "playing now",
        "peaktoday": "today's peak"
    },
    "hltb": {
        "title": "How Long to Beat",
        "main_e": "Main Story and Extras",
        "compl": "Completionist",
        "submit": "Submit Your Time",
        "main": "Main Story",
        "no_data": "No data found",
        "help": "Click here to help",
        "wrong": "Wrong game?"
    },
    "library": {
        "in_library": "In Library",
        "error_loading_library": "Couldn't load your library.",
        "categories": "Categories...",
        "genres": "Genres...",
        "private_profile": "Change your profile status to public <a href='http://steamcommunity.com/my/edit/settings'>in your settings</a> to use this feature."
    },
    "spy": {
        "player_data": "Player Data",
        "owners": "Owners",
        "players_total": "Players total",
        "players_2weeks": "Players in the last two weeks",
        "average_playtime": "Average playtime",
        "average_playtime_2weeks": "Average playtime in the last two weeks",
        "formatted_time": "__hours__ hours, __minutes__ minutes"
    },
    "options": {
        "wsgf": "Show WSGF (Widescreen) info",
        "version_show": "Show change log when Enhanced Steam updates",
        "steamcardexchange": "Show SteamCardExchange links on badges",
        "regional_price": "Regional Price Comparison",
        "acrtag": "Show warnings on items where cross region trading is disabled",
        "excludef2p": "Exclude free to play games from highlighting",
        "contscroll": "Enable continuous scrolling of search results",
        "profile_link_images_none": "None",
        "replace_account_name": "Replace account name with community name",
        "profile_links": "Show profile links to",
        "library_header": "Library (BETA)",
        "tag": "Tag",
        "icon": "Icon",
        "name": "Name",
        "show_alternative_linux_icon": "Show alternative Linux icon",
        "showcomparelinks": "Show \"Compare\" links for achievements on friend activity feed",
        "hidetmsymbols": "Trademark and Copyright symbols in game titles",
        "metacritic": "Show Metacritic user scores",
        "opencritic": "Show Opencritic.com information",
        "hideactivelistings": "Hide all active listings on Market homepage by default",
        "clear": "Are you sure you wish to reset all options? This cannot be undone.",
        "profile_api_info": "Show user API link on profiles",
        "coupon": "Items with coupons",
        "show_package_info": "Show package info for all apps",
        "wlbuttoncommunityapp": "Show \"Add to Wishlist\" button on community app hubs",
        "removeguideslanguagefilter": "Don't automatically filter guides by user language",
        "disablelinkfilter": "Disable confirmation when accessing external sites",
        "regional_price_on": "Show regional price comparison",
        "cart": "Items in your cart",
        "friends_own": "Items your friends own",
        "drm": "Show 3rd-party DRM warnings",
        "profile_permalink": "Show permalink on profiles",
        "show_regionwarning": "Show warning if browsing in non-account region",
        "foot_link": "Enhanced Steam Extension",
        "profile_link_images": "Profile link images",
        "library": "Show Library button in header",
        "show1clickgoo": "Show \"1-Click turn into Gems...\" button on applicable inventory items",
        "hidedlcunownedgames": "DLC for games you do not own",
        "hltb": "Show HowLongToBeat.com information",
        "hidespamcomments": "Hide spam comments from Workshop & profiles",
        "hide_owned": "Items you own in search results and tag pages",
        "reset": "Reset options",
        "api_key": "API Key",
        "gift": "Items stored as gift",
        "show_sysreqcheck": "Show button to check system requirements on app pages (Experimental!)",
        "es_bg": "Set custom background on \"Edit Profile\" screen",
        "regional_price_mouse": "on Price Mouseover",
        "friends_rec": "Items your friends have reviewed",
        "lowestprice_header": "Price History Information",
        "total_spent": "Show total spent on account page",
        "add_to_cart_wishlist": "Show \"Add to Cart\" button on Wishlists",
        "about_text": "<div class=\"header\">About <a href='http://www.enhancedsteam.com'>Enhanced Steam</a>:</div><p>Enhanced Steam is an Extension for Google Chrome that adds many new features to the Steam website.<p>Features include:<ul><li>Highlighting games you already own</li><li>Highlighting games on your wishlist</li><li>Correctly calculating bundle discounts based on games you already own</li><li>Showing you how much money you've spent on Steam for the lifetime of your account</li><li>Highlighting DLC you own on a game page</li><li>Fixing \"No Image Available\" game icons on your wishlist for any game or DLC</li><li>Pointing out titles with 3rd-party DRM</li></ul><p>If you find this Extension useful, please consider donating.",
        "stores_all": "Compare all stores",
        "show_early_access_text": "Show Early Access image banners",
        "author_info": "by jshackles",
        "profile_link_images_gray": "Grayscale",
        "quickinv": "Show Quick Sale buttons on Steam Community items in inventory",
        "quickinv_diff": "Quick Sale modifier:",
        "library_f2p": "Show played free to play games and demos in library",
        "inventory_market_text": "Show Market price on inventory page",
        "send_age_info": "Automatically send age verification when requested",
        "pcgw": "Show PCGamingWiki links",
        "store_steamcards": "Show SteamCardExchange links on store pages",
        "spamcommentregex": "Regular Expression string:",
        "hide_owned_homepage": "Items you own on the homepage",
        "saved_note": "Options saved",
        "regional_hideworld": "Hide globe indicator",
        "show_astatslink": "Show AStats link on app pages",
        "showclient": "Show Steam Client links",
        "guest": "Items you have a guest pass for",
        "show_steamchart_info": "Show SteamCharts.com info",
        "show_steamspy_info": "Show steamspy.com info",
        "showallachievements": "Show achievement stats on \"All Games\" page",
        "lowestprice_onwishlist": "Show on Wishlist",
        "steamrepapi": "Show SteamRep status on profile pages",
        "header": "Header",
        "lowestprice": "Show",
        "group_events": "Show events on group overview",
        "changelog": "Changelog:",
        "owned": "Items you own",
        "steamdb": "Show SteamDB links",
        "hide_early_access": "Hide Early Access games on homepage, browse, and search pages",
        "reset_note": "Options reset",
        "html5video": "Show videos using HTML5 instead of Flash",
        "profiles_link_group_game": "Game exclusive",
        "friends_wishlist": "Items your friends have wishlisted",
        "showspeechsearch": "Add speech input to search boxes",
        "profile_link_images_color": "Colored",
        "hide_about": "Hide \"About\" link",
        "show_empty_wishlist": "Show \"Empty Wishlist\" button",
        "inventory_nav_text": "Show advanced navigation on inventory page",
        "carousel_description": "Show app descriptions on storefront carousel",
        "market_total": "Show transaction summary on Market",
        "hide_install": "Hide \"Install Steam\" button",
        "lowestprice_coupon": "Include coupon codes in price comparison",
        "general": "General",
        "market": "Market",
        "inventory": "Inventory",
        "profile": "Profile",
        "show_languagewarning": "Show warning if browsing in a language other than",
        "homepage": "Homepage",
        "homepage_default_tab": "Default homepage tab",
        "homepage_default_tab_remember": "Remember Previous",
        "homepage_default_tab_newreleases": "Popular New Releases",
        "homepage_default_tab_allreleases": "All New Releases",
        "homepage_default_tab_topsellers": "Top Sellers",
        "homepage_default_tab_upcoming": "Upcoming",
        "homepage_default_tab_specials": "Specials",
        "wishlist": "Items on your wishlist",
        "add_another_region": "Add",
        "skip_got_steam": "Skip the 'Got Steam?' window",
        "store_general_thirdparty": "Options for information from 3rd-party sites",
        "purchase_dates": "Show apps purchase date on store pages",
        "show_badge_progress": "Show apps badge progress on store pages",
        "show_wishlist_link": "Show a Wishlist link on profiles",
        "show_wishlist_count": "Show the number of items on Wishlist",
        "lang": {
            "english": "English",
            "brazilian": "Portuguese-Brazil",
            "bulgarian": "Bulgarian",
            "czech": "Czech",
            "danish": "Danish",
            "dutch": "Dutch",
            "finnish": "Finnish",
            "french": "French",
            "greek": "Greek",
            "german": "German",
            "hungarian": "Hungarian",
            "italian": "Italian",
            "japanese": "Japanese",
            "koreana": "Korean",
            "norwegian": "Norwegian",
            "polish": "Polish",
            "portuguese": "Portuguese",
            "russian": "Russian",
            "romanian": "Romanian",
            "schinese": "Simplified Chinese",
            "spanish": "Spanish",
            "swedish": "Swedish",
            "tchinese": "Traditional Chinese",
            "thai": "Thai",
            "turkish": "Turkish",
            "ukrainian": "Ukrainian"
        }
    },
    "ready": {
        "errormsg": "Error loading Enhanced Steam data",
        "loading": "Enhanced Steam loading data...",
        "ready": "Enhanced Steam ready",
        "failed": "One or more requests failed"
    },
    "twitch": {
        "now_streaming": "__username__ is live streaming on Twitch",
        "viewers": "Viewers",
        "followers": "Followers",
        "views": "Views"
    },
    "survey": {
        "performance_survey": "Performance Survey",
        "users": "__users__ users have completed the performance survey for this game",
        "framerate": "Framerate",
        "framerate_response": "responded that the framerate was",
        "framerate_30": "fixed at 30fps or lower",
        "framerate_fi": "fixed at higher than 30fps",
        "framerate_va": "variable, dependant on hardware",
        "resolution": "Resolution",
        "resolution_support": "This game appears to support",
        "resolution_less": "less than __pixels__ resolution",
        "resolution_up": "up to __pixels__ resolution",
        "graphics_settings": "Graphics Settings",
        "satisfaction": "Performance Satisfaction by GPU",
        "gs_y": "Has built-in graphic options or a graphics menu",
        "gs_n": "Does not have built-in graphic options or a graphics menu",
        "nobody": "Nobody has taken a performance survey for this game yet",
        "take": "Take The Survey"
    },
    "select": {
        "wishlisted_dlc": "Select Wishlisted DLC",
        "none": "Select None",
        "unowned_dlc": "Select Unowned DLC"
    },
    "tag": {
        "wishlist": "Wishlist",
        "friends_own": "__friendcount__ own",
        "coupon": "Coupon",
        "friends_rec": "<a href=\"http://store.steampowered.com/recommended/byfriends/__appid__\">__friendcount__ friends reviewed",
        "inv_gift": "Gift",
        "inv_guestpass": "Guestpass",
        "owned": "Owned",
        "notinterested": "Not Interested",
        "friends_want": "<a href=\"http://steamcommunity.com/my/friendsthatplay/__appid__\">__friendcount__ wish for</a>"
    },
    "wallet": {
        "custom_amount": "Add custom amount",
        "custom_amount_text": "Add any amount over __minamount__",
        "custom_giftcard_amount": "Select __input__ Custom Gift Card (any amount over __minamount__)"
    },
    "wsgf": {
        "incomplete": "Incomplete",
        "unsupported": "This score is awarded to games that have no __type__ support.  The game may be unplayable in __type__, or the image is stretched to fit the window.  Correct aspect ratio is not retained.",
        "gold": "This medal is awarded to games which have received perfect scores from the WSGF for their __type__ support, and are __type__ Certified.",
        "silver": "This medal is awarded to games that have received a calculated grade of B for their __type__ support.  All of these games are without major flaws, but have at least one blemish that prevents a perfect score.",
        "limited": "This score is awarded to games that have received a calculated grade of C for their __type__ support.  All of these games have some level of __type__ support but have significant issues.",
        "certifications": "WSGF Widescreen Certifications"
    },
    "itad": {
        "option": "Show menu option to sync data to IsThereAnyDeal.com",
        "send_to_itad": "Send owned games to IsThereAnyDeal",
        "sending": "Loading your owned games and packages and sending them to IsThereAnyDeal.com"
    },
    "tradeoffer": {
        "num_item": "__num__ item",
        "num_items": "__num__ items"
    },
    "update": {
        "dont_show": "Don't Show Again",
        "updated": "Enhanced Steam has been updated to __version__",
        "changes": "This release includes the following changes"
    },
    "register": {
        "success": "Successfully activated __gamename__",
        "owned": "This Steam account already owns the product(s) contained in this offer.",
        "notavail": "Sorry, but this product is not available for purchase in this country.  Your product key has not been redeemed.",
        "invalid": "The product code you've entered is not valid.  Please double check to see if you've mistyped your key.",
        "already": "The product code you've entered has already been activated by a different Steam account.",
        "dlc": "The product code you've entered requires ownership of another product before activation.",
        "wallet": "The code you have entered is from a Steam Gift Card or Steam Wallet Code",
        "toomany": "There have been too many recent activation attempts from this account.  Please wait and try again later.",
        "default": "An unexpected error occurred.  Your product code has not been redeemed.  Please wait 30 minutes and try redeeming the code again."
    }
}
