{
    "post_history": "Sprawdź historię wpisów",
    "add_nickname": "Dodaj pseudonim",
    "total_size": "Całkowity rozmiar",
    "dlc_details": "Szczegóły dot. DLC",
    "badge_not_unlocked": "Nieodblokowana",
    "each": "Każda",
    "view_in_market": "Pokaż na Rynku Społeczności",
    "homepage_spotlight": "Centrum uwagi",
    "official_group_url": "steamcommunity.com/groups/enhancedsteam",
    "remove": "Usuń",
    "get_help": "Pomoc",
    "add_selected_dlc_to_cart": "Dodaj zaznaczone DLC do koszyka",
    "credits": "Autorzy",
    "store_transactions": "Transakcje w sklepie",
    "activates": "Aktywuje się na Steam",
    "games_coupon": "Gry z kuponami",
    "all_friends_own": "Znajomi, którzy to posiadają (__friendcount__)",
    "translate": "Tłumaczenia",
    "search_names_only": "Szukaj tylko w nazwach",
    "packs": "Zestawy",
    "remove_owned_wishlist": "Usuń posiadane tytuły z listy źyczeń",
    "donate": "Dotacje",
    "close": "Zamknij",
    "error": "Wystąpił błąd",
    "go": "Przejdź dalej",
    "activate": "Aktywuj produkt",
    "activate_multiple_header": "Wprowadź klucze produktu poniżej (po jednym w wierszu)",
    "activate_multiple": "Aktywuj Kilka Produktów",
    "activate_products": "Aktywuj produkty",
    "coupon_application_note": "Kupon z Twojego ekwipunku zostanie użyty automatycznie.",
    "hide": "Ukryj",
    "cards_owned": "Posiadanych kart: __owned__ z __possible__",
    "common_label": "Ukryj gry, których nie posiadasz",
    "birthday_message": "Wszystkiego najlepszego, __username__! Twoje konto Steam dzisiaj świętuje __age__ lat.",
    "buying_total": "Wartość zleceń kupna",
    "allreleases_products": "Zaznacz rodzaje produktów, które chcesz zobaczyć w tej sekcji",
    "library_menu": "Biblioteka",
    "clear_cache": "Wyczyść pamięć podręczną",
    "events": "Wydarzenia",
    "translation": "Tłumaczenie",
    "lowest": "Najniższy",
    "lowest_price": "Aktualna najniższa cena",
    "view_badge_progress": "Pokaż postęp odznaki",
    "badge_progress": "Pokaż postęp odznaki",
    "sales_total": "Wartość sprzedaży",
    "hold_total": "Łącznie wstrzymano",
    "view_normal_badge": "Zobacz postęp normalnej odznaki.",
    "community_name_account_header": "Konto __username__",
    "apppage_sections": "Wybierz sekcje, które chcesz zobaczyć na tej stronie",
    "search_error": "Błąd ładowania kolejnych wyników wyszukiwania",
    "website": "Strona WWW",
    "games": "Gry",
    "total_time": "Całkowity czas",
    "dlc_suggest": "Zasugeruj nową kategorię",
    "badge_completion_cost": "Koszt wytworzenia odznaki",
    "loading": "Wczytywanie...",
    "selling": "Sprzedawanie...",
    "quick_sell": "Szybka Sprzedaż za __amount__",
    "instant_sell": "Natychmiastowa Sprzedaż za __amount__",
    "starting_at": "Rozpoczęcie:",
    "hardwareads": "Reklama Sprzętu",
    "homepage_tabs": "Zakładki strony domowej",
    "store": "Sklep",
    "view_in": "Pokaż w",
    "drm_third_party": "Uwaga! Ten tytuł zawiera zewnętrzny DRM",
    "stores": "Sklepy",
    "game_transactions": "Transakcje dot. gier",
    "after_coupon": "po użyciu kuponu",
    "games_installed": "Zainstalowane gry",
    "hours_short": "__hours__ godz.",
    "faqs": "Często zadawane pytania (FAQ)",
    "spam_comment_show": "Komentarzy ze spamem ukrytych na tej stronie: __num__. Kliknij tutaj, aby je pokazać.",
    "dlc": "DLC",
    "add_to_wishlist": "Dodaj do listy życzeń",
    "language": "Język",
    "theworddefault": "Domyślny",
    "coupon_learn_more": "<a href=\"https://support.steampowered.com/kb_article.php?ref=4210-YIPC-0275\">Dowiedz się więcej</a> o Kuponach Steam",
    "show": "Pokaż",
    "badges_all": "Wszystkie odznaki",
    "comparison_mode": "Włącz podgląd wszystkich gier, aby wyświetlić porównanie gier",
    "search": "Szukaj",
    "es_supporter": "Zwolennik Enhanced Steam",
    "view_to_scale": "Pokaż w skali",
    "videos": "Filmy / Zwiastuny",
    "community": "Społeczność",
    "dlc_data_header": "Szczegóły zawartości do pobrania",
    "graphics": "Grafika",
    "trading_cards": "Karty kolekcjonerskie Steam",
    "view_badge": "Pokaż odznakę",
    "purchase_total": "Wartość zakupów",
    "view_foil_badge": "Zobacz postęp odznaki foliowanej.",
    "view_astats": "Pokaż stronę AStats",
    "apppage_purchase": "Opcje kupowania",
    "search_error_retry": "Kliknij, aby spróbować ponownie",
    "contribute": "Kod źródłowy (GitHub)",
    "reviews": "Recenzje",
    "read_reviews": "Przeczytaj Recenzje",
    "read_more_reviews": "Przeczytaj więcej opinii",
    "size": "Rozmiar",
    "package_info": "Informacje o paczce",
    "badge_completion_avg": "Śr. koszt wytworzenia odznaki",
    "using_store": "Używasz sklepu Steam dla regionu __current__.",
    "volume_sold_last_24": "Nakład: Sprzedano __sold__ przez ostatnie 24 godziny",
    "sold_last_24": "Sprzedano przez ostatnie 24 godziny: __sold__",
    "homepage_sidebar": "Pasek boczny",
    "drop_calc": "Kliknij tutaj, aby obliczyć liczbę pozostałych losowych przedmiotów",
    "price": "Cena",
    "view_marketplace": "Pokaż rynek społeczności",
    "market_transactions": "Transakcje na rynku",
    "card_drops_remaining": "__drops__ kart do wygenerowania",
    "badges_drops": "Odznaki, które wygenerują karty",
    "using_language_return": "Kliknij tutaj, aby przeglądać Steam w __base__.",
    "spam_comment_warn": "Tu są smoki...",
    "guides": "Poradniki",
    "buy_wishlist": "Zakup całą listę życzeń",
    "highlight": "Zaznacz",
    "save": "Zapisz",
    "not": "Bez: __tag__",
    "add_to_cart": "Dodaj do koszyka",
    "view": "Wyświetl",
    "games_all": "Wszystkie gry",
    "permalink": "Link bezpośredni",
    "game_name": "Nazwa gry",
    "gift_transactions": "Transakcje podarunków",
    "demos": "Wersje demo",
    "notinterested": "Produkty oznaczone jako ignorowane",
    "mixed_item": "Elementy z oceną mieszaną",
    "negative_item": "Elementy z oceną negatywną",
    "price_above": "Elementy które kosztują więcej niż",
    "price_above_tooltip": "Wprowadź zero dla bezpłatnych pozycji lub elementów bez tagów cenowych; pozostaw to pole puste, aby wyłączyć tę funkcję",
    "news": "Aktualności",
    "check_system": "Sprawdź swój system",
    "viewinclient": "Pokaż w kliencie Steam",
    "custom_background": "Własne tło",
    "custom_style": "Motyw Niestandardowy",
    "custom_style_help": "Wszyscy użytkownicy Enhanced Steam zobaczą ten motyw na twoim profilu. Użytkownicy bez Enhanced Steam nie zobaczą żadnej zmiany.",
    "noneselected": "Brak Wyboru / Bez Zmian",
    "most_drops": "Liczba kart do uzyskania",
    "badge_foil_progress": "Pokaż postęp foliowanej odznaki",
    "net_gain": "Dochód",
    "apppage_legal": "Informacje prawne",
    "acrtag_msg": "Wymiana pomiędzy niektórymi regionami została wyłączona dla tego przedmiotu.",
    "bug_feature": "Zgłoś błąd / zasugeruj funkcję",
    "always": "Zawsze",
    "compare": "Porównaj",
    "discount": "Zniżka",
    "discountper": "Rabat (w procentach)",
    "discountabs": "Rabat (suma)",
    "rating_details": "Zobacz informacje o ocenach",
    "drops_worth_avg": "Szacowana wartość",
    "using_store_return": "Kliknij tutaj, aby powrócić do sklepu __base__.",
    "family_sharing_notice": "<b>Uwaga:</b> Ta gra nie jest dostępna przez usługę udostępniania gier Steam.",
    "valid": "Prawidłowe",
    "price_options": "Opcje cenowe",
    "no_results_found": "Brak wyników wyszukiwania",
    "visit_store": "Pokaż stronę w sklepie",
    "all": "Wszystkie",
    "total_spent": "Łącznie wydano",
    "games_with_drops": "__dropsgames__ gier z kartami do pozyskania",
    "binder_view": "Widok skoroszytu",
    "view_stats": "Zobacz statystyki",
    "using_language": "Aktualnie przeglądasz Steam w __current__.",
    "popular": "Popularne",
    "visit_trade_forum": "Odwiedź forum handlu",
    "software": "Programy",
    "purchase_date": "(Zakupiono: __date__)",
    "custom_background_help": "Wszyscy użytkownicy Enhanced Steam zobaczą to tło w twoim profilu. Pozostali zobaczą zwykle tło profilu.",
    "date_unlocked": "Data odblokowania",
    "view_badge_foil": "Pokaż foliowaną odznakę",
    "net_spent": "Strata",
    "homepage_carousel": "Karuzela",
    "acrtag_tooltip": "Ten przedmiot nie może być wymieniany pomiędzy regionami, jeśli został zakupiony w Europie Wschodniej, Ameryce Południowej lub Azji Południowo-Wschodniej",
    "official_group": "Oficjalna grupa",
    "saved": "Zapisane",
    "add_unowned_dlc_to_cart": "Dodaj nieposiadane DLC do koszyka",
    "buy": "Kup",
    "buy_package": "Kup __package__",
    "more_information": "Więcej informacji",
    "games_discount": "Gry ze zniżkami",
    "region_unavailable": "Niedostępne w tym regionie",
    "item_type": "Typ",
    "avg_price_3cards": "Śr. cena 3 kart kolekcjonerskich",
    "mods": "Modyfikacje",
    "empty_wishlist": "Wyczyść listę życzeń.",
    "empty_wishlist_confirm": "Czy na pewno chcesz opróżnić swoją listę życzeń?\n\nTej akcji nie można cofnąć!",
    "empty_wishlist_loading": "Czyszczenie twojej listy życzeń, proszę czekać...",
    "about": "O dodatku",
    "never": "Nigdy",
    "coupon_available": "Masz kupon do wykorzystania!",
    "info": "Informacje",
    "launch_random": "Uruchom losową grę",
    "play_game": "Zagraj w __gamename__?",
    "drops_value": "Najwyższa wartość kart",
    "notcommon_label": "Ukryj posiadane gry",
    "show_all_steam_releases": "Pokaż wszystkie gry wydane na Steam",
    "wishlist": "Lista życzeń",
    "on_wishlist": "Na liście życzeń",
    "notdiscounted": "Produkty, które nie są przecenione",
    "cancel": "Anuluj",
    "wiki_article": "Pokaż artykuł na __pcgw__",
    "view_all": "POKAŻ WSZYSTKO",
    "programming": "Programowanie",
    "historical_low": "Najniższa historyczna cena",
    "games_with_booster": "__boostergames__ gier może wygenerować pakiety kart",
    "sort_by": "Sortuj wg:",
    "lastonline": "Ostatnio online",
    "edit_price": "Edytuj cenę",
    "relist": "Wystaw ponownie",
    "relist_an_item": "Wystaw przedmiot ponownie",
    "relist_text": "Czy chcesz ponownie wystawić ten przedmiot w niższej cenie?",
    "search_market": "Przeszukaj rynek Społeczności Steam",
    "drm_third_party_sub": "Uwaga: Jeden lub więcej tytułów w tym pakiecie używa zewnętrznego DRM",
    "customize": "Dostosuj",
    "custom": "Niestandardowe",
    "bundle_saving_text": "Tyle zaoszczędzisz, kupując ten zestaw",
    "thewordoptions": "Opcje",
    "concepts": "Koncepcje",
    "collections": "Kolekcje",
    "discussions": "Dyskusje",
    "add_wishlist_note": "Dodaj notatkę listy życzeń",
    "update_wishlist_note": "Zaktualizuj notatkę listy życzeń",
    "add_wishlist_note_prompt": "Wpisz swoją notatkę listy życzeń",
    "update_wishlist_note_prompt": "Zaktualizuj swoją notatkę listy życzeń",
    "results": "__num__ Wyniki",
    "all_results": "Wszystkie wyniki __num__ wyświetlone",
    "see_more": "Więcej",
    "lowest_price_format": "__price__ w __store__",
    "historical_low_format": "__price__ w __store__ dnia __date__",
    "favorited": "Ulubione",
    "followed": "Następnie",
    "leave_group_selected": "Opuść wybrane",
    "leave_group_all": "Opuść wszystkie",
    "leave_group_all_confirm": "Opuścisz WSZYSTKIE grupy do których należysz!\nChcesz kontynuować?",
    "leave_group_admin_confirm": "Jesteś administratorem w grupie: __groupname__\nNa pewno chcesz ją opuścić?",
    "wrong_try_again": "Coś poszło nie tak. Spróbuj ponownie.",
    "join_group": "Dołącz do grupy",
    "chat": "Chat",
    "web_browser_chat": "Przeglądarkowy chat",
    "steam_client_chat": "Steamowy chat",
    "available": "Dostępne",
    "set_as_background": "Ustaw jako tło",
    "preview_background": "Pokaż tło",
    "details": "Szczegóły",
    "expand_slider": "Rozwiń suwak",
    "contract_slider": "Zwiń suwak",
    "early_access": "Wczesny dostęp",
    "filter_games": "Filter gier",
    "note_for": "Notatka dla",
    "show_wishlist_total": "Pokaż listę życzeń",
    "tag_short": "Użyj krótkich tagów aby zaoszczędzić miejsce",
    "no_price_data": "Brak dostępnych informacji o cenie",
    "exclude_tags": "Wyklucz tagi",
    "user_score": "Ocena Użytkowników",
    "user_reviews": "Recenzje użytkowników",
    "review_summary": "__percent__ z __num__ recenzji dla tej gry są pozytywne.",
    "market_popular_items_toggle": "Włącz lub wyłącz aktualizacje w czasie rzeczywistym dla popularnych elementów",
    "achievements": {
        "option": "Pokaż osiągnięcia na stronach sklepu",
        "achievements": "Osiągnięcia",
        "includes": "Zawiera __num__ osiągnięć Steam",
        "view_all": "Pokaż wszystkie osiągnięcia"
    },
    "bundle": {
        "offer_ends": "Koniec oferty:",
        "at_least": "Zapłać przynajmniej",
        "pwyw": "Zapłać ile chcesz",
        "includes": "Zawiera (__num__) tytułów",
        "tier_includes": "__tier__ (__price__) zawiera __num__ elementy",
        "tier": "Poziom __num__",
        "header": "Pakiety zawierające tę grę",
        "info": "Informacja o pakietach",
        "bundle_count": "Liczba wystąpień gry w pakietach"
    },
    "charts": {
        "peakall": "Historyczne maksimum",
        "current": "Aktualna liczba graczy",
        "playing_now": "aktualnych graczy",
        "peaktoday": "Dzisiejsze maksimum"
    },
    "hltb": {
        "title": "Ile zajmie przejście gry",
        "main_e": "Główny wątek i dodatki",
        "compl": "Kompletne ukończenie",
        "submit": "Podaj swój czas",
        "main": "Główny wątek",
        "no_data": "Nie odnaleziono danych",
        "help": "Kliknij tutaj, aby uzyskać pomoc",
        "wrong": "Niewłaściwa gra?"
    },
    "library": {
        "in_library": "W bibliotece",
        "error_loading_library": "Wystąpił błąd w trakcie ładowania twojej biblioteki.",
        "categories": "Kategorie...",
        "genres": "Gatunki...",
        "private_profile": "Zmień status swojego profilu na publiczny <a href='http://steamcommunity.com/my/edit/settings'>w ustawieniach</a>, aby skorzystać z tej opcji."
    },
    "spy": {
        "player_data": "Informacje o graczach",
        "owners": "Posiadaczy",
        "players_total": "Łącznie graczy",
        "players_2weeks": "Graczy w ciągu ostatnich 2 tygodni",
        "average_playtime": "Przeciętny czas gry",
        "average_playtime_2weeks": "Przeciętny czas gry w ciągu ostatnich 2 tygodni",
        "formatted_time": "__hours__ godz., __minutes__ min"
    },
    "options": {
        "wsgf": "Pokaż informacje z WSGF (dot. ekranów panoramicznych)",
        "version_show": "Pokaż dziennik zmian po aktualizacji Enhanced Steam",
        "steamcardexchange": "Pokaż linki do SteamCardExchange na odznakach",
        "regional_price": "Porównanie cen regionalnych",
        "acrtag": "Pokaż ostrzeżenia dla przedmiotów, dla których wymiana pomiędzy regionami jest wyłączona",
        "excludef2p": "Nie podświetlaj gier Free to Play",
        "contscroll": "Włącz ciągłe przewijanie wyników wyszukiwania",
        "profile_link_images_none": "Brak",
        "replace_account_name": "Użyj nazwy społecznościowej zamiast nazwy konta",
        "profile_links": "Pokaż linki do profili:",
        "library_header": "Biblioteka (BETA)",
        "tag": "Etykieta",
        "icon": "Ikona",
        "name": "Nazwa",
        "show_alternative_linux_icon": "Pokaż alternatywną ikonę Linux",
        "showcomparelinks": "Pokaż linki do porównywania osiągnięć w centrum aktywności znajomego",
        "hidetmsymbols": "Symbole praw autorskich i znaków towarowych w tytułach gier",
        "metacritic": "Pokaż ocenę użytkowników Metacritic",
        "opencritic": "Pokaż informacje z Opencritic.com",
        "hideactivelistings": "Ukryj domyślnie moje aktywne przedmioty na stronie rynku",
        "clear": "Czy na pewno chcesz zresetować wszystkie ustawienia? Tej operacji nie można cofnąć.",
        "profile_api_info": "Pokazuj link API użytkowników na ich profilach",
        "coupon": "Tytuły z kuponami",
        "show_package_info": "Pokaż informacje o paczkach dla wszystkich aplikacji",
        "wlbuttoncommunityapp": "Pokaż przycisk „Dodaj do listy życzeń” na stronach społeczności",
        "removeguideslanguagefilter": "Nie filtruj automatycznie poradników po języku użytkownika",
        "disablelinkfilter": "Wyłącz potwierdzenia podczas przechodzenia na zewnętrzne witryny",
        "regional_price_on": "Pokaż porównanie cen regionalnych",
        "cart": "Rzeczy w koszyku",
        "friends_own": "Tytuły posiadane przez znajomych",
        "drm": "Pokaż ostrzeżenia o DRM firm trzecich",
        "profile_permalink": "Pokazuj permalinki w profilach",
        "show_regionwarning": "Pokaż ostrzeżenie, jeśli przeglądasz region niewłaściwy dla Twojego konta",
        "foot_link": "Rozszerzenie Enhanced Steam",
        "profile_link_images": "Graficzne linki w profilu",
        "library": "Pokaż przycisk „Biblioteka” w nagłówku",
        "show1clickgoo": "Pokaż przycisk \"Kliknij raz, by zmienić w klejnoty\" na odpowiednich przedmiotach z ekwipunku",
        "hidedlcunownedgames": "DLC do nieposiadanych gier",
        "hltb": "Pokaż informacje z HowLongToBeat.com",
        "hidespamcomments": "Ukryj spam w komentarzach na stronach Warsztatu i profilach",
        "hide_owned": "Posiadane przedmioty na stronach wyników wyszukiwania i tagach",
        "reset": "Resetuj ustawienia",
        "api_key": "Klucz API",
        "gift": "Tytuły w postaci prezentów",
        "show_sysreqcheck": "Pokaż przycisk sprawdzania wymagań systemowych na stronach aplikacji (eksperymentalne!)",
        "es_bg": "Ustaw własne tło na ekranie \"Edytuj profil\"",
        "regional_price_mouse": "Po najechaniu kursorem",
        "friends_rec": "Tytuły polecane przez znajomych",
        "lowestprice_header": "Informacje o historii cen",
        "total_spent": "Pokaż \"W sumie wydano:\" na stronie konta",
        "add_wallet_balance": "Pokaż fundusze Portfela Steam w nagłówku",
        "add_to_cart_wishlist": "Pokaż przycisk \"Dodaj do koszyka\" na liście życzeń",
        "about_text": "O <a href='http://www.enhancedsteam.com'>Enhanced Steam</a>:<p>Enhanced Steam to rozszerzenie dla Google Chrome, które dodaje wiele usprawnień do strony Steam.<p>Wybrane możliwości:<ul><li>Podświetlanie posiadanych gier</li><li>Podświetlanie gier z listy życzeń</li><li>Prawidłowe obliczanie zniżek pakietów na podstawie posiadanych gier</li><li>Pokazywanie kwoty wydanej na Steam od założenia konta</li><li>Podświetlanie posiadanych DLC na stronie gry</li><li>Poprawka błędu \"Brak obrazu\" dla gier i DLC</li><li>Ostrzeganie o dodatkowych DRM</li></ul><p>Jeśli uważasz to rozszerzenie za przydatne, rozważ możliwość dotacji.",
        "stores_all": "Porównaj wszystkie sklepy",
        "show_early_access_text": "Pokaż banery wczesnego dostępu",
        "author_info": "Autor: jshackles",
        "profile_link_images_gray": "Szare",
        "quickinv": "Pokaż przyciski szybkiej sprzedaży na przedmiotach Społeczności Steam w ekwipunku",
        "quickinv_diff": "Modyfikator szybkiej sprzedaży:",
        "library_f2p": "Pokaż w bibliotece uruchamiane gry Free to Play i dema",
        "inventory_market_text": "Pokaż ceny z rynku na stronie ekwipunku",
        "send_age_info": "Podaj automatycznie wiek na żądanie",
        "pcgw": "Pokaż linki do PCGamingWiki",
        "store_steamcards": "Pokaż linki SteamCardExchange na stronach Sklepu",
        "spamcommentregex": "Łańcuch wyrażenia regularnego:",
        "hide_owned_homepage": "Posiadane przedmioty na stronie głównej",
        "saved_note": "Opcje zapisano",
        "regional_hideworld": "Ukryj wyznacznik globusa",
        "show_astatslink": "Pokaż link do AStats na stronach aplikacji",
        "showclient": "Pokaż linki klienta Steam",
        "guest": "Tytuły w postaci kluczy tymczasowych",
        "show_steamchart_info": "Pokaż informacje z SteamCharts.com",
        "show_steamspy_info": "Pokaż informacje ze steamspy.info",
        "showallachievements": "Pokaż statystyki osiągnięć na stronie \"Wszystkie gry\"",
        "lowestprice_onwishlist": "Pokaż na liście życzeń",
        "steamrepapi": "Pokaż status SteamRep na stronach profilowych",
        "header": "Nagłówek",
        "lowestprice": "Pokaż",
        "group_events": "Pokaż wydarzenia w informacjach o grupie",
        "changelog": "Lista zmian:",
        "owned": "Posiadane tytuły",
        "steamdb": "Pokaż linki do SteamDB",
        "hide_early_access": "Ukryj gry ze wczesnym dostępem na stronie głównej, przeglądaniu i wynikach wyszukiwania",
        "reset_note": "Opcje zresetowano",
        "html5video": "Pokazuj filmy używając HTML5 zamiast Flash",
        "profiles_link_group_game": "Gra na wyłączność",
        "friends_wishlist": "Tytuły z listy życzeń znajomych",
        "showspeechsearch": "Włącz głosowe uzupełnianie pól wyszukiwania",
        "profile_link_images_color": "Kolorowe",
        "hide_about": "Ukryj link \"O Steam\"",
        "show_empty_wishlist": "Pokaż przycisk \"Wyczyść listę życzeń\"",
        "inventory_nav_text": "Pokaż zaawansowane opcje nawigacji na stronie ekwipunku",
        "carousel_description": "Pokaż opisy na karuzeli sklepu Steam",
        "market_total": "Pokaż podsumowanie transakcji na rynku",
        "hide_install": "Ukryj przycisk \"Zainstaluj Steam\"",
        "lowestprice_coupon": "Uwzględnij kody rabatowe w porównaniu cen",
        "general": "Ogólne",
        "market": "Rynek",
        "inventory": "Ekwipunek",
        "profile": "Profil",
        "show_languagewarning": "Pokaż ostrzeżenie, gdy Steam przeglądany jest w innym języku niż",
        "homepage": "Strona główna",
        "homepage_default_tab": "Domyślna karta strony głównej",
        "homepage_default_tab_remember": "Zapamiętaj poprzednią",
        "homepage_default_tab_newreleases": "Popularne nowe premiery",
        "homepage_default_tab_allreleases": "Wszystkie nowe premiery",
        "homepage_default_tab_topsellers": "Bestsellery",
        "homepage_default_tab_upcoming": "Nadchodzące",
        "homepage_default_tab_specials": "Promocje",
        "wishlist": "Tytuły na liście życzeń",
        "add_another_region": "Dodaj",
        "skip_got_steam": "Pomiń okno \"Masz Steama?\"",
        "store_general_thirdparty": "Opcja do uzyskiwania informacji ze stron zewnętrznych",
        "purchase_dates": "Pokaż datę zakupu aplikacji na stronach Sklepu",
        "show_badge_progress": "Pokaż postęp odznaki na stronie sklepu",
        "show_wishlist_link": "Pokazuj link do listy życzeń na profilach",
        "show_wishlist_count": "Pokaż liczbę rzeczy na liście życzeń",
        "lang": {
            "english": "Angielski",
            "brazilian": "Portugalski Brazylia",
            "bulgarian": "Bułgarski",
            "czech": "Czeski",
            "danish": "Duński",
            "dutch": "Holenderski",
            "finnish": "Fiński",
            "french": "Francuski",
            "greek": "Grecki",
            "german": "Niemiecki",
            "hungarian": "Węgierski",
            "italian": "Włoski",
            "japanese": "Japoński",
            "koreana": "Koreański",
            "norwegian": "Norweski",
            "polish": "Polski",
            "portuguese": "Portugalski",
            "russian": "Rosyjski",
            "romanian": "Rumuński",
            "schinese": "Chiński uproszczony",
            "spanish": "Hiszpański",
            "swedish": "Szwedzki",
            "tchinese": "Chiński tradycyjny",
            "thai": "Tajski",
            "turkish": "Turecki",
            "ukrainian": "Ukraiński"
        }
    },
    "ready": {
        "errormsg": "Błąd wczytywania danych Enhanced Steam",
        "loading": "Wczytywanie danych Enhanced Steam...",
        "ready": "Enhanced Steam jest gotowy",
        "failed": "Jedno lub więcej żądań nie powiodło się"
    },
    "twitch": {
        "now_streaming": "__username__ streamuje teraz na Twitchu",
        "viewers": "Widzowie",
        "followers": "Followerzy",
        "views": "Wyświetlenia"
    },
    "survey": {
        "performance_survey": "Badanie wydajności",
        "users": "__users__ użytkowników ukończyło badanie wydajności tej gry",
        "framerate": "Ilość klatek na sekundę",
        "framerate_response": "odpowiedziało, że framerate był",
        "framerate_30": "zafiksowane na 30 kl/s lub mniej",
        "framerate_fi": "zafiksowane na ponad 30 kl/s",
        "framerate_va": "zmienny, zależny od sprzętu",
        "resolution": "Rozdzielczość",
        "resolution_support": "Ta gra wspiera",
        "resolution_less": "rozdzielczości poniżej __pixels__",
        "resolution_up": "rozdzielczość do __pixels__",
        "graphics_settings": "Ustawienia graficzne",
        "satisfaction": "Satysfakcja z wydajności GPU",
        "gs_y": "Posiada wbudowane opcje graficzne bądź graficzne menu",
        "gs_n": "Nie posiada wbudowanych opcji graficznych bądź graficznego menu",
        "nobody": "Jeszcze nikt nie podjął się badania wydajności tej gry",
        "take": "Weź udział w ankiecie"
    },
    "select": {
        "wishlisted_dlc": "Zaznacz DLC z listy życzeń",
        "none": "Odznacz wszystkie",
        "unowned_dlc": "Zaznacz nieposiadane DLC"
    },
    "tag": {
        "wishlist": "Lista życzeń",
        "friends_own": "__friendcount__ posiada tę grę",
        "coupon": "Kupon",
        "friends_rec": "<a href=\"http://store.steampowered.com/recommended/byfriends/__appid__>__friendcount__ znajomych poleca tę grę</a>",
        "inv_gift": "Prezent",
        "inv_guestpass": "Klucz tymczasowy",
        "owned": "Posiadane",
        "notinterested": "Nie zainteresowany",
        "friends_want": "<a href=\"http://steamcommunity.com/my/friendsthatplay/__appid__\">__friendcount__ chce tę grę</a>"
    },
    "wallet": {
        "custom_amount": "Dodaj własną kwotę",
        "custom_amount_text": "Dodaj kwotę przekraczającą __minamount__"
    },
    "wsgf": {
        "incomplete": "Niekompletne",
        "unsupported": "Taki wynik otrzymują gry nieposiadające wsparcia __type__.  Taka gra może nie nadawać się do gry w __type__ albo obraz może zostać rozciągnięty tak, by pasował do ekranu.  Właściwe proporcje obrazu nie są zachowane.",
        "gold": "Taki wynik otrzymują gry, których wsparcie __type__ uzyskało od WSGF ocenę doskonałą, co potwierdza Certyfikat __type__.",
        "silver": "Taki wynik otrzymują gry, których wsparcie __type__ uzyskało ocenę B.  Takie gry nie wykazują znacznych problemów, ale mają przynajmniej jedną skazę uniemożliwiającą uznanie wsparcia __type__ za doskonałe.",
        "limited": "Taki wynik otrzymują gry, których wsparcie __type__ uzyskało ocenę C.  Takie gry wykazują pewien stopień wsparcia __type__, ale napotyka się istotne problemy.",
        "certifications": "Certyfikaty panoramiczne WSGF"
    },
    "itad": {
        "option": "Pokaż opcje synchronizacji danych z IsThereAnyDeal.com",
        "send_to_itad": "Wyślij gry z biblioteki do IsThereAnyDeal",
        "sending": "Wczytywanie pakietów i gier z Twojej biblioteki, i wysyłanie ich do IsThereAnyDeal.com"
    },
    "tradeoffer": {
        "num_item": "__num__ przedmiot",
        "num_items": "__num__ przedmioty"
    },
    "update": {
        "dont_show": "Nie pokazuj ponownie",
        "updated": "Enhanced Steam został zaktualizowany do wersji __version__",
        "changes": "To wydanie zawiera następujące zmiany"
    },
    "register": {
        "success": "Pomyślnie aktywowano __gamename__",
        "owned": "To konto Steam już posiada produkt(y) z tej oferty.",
        "notavail": "Przepraszamy, ale zakupienie tego produktu nie jest możliwe w tym kraju. Twój klucz produktu nie został wykorzystany.",
        "invalid": "Podany klucz produktu jest niepoprawny. Sprawdź, czy wszystkie znaki zostały poprawnie wpisane.",
        "already": "Podany klucz produktu został już aktywowany na innym koncie Steam.",
        "dlc": "Wprowadzony klucz produktu wymaga posiadania innego produktu w celu umożliwienia aktywacji.",
        "wallet": "Wprowadzony kod pochodzi z karty podarunkowej Steam lub kodu Portfela Steam.",
        "toomany": "Odnotowaliśmy zbyt wiele prób aktywacji z tego konta w ostatnim czasie. Spróbuj użyć swojego klucza produktu później.",
        "default": "Wystąpił nieoczekiwany błąd. Twój klucz produktu nie został wykorzystany. Poczekaj 30 minut i spróbuj aktywować klucz ponownie."
    }
}