{
  "post_history":"Vis innleggshistorie",
  "add_nickname":"Legg til kallenavn",
  "total_size":"Total størrelse",
  "dlc_details":"Detaljer om nedlastbart innhold",
  "badge_not_unlocked":"Ikke låst opp",
  "each":"Hver",
  "view_in_market":"Vis i samfunnsmarked",
  "homepage_spotlight":"Søkelys",
  "official_group_url":"steamcommunity.com/groups/enhancedsteam",
  "remove":"Fjern",
  "get_help":"Få hjelp",
  "add_selected_dlc_to_cart":"Legg valgte DLC i handlevogn",
  "credits":"Bidragsytere",
  "store_transactions":"Butikktransaksjoner",
  "activates":"Aktiveres på Steam",
  "games_coupon":"Spill med kuponger",
  "all_friends_own":"Alle venner som eier dette (__friendcount__)",
  "translate":"Oversettelse",
  "search_names_only":"Søk kun i navn",
  "packs":"Pakker",
  "remove_owned_wishlist":"Fjern eide spill fra ønskeliste",
  "donate":"Donér",
  "close":"Lukk",
  "error":"En feil har oppstått",
  "go":"Gå",
  "activate":"Aktiver et produkt",
  "activate_multiple_header":"Angi produktkoder nedenfor, én per linje",
  "activate_multiple":"Aktiver Flere Produkter",
  "activate_products":"Aktiver produkter",
  "coupon_application_note":"En kupong i lageret ditt vil bli brukt automatisk ved kassen.",
  "hide":"Gjem",
  "cards_owned":"__owned__ av __possible__ kort eid",
  "common_label":"Skjul spill som du ikke eier",
  "birthday_message":"Gratulerer med Steam-bursdagen, __username__! Din Steam-konto er __age__ år gammel i dag.",
  "buying_total":"Totalsum for kjøpsordre",
  "allreleases_products":"Velg produkttypene du ønsker å se i denne delen",
  "library_menu":"Bibliotek",
  "clear_cache":"Tøm mellomlagrede data",
  "events":"Hendelser",
  "translation":"Oversettelse",
  "lowest":"Laveste",
  "lowest_price":"Nåværende laveste pris",
  "view_badge_progress":"Vis merkeframdrift",
  "badge_progress":"Vis merkeframgang",
  "sales_total":"Salgtotal",
  "hold_total":"Totalt på vent",
  "view_normal_badge":"Vis normal merkeframgang",
  "community_name_account_header":"__username__s konto",
  "apppage_sections":"Velg delene du ønsker å se på denne siden",
  "search_error":"Feil under lasting av flere søkeresultater",
  "website":"Nettsted",
  "games":"Spill",
  "total_time":"Total tid",
  "dlc_suggest":"Foreslå en ny kategori",
  "badge_completion_cost":"Pris for å fullføre merke",
  "loading":"Laster...",
  "selling":"Selger...",
  "quick_sell":"Selg raskt for __amount__",
  "instant_sell":"Selg umiddelbart for __amount__",
  "starting_at":"Starter på",
  "hardwareads":"Maskinvare reklame",
  "homepage_tabs":"Hjemmesidefaner",
  "store":"Butikk",
  "view_in":"Vis i",
  "drm_third_party":"Advarsel: Denne tittelen benytter tredjeparts-DRM",
  "stores":"Butikker",
  "game_transactions":"Spilltransaksjoner",
  "after_coupon":"etter kupongkode",
  "games_installed":"Installerte spill",
  "hours_short":"__hours__ t",
  "faqs":"Ofte stilte spørsmål",
  "spam_comment_show":"__num__ spam-kommentarer skjult på denne siden.  Klikk her for å vise dem.",
  "dlc":"Nedlastbart innhold",
  "add_to_wishlist":"Legg til i ønskelisten din",
  "language":"Språk",
  "theworddefault":"Standard",
  "coupon_learn_more":"<a href=\"https://support.steampowered.com/kb_article.php?ref=4210-YIPC-0275\">Lær mer</a> om Steam-kuponger",
  "show":"Vis",
  "badges_all":"Alle merker",
  "comparison_mode":"Aktiver oversikt over alle spill for å se sammenligning av spill",
  "search":"Søk",
  "es_supporter":"Enhanced Steam-støtter",
  "view_to_scale":"Vis i skala",
  "videos":"Videoer / Trailere",
  "community":"Samfunn",
  "dlc_data_header":"Detaljer om nedlastbart innhold",
  "graphics":"Grafikk",
  "trading_cards":"Steam-samlekort",
  "view_badge":"Vis merke",
  "purchase_total":"Kjøpstotal",
  "view_foil_badge":"Vis foliemerkeframgang",
  "view_astats":"Vis AStats-side",
  "apppage_purchase":"Kjøpsinnstillinger",
  "search_error_retry":"Klikk her for å prøve igjen",
  "contribute":"Bidra (GitHub)",
  "reviews":"Anmeldelser",
  "read_reviews":"Les omtaler",
  "read_more_reviews":"Les flere omtalelser hos",
  "size":"Størrelse",
  "package_info":"Pakkeinfo",
  "badge_completion_avg":"Gj.snittlig pris for fullførelse",
  "using_store":"Du bruker Steam-butikken for __current__-regionen.",
  "volume_sold_last_24":"Volum: __sold__ solgt de siste 24 timene",
  "sold_last_24":"__sold__ solgt de siste 24 timene",
  "homepage_sidebar":"Sidepanel",
  "drop_calc":"Klikk her for å kalkulere slipp som gjenstår",
  "price":"Pris",
  "view_marketplace":"Vis markedsplass",
  "market_transactions":"Markedstransaksjoner",
  "card_drops_remaining":"__drops__ kortslipp gjenstår",
  "badges_drops":"Merker med kortslipp som gjenstår",
  "using_language_return":"Klikk her for å surfe Steam på __base__.",
  "spam_comment_warn":"Her finnes det drager...",
  "guides":"Guider",
  "buy_wishlist":"Kjøp ønskeliste",
  "highlight":"Merk",
  "save":"Lagre",
  "not":"Ikke __tag__",
  "add_to_cart":"Legg i handlevogn",
  "view":"Vis",
  "games_all":"Alle spill",
  "permalink":"Permalenke",
  "game_name":"Spillnavn",
  "gift_transactions":"Gavetransaksjoner",
  "demos":"Demoer",
  "notinterested":"Gjenstander markert ikke interessert",
  "mixed_item":"Blandet vurdering elementer",
  "negative_item":"Negativt vurderte elementer",
  "price_above":"Elementer som koster mer enn",
  "price_above_tooltip":"Angi null for gratis varer eller varer uten prislapper; La feltet stå tomt for å deaktivere denne funksjonen",
  "news":"Nyheter",
  "check_system":"Sjekk systemet ditt",
  "viewinclient":"Vis i Steam-klienten",
  "custom_background":"Egendefinert bakgrunn",
  "custom_style":"Tilpasset tema",
  "custom_style_help":"Alle brukere av Enhanced Steam vil se dette temaet i profilen din. Ikke-Enhanced Steam-brukere vil ikke se noen temaendringer som blir gjort her.",
  "noneselected":"Ingen valgt / Ingen endring",
  "most_drops":"Flest slipp",
  "badge_foil_progress":"Vis foliemerkeframgang",
  "net_gain":"Nettogevinst",
  "apppage_legal":"Juridisk informasjon",
  "acrtag_msg":"Bytting mellom visse regioner har blitt deaktivert for denne gjenstanden",
  "bug_feature":"Rapporter feil / Foreslå funksjon",
  "always":"Alltid",
  "compare":"Sammenlign",
  "discount":"Rabatt",
  "discountper":"Rabatt (prosent)",
  "discountabs":"Rabatt (beløp)",
  "rating_details":"Se vurderingsdetaljer",
  "drops_worth_avg":"Verdt omtrent",
  "using_store_return":"Klikk her for å gå tilbake til __base__-butikken.",
  "family_sharing_notice":"<b>Merk:</b> Dette spillet er ekskludert fra Steams familiedelingstjeneste.",
  "valid":"Gyldig",
  "price_options":"Prisinnstillinger",
  "no_results_found":"Ingen resultater funnet",
  "visit_store":"Besøk butikkside",
  "all":"Alle",
  "total_spent":"Totalt brukt",
  "games_with_drops":"__dropsgames__ spill med slipp gjenstår",
  "binder_view":"Permvisning",
  "view_stats":"Vis statistikk",
  "using_language":"Du surfer Steam på __current__.",
  "popular":"Populært",
  "visit_trade_forum":"Besøk bytteforum",
  "software":"Programvare",
  "purchase_date":"(Kjøpt __date__)",
  "custom_background_help":"Alle som bruker Enhanced Steam vil se denne bakgrunnen på profilen din.  Brukere som ikke bruker Enhanced Steam vil se din normale profilbakgrunn.",
  "date_unlocked":"Dato låst opp",
  "view_badge_foil":"Vis foliemerke",
  "net_spent":"Netto brukt",
  "homepage_carousel":"Karusell",
  "acrtag_tooltip":"Denne gjenstanden kan ikke byttes mellom regioner hvis kjøpt i Øst-Europa, Sør-Amerika eller Sørøst-Asia",
  "official_group":"Offisiell gruppe",
  "saved":"Lagret",
  "add_unowned_dlc_to_cart":"Legg DLC som ikke eies i handlevogn",
  "buy":"Kjøp",
  "buy_package":"Kjøp __package__",
  "more_information":"Mer informasjon",
  "games_discount":"Spill med rabatter",
  "region_unavailable":"Ikke tilgjengelig i denne regionen",
  "item_type":"Gjenstandstype",
  "avg_price_3cards":"Gjennomsnittspris for tre samlekort",
  "mods":"Modifikasjoner",
  "empty_wishlist":"Tøm ønskeliste",
  "empty_wishlist_confirm":"Er du sikker på at du vil tømme ønskelisten din?\n\nDenne handlingen kan ikke omgjøres!",
  "empty_wishlist_loading":"Tømmer ønskelisten, vennligst vent...",
  "about":"Om",
  "never":"Aldri",
  "coupon_available":"Du har en kupong tilgjengelig!",
  "info":"Informasjon",
  "launch_random":"Start tilfeldig spill",
  "play_game":"Spill __gamename__?",
  "drops_value":"Høyeste slippverdi",
  "notcommon_label":"Skjul spill som du eier",
  "show_all_steam_releases":"Vis alle Steam-utgivelser",
  "wishlist":"Ønskeliste",
  "on_wishlist":"På ønskelisten",
  "notdiscounted":"Gjenstander er ikke rabattert",
  "cancel":"Avbryt",
  "wiki_article":"Vis __pcgw__-artikkel",
  "view_all":"VIS ALLE",
  "programming":"Programmering",
  "historical_low":"Historisk laveste pris",
  "games_with_booster":"__boostergames__ spill kvalifisert for booster-pakker",
  "sort_by":"Sorter etter:",
  "lastonline":"Sist pålogget",
  "edit_price":"Rediger pris",
  "relist":"Legg ut på ny",
  "relist_an_item":"Legg en gjenstand ut på ny",
  "relist_text":"Vil du legge ut denne gjenstanden på ny til en lavere pris?",
  "search_market":"Søk i Steam-samfunnsmarkedet",
  "drm_third_party_sub":"Advarsel: En eller flere titler i denne pakken bruker tredjeparts DRM",
  "customize":"Tilpass",
  "custom":"Tilpasset",
  "bundle_saving_text":"Her er det du sparer ved å kjøpe denne pakken",
  "thewordoptions":"Innstillinger",
  "concepts":"Konsepter",
  "collections":"Samlinger",
  "discussions":"Diskusjoner",
  "add_wishlist_note":"Legg til en ønskelistemerknad",
  "update_wishlist_note":"Oppdater ønskelistemerknad",
  "add_wishlist_note_prompt":"Skriv inn din ønskelistemerknad",
  "update_wishlist_note_prompt":"Oppdater din ønskelistemerknad",
  "results":"__num__ resultater",
  "all_results":"Alle __num__ resultater vises",
  "see_more":"Se mer",
  "lowest_price_format":"__price__ på __store__",
  "historical_low_format":"__price__ på __store__ __date__",
  "favorited":"Favorisert",
  "followed":"Fulgt",
  "leave_group_selected":"Forlat valgte",
  "leave_group_all":"Forlat alle",
  "leave_group_all_confirm":"Du er ferd med å forlate alle grupper du tilhører! Er du sikker på at du vil fortsette?",
  "leave_group_admin_confirm":"Du er Admin i denne gruppen: __groupname__ er du sikker på at du vil forlate?",
  "wrong_try_again":"Det har oppstått en feil. Vennligst prøv igjen.",
  "join_group":"Bli med i gruppe",
  "chat":"Chat",
  "web_browser_chat":"Nettleser chat",
  "steam_client_chat":"Steam-nettprat",
  "available":"Tilgjengelig",
  "set_as_background":"Bruk som bakgrunn",
  "preview_background":"Forhåndsvis bakgrunn",
  "details":"Detaljer",
  "expand_slider":"Utvid glidebryteren",
  "contract_slider":"Minsk glidebryteren",
  "early_access":"Tidlig tilgang",
  "filter_games":"Filtrer spill",
  "note_for":"Merknad for",
  "show_wishlist_total":"Vis ønskeliste totalt",
  "tag_short":"Bruk korte merknader for å spare plass",
  "no_price_data":"Ingen data for pris tilgjengelig",
  "exclude_tags":"Utelat merknader",
  "user_score":"Brukerpoeng",
  "user_reviews":"Brukerannmeldelser",
  "review_summary":"__percent__av__num__bruker vurderinger for dette spillet er positive.",
  "market_popular_items_toggle":"Slå på direkte oppdatering for populære elementer",
  "achievements":{
    "option":"Vis prestasjoner på butikksider",
    "achievements":"Prestasjoner",
    "includes":"Inkluderer __num__ Steam-prestasjoner",
    "view_all":"Vis alle prestasjoner"
  },
  "bundle":{
    "offer_ends":"Tilbudet slutter",
    "at_least":"Betal minst",
    "pwyw":"Betal hva du vil",
    "includes":"Inkluderer __num__ gjenstander",
    "tier_includes":"__tier__ (__price__) inkluderer __num__ gjenstander",
    "tier":"Nivå __num__",
    "header":"Pakker som inkluderer dette spillet",
    "info":"Pakkeinfo",
    "bundle_count":"Antall ganger dette spillet har vært med i en pakke"
  },
  "charts":{
    "peakall":"høyeste toppunkt noen sinne",
    "current":"Spillere som spiller nå",
    "playing_now":"spiller nå",
    "peaktoday":"dagens toppunkt"
  },
  "hltb":{
    "title":"How Long to Beat",
    "main_e":"Hovedhistorie og ekstra",
    "compl":"Perfeksjonist",
    "submit":"Send Din Tid",
    "main":"Hoved Historie",
    "no_data":"Ingen data funnet",
    "help":"Klikk her for å hjelpe",
    "wrong":"Feil spill?"
  },
  "library":{
    "in_library":"I bibliotek",
    "error_loading_library":"Kunne ikke laste biblioteket ditt.",
    "categories":"Kategorier",
    "genres":"Sjangre",
    "private_profile":"Endre profilstatusen din til offentlig <a href='http://steamcommunity.com/my/edit/settings'>i innstillingene dine</a> for å bruke denne funksjonen."
  },
  "spy":{
    "player_data":"Spillerdata",
    "owners":"Eiere",
    "players_total":"Spillere totalt",
    "players_2weeks":"Spillere de siste to ukene",
    "average_playtime":"Gjennomsnittlig spilletid",
    "average_playtime_2weeks":"Gjennomsnittlig spilletid de siste to ukene",
    "formatted_time":"__hours__ timer, __minutes__ minutter"
  },
  "options":{
    "wsgf":"Vis WSGF (Widescreen)-informasjon",
    "version_show":"Vis endringsloggen når Enchanted Steam oppdateres",
    "steamcardexchange":"Vis SteamCardExchange-lenker på merker",
    "regional_price":"Sammenligning av regionale priser",
    "acrtag":"Vis advarsel på gjenstander som bytting på tvers av regioner er deaktivert for",
    "excludef2p":"Utelat spill som er gratis å spille fra merking",
    "contscroll":"Aktiver kontinuerlig rulling av søkeresultater",
    "profile_link_images_none":"Ingen",
    "replace_account_name":"Erstatt kontonavn med samfunnsnavn",
    "profile_links":"Vis profillenker til",
    "library_header":"Bibliotek (BETA)",
    "tag":"Tagg",
    "icon":"Ikon",
    "name":"Navn",
    "show_alternative_linux_icon":"Vis alternativt Linux-ikon",
    "showcomparelinks":"Vis \"Sammenlign\"-lenker for prestasjoner på strømmen av venners aktivitet",
    "hidetmsymbols":"Varemerke- og Opphavsrettsymboler i spilltitler",
    "metacritic":"Vis Metacritic-brukerrangering",
    "opencritic":"Vis Opencritic.com informasjon",
    "hideactivelistings":"Skjul alle aktive annonser på markedets hjemmeside som standard",
    "clear":"Er du sikker på at du vil tilbakestille alle innstillinger? Dette kan ikke angres.",
    "profile_api_info":"Vis lenke til bruker-API på profiler",
    "coupon":"Gjenstander med kuponger",
    "show_package_info":"Vis pakkeinfo for alle programmer",
    "wlbuttoncommunityapp":"Vis \"Legg til i ønskeliste\"-knapp på samfunnets programsentraler",
    "removeguideslanguagefilter":"Ikke filtrer guider med språk automatisk",
    "disablelinkfilter":"Deaktivere bekreftelse ved tilgang til eksterne nettsted",
    "regional_price_on":"Vis sammenligning av regionale priser",
    "cart":"Gjenstander i handlevognen din",
    "friends_own":"Gjenstander dine venner eier",
    "drm":"Vis 3.parts-DRM-advarsler",
    "profile_permalink":"Vis permalenke på profiler",
    "show_regionwarning":"Vis advarsel ved surfing i område som ikke samsvarer med konto",
    "foot_link":"Enhanced Steam-utvidelse",
    "profile_link_images":"Profillenkebilder",
    "library":"Vis bibliotekknapp i toppteksten",
    "show1clickgoo":"Vis \"1-klikk omgjør til juveler...\"-knapp på gyldige lagergjenstander",
    "hidedlcunownedgames":"DLC for spill du ikke eier",
    "hltb":"Vis HowLongToBeat.com-informasjon",
    "hidespamcomments":"Gjem søppelkommentarer fra Workshop og brukerprofiler",
    "hide_owned":"Gjenstander du eier i søkeresultater og tagg-sider",
    "reset":"Tilbakestill Alternativer",
    "api_key":"API-nøkkel",
    "gift":"Gjenstand lagret som gave",
    "show_sysreqcheck":"Vis knapp for å sjekke systemkrav på programsider (Eksperimentell!)",
    "es_bg":"Velg egendefinert bakgrunn på \"Rediger profil\"-skjerm",
    "regional_price_mouse":"når musen flyttes over prisen",
    "friends_rec":"Gjenstander som vennene dine har anmeldt",
    "lowestprice_header":"Informasjon om prishistorie",
    "total_spent":"Vis totalsum brukt på kontoside",
    "add_wallet_balance":"Vis Steam-lommebok i header",
    "add_to_cart_wishlist":"Vis \"Legg til Handlevogn\"-knapp på Ønskelister",
    "about_text":"<div class=\"header\">Om <a href='http://www.enhancedsteam.com'>Enhanced Steam</a>:</div><p>Enhanced Steam er en utvidelse for Google Chrome som legger til mange nye funksjoner på Steam-nettstedet.<p>Funksjoner inkluderer:<ul><li>Utheving av spill du allerede eier</li><li>Utheving av spill du har på ønskelisten</li><li>Kalkulere korrekt pakkerabatt basert på spill du allerede eier</li><li>Vise deg hvor mye penger du har brukt på Steam så lenge kontoen din har eksistert</li><li>Utheve DLC du eier på en spillside</li><li>Fikser \"No Image Available\"-spillikoner på ønskelisten din for alle spill og DLC</li><li>Peker ut titler med tredjeparts-DRM</li></ul><p>Hvis du synes at denne utvidelsen er nyttig, bør du vurdere å donere.",
    "stores_all":"Sammenlign alle butikker",
    "show_early_access_text":"Vis Early Access-bildebannere",
    "author_info":"av jshackles",
    "profile_link_images_gray":"Gråtone",
    "quickinv":"Vis knapper for raskt salg av Steam-samfunnsgjenstander i lageret",
    "quickinv_diff":"Modifikator for raskt salg:",
    "library_f2p":"Vis spilte gratis-å-spille spill og demoer i biblioteket",
    "inventory_market_text":"Vis markedspris på lagerside",
    "send_age_info":"Send aldersverifisering automatisk ved forespørsel",
    "pcgw":"Vis PCGamingWiki-lenker",
    "store_steamcards":"Vis SteamCardExchange-lenker på butikksider",
    "spamcommentregex":"Regulær uttrykksstreng:",
    "hide_owned_homepage":"Gjenstander du eier på hjemmesiden",
    "saved_note":"Innstillinger lagret",
    "regional_hideworld":"Skjul klodeindikator",
    "show_astatslink":"Vis AStats-lenke på programsider",
    "showclient":"Vis Steam-klient linker",
    "guest":"Gjenstander du har et gjestepass for",
    "show_steamchart_info":"Vis SteamCharts.com-informasjon",
    "show_steamspy_info":"Vis steamspy.com info",
    "showallachievements":"Vis prestasjonsstatistikk på \"Alle spill\"-siden",
    "lowestprice_onwishlist":"Vis på ønskeliste",
    "steamrepapi":"Vis SteamRep-status på profilsider",
    "header":"Topptekst",
    "lowestprice":"Vis",
    "group_events":"Vis arrangementer i gruppeoversikt",
    "changelog":"Endringslogg:",
    "owned":"Gjenstander du eier",
    "steamdb":"Vis SteamDB-lenker",
    "hide_early_access":"Skjul Early Access-spill på hjemmesiden, lese- og søkesider",
    "reset_note":"Innstillinger tilbakestilt",
    "html5video":"Vis videoer ved hjelp av HTML5 i stedet for Flash",
    "profiles_link_group_game":"Eksklusiv for spill",
    "friends_wishlist":"Gjenstander dine venner har satt på ønskelisten",
    "showspeechsearch":"Legg til stemmegjenkjenning i søkefelt",
    "profile_link_images_color":"Farget",
    "hide_about":"Skjul \"Om\"-lenke",
    "show_empty_wishlist":"Vis \"Tom ønskeliste\"-knappen",
    "inventory_nav_text":"Vis avansert navigasjon på lagerside",
    "carousel_description":"Vis applikasjonsbeskrivelser på forsidekarusellen",
    "market_total":"Vis oppsummering av transaksjon på markedet",
    "hide_install":"Gjem \"Innstaller Steam\"-knapp",
    "lowestprice_coupon":"Inkluder kupongkoder i prissammenligning",
    "general":"Generelt",
    "market":"Marked",
    "inventory":"Lager",
    "profile":"Profil",
    "show_languagewarning":"Vis advarsel ved surfing på annet språk enn",
    "homepage":"Hjemmeside",
    "homepage_default_tab":"Standard hjemmesidefane",
    "homepage_default_tab_remember":"Husk forrige",
    "homepage_default_tab_newreleases":"Populære nye utgivelser",
    "homepage_default_tab_allreleases":"Alle nye utgivelser",
    "homepage_default_tab_topsellers":"Bestselgere",
    "homepage_default_tab_upcoming":"Kommende",
    "homepage_default_tab_specials":"Tilbud",
    "wishlist":"Gjenstander på ønskelisten din",
    "add_another_region":"Legg til",
    "skip_got_steam":"Hopp over \"Har du Steam?\"-vinduet",
    "store_general_thirdparty":"Alternativer for informasjon fra tredjeparts-nettsteder",
    "purchase_dates":"Vis app-kjøpedatoer på butikksider",
    "show_badge_progress":"Vis app-merkeframdrift på butikksider",
    "show_wishlist_link":"Vis en ønskeliste-lenke på profilsider",
    "show_wishlist_count":"Vis antall elementer i ønskeliste",
    "lang":{
      "english":"Engelsk",
      "brazilian":"Brasiliansk portugisisk",
      "bulgarian":"Bulgarsk",
      "czech":"Tsjekkisk",
      "danish":"Dansk",
      "dutch":"Nederlandsk",
      "finnish":"Finsk",
      "french":"Fransk",
      "greek":"Gresk",
      "german":"Tysk",
      "hungarian":"Ungarsk",
      "italian":"Italiensk",
      "japanese":"Japansk",
      "koreana":"Koreansk",
      "norwegian":"Norsk",
      "polish":"Polsk",
      "portuguese":"Portugisisk",
      "russian":"Russisk",
      "romanian":"Rumensk",
      "schinese":"Forenklet kinesisk",
      "spanish":"Spansk",
      "swedish":"Svensk",
      "tchinese":"Tradisjonell kinesisk",
      "thai":"Thai",
      "turkish":"Tyrkisk",
      "ukrainian":"Ukrainsk"
    }
  },
  "ready":{
    "errormsg":"Feil under lasting av Enhanced Steam-data",
    "loading":"Enhanced Steam laster data...",
    "ready":"Enhanced Steam klar",
    "failed":"En eller flere forespørsler mislyktes"
  },
  "twitch":{
    "now_streaming":"__username__ streamer på Twitch",
    "viewers":"Seere",
    "followers":"Følgere",
    "views":"Ganger sett"
  },
  "survey":{
    "performance_survey":"Ytelses undersøkelse",
    "users":"__users__ brukere har utført ytelses undersøkelsen for dette spillet",
    "framerate":"Framerate",
    "framerate_response":"svarte at frameraten var",
    "framerate_30":"ligger på 30fps eller lavere",
    "framerate_fi":"ligger på 30fps eller høyere",
    "framerate_va":"variabel, avhengig av maskinvare",
    "resolution":"Oppløsning",
    "resolution_support":"Dette spillet vises til support",
    "resolution_less":"mindre enn __pixels__ oppløsning",
    "resolution_up":"opptil __pixels__ oppløsning",
    "graphics_settings":"Grafiske innstillinger",
    "satisfaction":"Ytelsestilfredshet etter GPU",
    "gs_y":"Har innebygde grafikkinnstillinger eller en grafikkmeny",
    "gs_n":"Har ikke innebygde grafikkinnstillinger eller en grafikkmeny",
    "nobody":"Ingen har gjennomført ytelses undersøkelsen på dette spillet ennå",
    "take":"Besvar undersøkelsen"
  },
  "select":{
    "wishlisted_dlc":"Velg DLC på ønskelisten",
    "none":"Velg Ingen",
    "unowned_dlc":"Velg DLC som ikke eies"
  },
  "tag":{
    "wishlist":"Ønskeliste",
    "friends_own":"__friendcount__ eier",
    "coupon":"Kupong",
    "friends_rec":"<a href=\"http://store.steampowered.com/recommended/byfriends/__appid__\">__friendcount__ venner anmeldte",
    "inv_gift":"Gave",
    "inv_guestpass":"Gjestepass",
    "owned":"Eid",
    "notinterested":"Ikke Interessert",
    "friends_want":"<a href=\"http://steamcommunity.com/my/friendsthatplay/__appid__\">__friendcount__ ønsker seg</a>"
  },
  "wallet":{
    "custom_amount":"Legg til egendefinert antall",
    "custom_amount_text":"Legg til hvilket som helst beløp over __minamount__"
  },
  "wsgf":{
    "incomplete":"Uferdig",
    "unsupported":"Dette resultatet utdeles til spill som ikke har noen __type__-støtte.  Spillet kan være umulig å spille i __type__, eller bildet blir strukket for å fylle hele bildet.  Korrekt størrelsesforhold blir ikke beholdt.",
    "gold":"Denne medaljen blir utdelt til spill som har mottatt perfekte resultater fra WSGF for deres __type__-støtte, og er __type__-sertifisert.",
    "silver":"Denne medaljen er tildelt spill som har mottatt kalkulert karakter B for deres __type__-støtte.  Alle disse spillene er uten særlig store feil, men har minst én blemme som forhindrer et perfekt resultat.",
    "limited":"Dette resultatet tildeles spill som har mottatt kalkulert grad C for deres __type__-støtte.  Alle disse spillene har et visst nivå av __type__-støtte men har noen betydelige problemer.",
    "certifications":"WSGF widescreen-sertifiseringer"
  },
  "itad":{
    "option":"Vis meny for å synkroniserisere data til IsThereAnyDeal.com",
    "send_to_itad":"Send eide spill til IsThereAnyDeal",
    "sending":"Laster spill og pakker du eier og sender dem til IsThereAnyDeal.com"
  },
  "tradeoffer":{
    "num_item":"__num__ element",
    "num_items":"__num__ elementer"
  },
  "update":{
    "dont_show":"Ikke vis igjen",
    "updated":"Enchanted Steam har blitt oppdatert til _version_",
    "changes":"Denne utgivelsen inneholder følgende endringer"
  },
  "register":{
    "success":"Aktiveringen av __gamename__ gjennomført",
    "owned":"Denne Steam-kontoen eier allerede produkt(er) i dette tilbudet.",
    "notavail":"Beklager, men dette produktet er ikke tilgjengelig for kjøp i dette landet.  Din produktnøkkel har ikke blitt innløst.",
    "invalid":"Produktkoden du har skrevet inn er ikke gyldig.  Vennligst se etter om du har skrevet koden feil.",
    "already":"Produktkoden du har skrevet er allerede aktivert av en annen Steam-konto.",
    "dlc":"Produktkoden du har angitt krever eierskap av et annet produkt før aktivering.",
    "wallet":"Koden du har angitt er fra et Steam-gavekort eller en Steam-lommebokskode",
    "toomany":"Det har vært for mange nylige aktiveringsforsøk fra denne kontoen. Vennligst vent og prøv igjen senere.",
    "default":"Det oppstod en uventet feil. Din produktkode er ikke innløst. Vennligst vent 30 minutter og prøv å innløse koden igjen."
  }
}