{
    "post_history": "Bekijk post geschiedenis",
    "add_nickname": "Bijnaam toevoegen",
    "total_size": "Totale grote",
    "dlc_details": "Downloadbare Content Details",
    "badge_not_unlocked": "Niet ontgrendelt",
    "each": "Elke",
    "view_in_market": "Bekijk in de Markt",
    "homepage_spotlight": "In de schijnwerper",
    "official_group_url": "steamcommunity.com/groups/enhancedsteam",
    "remove": "Verwijder",
    "get_help": "Zoek Hulp",
    "add_selected_dlc_to_cart": "Voeg geselecteerde DLC toe aan je winkelwagen",
    "credits": "Bijdragen",
    "store_transactions": "Winkel Transacties",
    "activates": "Activeert op Steam",
    "games_coupon": "Spellen Met Kortingsbonnen",
    "all_friends_own": "Alle vrienden die dit hebben (__friendcount__)",
    "translate": "Vertaal",
    "search_names_only": "Zoek alleen in namen",
    "packs": "Pakketten ",
    "remove_owned_wishlist": "Verwijder eigen games van je wenslijst",
    "donate": "Doneer",
    "close": "Sluiten",
    "error": "Er is een fout opgetreden",
    "go": "Begin / start",
    "activate": "Product activeren",
    "activate_multiple_header": "Voer de productcodes hieronder in (één per regel)",
    "activate_multiple": "Activeer meerdere producten",
    "activate_products": "Activeer producten",
    "coupon_application_note": "Een waardebon in je inventaris wordt automatisch toegepast bij het afrekenen.",
    "hide": "Verberg",
    "cards_owned": "__owned__ of __possible__ kaarten bezeten",
    "common_label": "Verberg spellen die jij niet hebt",
    "birthday_message": "Gefeliciteerd, __username__! Jouw Steam account is vandaag __age__ jaar oud.",
    "buying_total": "Aankooporder totaal",
    "allreleases_products": "Selecteer het type product dat u wenst te zien in deze sectie",
    "library_menu": "Bibliotheek",
    "clear_cache": "Gecachete data verwijderen",
    "events": "Evenementen",
    "translation": "Vertaal",
    "lowest": "Laagste",
    "lowest_price": "Huidige Laagste Prijs",
    "view_badge_progress": "Bekijk badge voortgang",
    "badge_progress": "Badge vooruitgang",
    "sales_total": "Verkoop totaal",
    "hold_total": "Totaal in de wacht",
    "view_normal_badge": "Bekijk normale Badge progressie",
    "community_name_account_header": "__username__ de rekening",
    "apppage_sections": "Selecteer de secties die u wilt zien op deze pagina",
    "search_error": "Het laden van meer resultaten is mislukt.",
    "website": "Webpagina",
    "games": "Spellen",
    "total_time": "Totale Tijd",
    "dlc_suggest": "Suggereer een nieuwe categorie ",
    "badge_completion_cost": "Koste van de complete badge",
    "loading": "Laden...",
    "selling": "Verkopen...",
    "quick_sell": "Snel verkopen voor __amount__",
    "instant_sell": "Direct verkopen voor __amount__",
    "starting_at": "Vanaf",
    "hardwareads": "Hardware Advertenties",
    "homepage_tabs": "Thuispagina tabbladen",
    "store": "Winkel",
    "view_in": "Bekijk in",
    "drm_third_party": "Waarschuwing: Dit programma maakt gebruik van DRM van derden",
    "stores": "Winkels",
    "game_transactions": "Spel Transacties",
    "after_coupon": "na kortings-code ",
    "games_installed": "Geïnstalleerde Spellen",
    "hours_short": "__hours__ uren",
    "faqs": "Veelgestelde vragen",
    "spam_comment_show": "__num__ spam reacties verborgen op deze pagina. Klik hier om ze te vertonen.",
    "dlc": "Downloadbare Content.",
    "add_to_wishlist": "Voeg toe aan verlanglijst",
    "language": "Taal",
    "theworddefault": "Standaard",
    "coupon_learn_more": "<a href=\"https://support.steampowered.com/kb_article.php?ref=4210-YIPC-0275\">Kom meer te weten</a> over Steam-coupons",
    "show": "Toon",
    "badges_all": "Alle Badges",
    "comparison_mode": "Zet alle spellen overzicht aan om spellen vergelijken te zien",
    "search": "Zoek",
    "es_supporter": "Enhanced Steam Supporter",
    "view_to_scale": "Op schaal bekijken",
    "videos": "Video's / Trailers",
    "community": "Gemeenschap",
    "dlc_data_header": "Details over downloadbare inhoud",
    "graphics": "Grafisch",
    "trading_cards": "Steam Ruil Kaarten",
    "view_badge": "Bekijk Badge",
    "purchase_total": "Gekocht totaal",
    "view_foil_badge": "Bekijk Folie Badge Progressie",
    "view_astats": "Bekijk AStats pagina",
    "apppage_purchase": "Aankoopopties",
    "search_error_retry": "Klik hier voor een nieuwe poging",
    "contribute": "Bijdragen (GitHub)",
    "reviews": "Recensies ",
    "read_reviews": "Lees de recensies",
    "read_more_reviews": "Lees meer recensies op",
    "size": "Grote",
    "package_info": "Pakket informatie",
    "badge_completion_avg": "Gemiddelde kosten voor completen",
    "using_store": "Je gebruikt de Steam winkel nu voor de __current__ regio.",
    "volume_sold_last_24": "Hoeveelheid: __sold__ verkocht in de afgelopen 24 uur",
    "sold_last_24": "__sold__ verkocht in de afgelopen 24 uur",
    "homepage_sidebar": "Zijbalk",
    "drop_calc": "Klik hier om resterende drops te berekenen",
    "price": "Prijs",
    "view_marketplace": "Bekijk Marktplaats",
    "market_transactions": "Market Transacties",
    "card_drops_remaining": "__drops__ kaart drops overblijvende",
    "badges_drops": "Badges Met Kaart Drops Resterende",
    "using_language_return": "Klik hier om Steam te browsen in __base__.",
    "spam_comment_warn": "Hier zijn draken...",
    "guides": "Gidsen",
    "buy_wishlist": "Koop wenslijst",
    "highlight": "Markeer",
    "save": "Bewaar",
    "not": "Geen __tag__",
    "add_to_cart": "Aan winkelwagen toevoegen",
    "view": "Bekijk",
    "games_all": "Alle Spellen",
    "permalink": "Permalink",
    "game_name": "Spel Naam",
    "gift_transactions": "Geschenktransacties",
    "demos": "Demo's",
    "notinterested": "Voorwerpen gemarkeerd als niet interessant",
    "mixed_item": "Verdeeld beoordeelde voorwerpen",
    "negative_item": "Negatief beoordelde voorwerpen",
    "price_above": "Voorwerpen die meer kosten dan",
    "price_above_tooltip": "Voer een nul in voor kosteloze voorwerpen of voorwerpen zonder prijsaanduiding; laat dit veld leeg om dit onderdeel uit te schakelen",
    "news": "Nieuws",
    "check_system": "Controleer Je Systeem",
    "viewinclient": "Bekijk in Steam Client",
    "custom_background": "Custom Achtergrond",
    "custom_style": "Aangepast Thema",
    "custom_style_help": "Alle gebruikers van Enhanced Steam zullen dit thema zien op uw profiel. Niet-Enhanced Steam gebruikers zullen eventuele thema veranderingen hier niet zien.",
    "noneselected": "Niets geselecteerd / Geen wijziging",
    "most_drops": "Meeste Gevallen",
    "badge_foil_progress": "Bekijk Folie Badge Progressie",
    "net_gain": "Nettowinst",
    "apppage_legal": "Juridische informatie",
    "acrtag_msg": "Handel tussen bepaalde regio's is uitgeschakeld voor dit object",
    "bug_feature": "Meldt Bug / Suggereren Feature",
    "always": "Altijd",
    "compare": "Vergelijk",
    "discount": "Korting",
    "discountper": "Korting (Percentage)",
    "discountabs": "Korting (bedrag)",
    "rating_details": "Bekijk cijfer details",
    "drops_worth_avg": "Gemiddeld Waard",
    "using_store_return": "Klik hier om terug te gaan naar de __base__ winkel.",
    "family_sharing_notice": "<b>Opmerking:</b> Deze game is uitgesloten van Steam's Familie Deel service.",
    "valid": "Geldig",
    "price_options": "Prijs opties",
    "no_results_found": "Geen resultaten gevonden",
    "visit_store": "Bezoek Winkel Pagina",
    "all": "Alle",
    "total_spent": "Totaal Uitgegeven",
    "games_with_drops": "__dropsgames__spellen met kaart drops overblijvende",
    "binder_view": "Binder overzicht",
    "view_stats": "Bekijk statistieken",
    "using_language": "Je browset Steam nu in __current__.",
    "popular": "Populair",
    "visit_trade_forum": "Bezoek Ruil Forum",
    "software": "Software",
    "purchase_date": "(Gekocht op __date__)",
    "custom_background_help": "Alle gebruikers van Enhanced Steam zullen deze achtergrond op jouw profiel zien. Niet Enhanced Steam gebruikers zullen jouw normale achtergrond zien.",
    "date_unlocked": "Datum Ontgrendelt",
    "view_badge_foil": "Bekijk Folie Badge",
    "net_spent": "Netto uitgegeven",
    "homepage_carousel": "Carrousel",
    "acrtag_tooltip": "Dit object kan niet worden verhandeld tussen regio's indien gekocht in Oost-Europa, Zuid-Amerika of Zuid-Oost Azië",
    "official_group": "Officiële Groep",
    "saved": "Bewaard",
    "add_unowned_dlc_to_cart": "Voeg DLC toe die je niet hebt in je winkelwagen",
    "buy": "Koop",
    "buy_package": "Koop __package__",
    "more_information": "Meer Informatie",
    "games_discount": "Spellen Met Korting",
    "region_unavailable": "Niet beschikbaar in deze regio",
    "item_type": "Itemtype",
    "avg_price_3cards": "Gemiddelde prijs van drie ruilkaarten",
    "mods": "Modificaties. ",
    "empty_wishlist": "Verlanglijst leegmaken",
    "empty_wishlist_confirm": "Weet u zeker dat u uw verlanglijstje leeg wilt maken?\nDit kan niet ongedaan gemaakt worden!",
    "empty_wishlist_loading": "Verlanglijst aan het legen, even geduld a. u. b...",
    "about": "Over Ons",
    "never": "Nooit",
    "coupon_available": "Je hebt een waardebon beschikbaar!",
    "info": "Informatie",
    "launch_random": "Willekeurig spel starten",
    "play_game": "__gamename__ spelen?",
    "drops_value": "Hoogste Drop Kans",
    "notcommon_label": "Verberg spellen die jij hebt",
    "show_all_steam_releases": "Laat alle Steam releases zien",
    "wishlist": "Verlanglijst",
    "on_wishlist": "Op Verlanglijst",
    "notdiscounted": "Artikelen zonder korting",
    "cancel": "Annuleer",
    "wiki_article": "Bekijk __pcgw_ Artikel",
    "view_all": "ALLES BEKIJKEN",
    "programming": "Programmeren",
    "historical_low": "Historisch Laagste Prijs",
    "games_with_booster": "__boostergames__ spellen geschikt voor booster pakketen",
    "sort_by": "Sorteer op:",
    "lastonline": "Laatst Online",
    "edit_price": "Prijs bewerken",
    "relist": "Opnieuw aanbieden",
    "relist_an_item": "Een item opnieuw aanbieden",
    "relist_text": "Wilt u dit item tegen een lagere prijs opnieuw aanbieden?",
    "search_market": "Zoek Steam Gemeenschap Market",
    "drm_third_party_sub": "Waarschuwing: Eén of meer titels in dit pakket gebruikt DRM van derden",
    "customize": "aanpassen",
    "custom": "Aangepaste",
    "bundle_saving_text": "Je bespaart dit bedrag als je deze bundel koopt:",
    "thewordoptions": "Opties",
    "concepts": "Concepten",
    "collections": "Collecties",
    "discussions": "Discussies",
    "add_wishlist_note": "Voeg een whitelist notitie toe",
    "update_wishlist_note": "Update de whitelist notitie",
    "add_wishlist_note_prompt": "Voeg je whitelist notitie in",
    "update_wishlist_note_prompt": "Update je whitelist notitie",
    "results": "__num__ resultaten",
    "all_results": "Alle __num__ resultaten worden weergegeven",
    "see_more": "Zie meer",
    "lowest_price_format": "__price__ bij __store__",
    "historical_low_format": "__price__ bij __store__ op __date__",
    "favorited": "Favoriet gemaakt",
    "followed": "Gevolgd",
    "leave_group_selected": "Verlof Geselecteerde",
    "leave_group_all": "Verlof Alle",
    "leave_group_all_confirm": "U staat op het punt voor verlaten alle groepen waartoe u behoort te!\nWeet je zeker dat je door wilt gaan?",
    "leave_group_admin_confirm": "U bent beheerder in deze groep: __groupname__\nWeet je zeker dat je wilt vertrekken?",
    "wrong_try_again": "Er is iets fout gegaan. Probeer het opnieuw.",
    "join_group": "Deelnemen aan Groep",
    "chat": "Praten",
    "web_browser_chat": "Webbrowser praten",
    "steam_client_chat": "Steam Client praten",
    "available": "Beschikbaar",
    "set_as_background": "Als achtergrond instellen",
    "preview_background": "Voorbeschouwing Achtergrond",
    "details": "Details",
    "expand_slider": "Uitbreiden schuif",
    "contract_slider": "Sluiten schuif",
    "early_access": "Vroege Toegang",
    "filter_games": "spel filters",
    "note_for": "Opmerking voor",
    "show_wishlist_total": "Toon volledige wenslijst",
    "tag_short": "Gebruik korte tags om ruimte te besparen",
    "no_price_data": "Geen prijsgegevens beschikbaar",
    "exclude_tags": "Sluit tags uit",
    "user_score": "Gebruikersscore",
    "user_reviews": "Beoordelingen van gebruikers",
    "review_summary": "__percent__ van de __num__ gebruikersbeoordelingen voor dit spel zijn positief.",
    "market_popular_items_toggle": "Schakel live bijwerken in voor populaire artikelen",
    "achievements": {
        "option": "Toon achievements op winkel pagina's",
        "achievements": "Prestaties",
        "includes": "Inclusief __num__ Steam Achievements",
        "view_all": "Bekijk Alle Achievements"
    },
    "bundle": {
        "offer_ends": "Aanbod loopt af",
        "at_least": "Betaal Ten Minste",
        "pwyw": "Betaal Wat Je Wilt",
        "includes": "Bevat __num__ elementen",
        "tier_includes": "__tier__ (__price__) bevat __num__ items",
        "tier": "Tier __num__",
        "header": "Bundels die dit spel hebben",
        "info": "Bundel Informatie",
        "bundle_count": "Aantal keren dit spel in een bundel is geweest"
    },
    "charts": {
        "peakall": "Piek van alle tijden",
        "current": "Actuele Spelers",
        "playing_now": "nu aan het spelen",
        "peaktoday": "Piek van vandaag"
    },
    "hltb": {
        "title": "Lengte om uit te spelen",
        "main_e": "Hoofdverhaal en Extra's",
        "compl": "Perfectionist",
        "submit": "Verstuur jouw tijd",
        "main": "Hoofdverhaal",
        "no_data": "Geen Gegevens Gevonden",
        "help": "Klik hier om te helpen",
        "wrong": "Verkeerde Spel?"
    },
    "library": {
        "in_library": "In Bibliotheek",
        "error_loading_library": "Kon jouw bibliotheek niet laden.",
        "categories": "Categorieën...",
        "genres": "Genres...",
        "private_profile": "Verander je profiel status naar publiek <a href='http://steamcommunity.com/my/edit/settings'>in je opties</a> om deze optie te gebruiken."
    },
    "spy": {
        "player_data": "Gegevens spelers",
        "owners": "Eigenaars",
        "players_total": "Aantal spelers",
        "players_2weeks": "Spelers in de laatste twee weken",
        "average_playtime": "Gemiddelde speelduur",
        "average_playtime_2weeks": "Gemiddelde speelduur in de laatste twee weken",
        "formatted_time": "__hours__ uren, __minutes__ minuten"
    },
    "options": {
        "wsgf": "Laat WSGF (Widescreen) informatie zien",
        "version_show": "Toon wijzigingslogboek wanneer Enhanced Steam bijgewerkt wordt",
        "steamcardexchange": "Toon SteamCardExchange links bij badges",
        "regional_price": "Regionale prijs vergelijking",
        "acrtag": "Toon waarschuwingen op voorwerpen waar grensoverschrijdende regio handel is uitgeschakeld",
        "excludef2p": "Sluit gratis om te spelen games uit van highlights",
        "contscroll": "Zet doorlopend scrollen aan bij zoek resultaten",
        "profile_link_images_none": "Geen",
        "replace_account_name": "Vervang account naam met gemeenschap naam",
        "profile_links": "Laat profiel links zien naar",
        "library_header": "Bibliotheek (BETA)",
        "tag": "Label",
        "icon": "Icoon",
        "name": "Naam",
        "show_alternative_linux_icon": "Geef alternatieve Linux iconen weer",
        "showcomparelinks": "Toon \"Vergelijk\" verwijzigingen voor prestaties op vriend activiteitentoevoer",
        "hidetmsymbols": "Trademark en Copyright symbolen in spel titels",
        "metacritic": "Laat Metacritic gebruikers scores zien",
        "opencritic": "Toon Opencritic.com informatie",
        "hideactivelistings": "Verberg alle actieve listings op de Market hoofdpagina als standaard",
        "clear": "Weet je zeker dat je alle opties wilt resetten? Dit kan niet ongedaan worden.",
        "profile_api_info": "Toon gebruiker API link op profielen",
        "coupon": "Items met kortingsbonnen",
        "show_package_info": "Laat pakket informatie voor alle apps zien",
        "wlbuttoncommunityapp": "Toon \"Voeg toe aan wenslijst\" knop bij gemeenschap app hubs",
        "removeguideslanguagefilter": "Niet doen automatisch filteren gidsen door gebruiker taal",
        "disablelinkfilter": "Bevestiging uitschakelen bij het benaderen van externe sites",
        "regional_price_on": "Toon regionale prijs vergelijking",
        "cart": "Artikelen in je winkelwagen",
        "friends_own": "Items die je vrienden hebben",
        "drm": "Laat 3de partij DRM waarschuwingen zien",
        "profile_permalink": "Laat permalink op profielen zien",
        "show_regionwarning": "Toon waarschuwing tijdens browsen in een andere regio",
        "foot_link": "Enhanced Steam Extensie",
        "profile_link_images": "Profiel link plaatjes",
        "library": "Toon Bibliotheek knop in header",
        "show1clickgoo": "Toon \"1-klik zet om in edelstenen...\" knop op in aanmerking komende inventaris artikelen",
        "hidedlcunownedgames": "DLC voor spellen die je niet hebt",
        "hltb": "Laat HowLongToBeat.com informatie zien",
        "hidespamcomments": "Verberg spam comments bij de Workshop & profielen",
        "hide_owned": "Items die jij hebt in zoek resultaten en tag paginas",
        "reset": "Reset opties",
        "api_key": "API Sleutel",
        "gift": "Items opgeslagen als cadeau",
        "show_sysreqcheck": "Laat knoppen zien om te kijken naar systeem eisen op app pagina's (Experimenteel!)",
        "es_bg": "Zet aangepaste achtergrond in \"bewerk profiel\" scherm",
        "regional_price_mouse": "op prijs muis over",
        "friends_rec": "Items die jouw vrienden hebben beoordeeld",
        "lowestprice_header": "Prijs historie informatie",
        "total_spent": "Toon totaal uitgegeven op account pagina",
        "add_wallet_balance": "Geef Steam-Portemonnee saldo weer in de header",
        "add_to_cart_wishlist": "Toon \"Voeg toe aan winkelwagen\"-knop op verlanglijsten",
        "about_text": "<div class=\"header\">Over Ons <a href='http://www.enhancedsteam.com'>Enhanced Steam</a>:</div><p>Enhanced Steam is een expansie voor Google Chrome dat veel nieuwe functies toevoegt aan de Steam website.<p>Functies zoals:<ul><li>Highlight spellen die je al hebt</li><li>Highlight spellen op je wenslijst</li><li>Correct berekenen hoeveel bundel korting je krijgt op spellen die je al hebt</li><li>Toont hoeveel geld jij hebt uitgegeven op Steam vanaf het begin van jouw account</li><li>Highlight DLC die jij al hebt op het spel pagina</li><li>Maakt \"geen afbeelding beschikbaar\" iconen op je wenslijst voor elk spel en DLC</li><li>Laat zien welke spellen 3rde partij DRM hebben</li></ul><p>Als je deze extensie handig vindt, kun je overwegen om wat geld te doneren.",
        "stores_all": "Vergelijk alle winkels",
        "show_early_access_text": "Toon Early Access afbeelding banners",
        "author_info": "door jshackles",
        "profile_link_images_gray": "Grijswaarden",
        "quickinv": "Geef Quick Sale knoppen op Steam Community items in je inventaris",
        "quickinv_diff": "Snelle verkoop veranderaar:",
        "library_f2p": "Toon gespeelde gratis om te spelen spellen en demos in bibliotheek",
        "inventory_market_text": "Toon Market prijs in inventory pagina",
        "send_age_info": "Verstuur automatisch leeftijd verificatie wanneer gevraagd",
        "pcgw": "Laat PCGamingWiki links zien",
        "store_steamcards": "Toon SteamCardExchange links op winkelpagina 's",
        "spamcommentregex": "Reguliere Expressie string:",
        "hide_owned_homepage": "Items die jij hebt op de hoofdpagina",
        "saved_note": "Opties bewaard",
        "regional_hideworld": "Verberg globale indicator",
        "show_astatslink": "Laat AStats link op app pagina's zien",
        "showclient": "Toon Steam Client verbindingen",
        "guest": "Items waar je een gast pas voor hebt ",
        "show_steamchart_info": "Laat SteamCharts.com info zien",
        "show_steamspy_info": "Toon steamspy.com info",
        "showallachievements": "Toon achievements statistieken op \"Alle spellen\" pagina",
        "lowestprice_onwishlist": "Laat zien op verlanglijst",
        "steamrepapi": "Toon SteamRep status op profiel pagina's",
        "header": "Koptekst",
        "lowestprice": "Laat zien",
        "group_events": "Toon evenementen bij groep overzicht",
        "changelog": "Veranderingen:",
        "owned": "Items die jij hebt",
        "steamdb": "Laat SteamDB links zien",
        "hide_early_access": "Verberg Early Access spellen op hoofdpagina, browse, en zoek paginas",
        "reset_note": "Opties gereset",
        "html5video": "Laat videos zien via HTML5 in plaats van Flash",
        "profiles_link_group_game": "Game exclusive",
        "friends_wishlist": "Items die je vrienden op hun wenslijst hebben",
        "showspeechsearch": "Voeg spraak invoegen toe aan zoeken",
        "profile_link_images_color": "Gekleurd",
        "hide_about": "Verberg \"Over Ons\" link",
        "show_empty_wishlist": "Knop \"Verlanglijst Leegmaken\" weergeven",
        "inventory_nav_text": "Toon geavanceerde navigatie in inventory pagina",
        "carousel_description": "Laat app beschrijving op de winkel front zien",
        "market_total": "Toon transactie samenvatting op de Market",
        "hide_install": "Verstop \"Installeer Steam\" knop",
        "lowestprice_coupon": "Voeg kortingcodes toe bij prijs vergelijking",
        "general": "Algemeen",
        "market": "Markt",
        "inventory": "Inventaris",
        "profile": "Profiel",
        "show_languagewarning": "Toon waarschuwing als browser in een andere taal dan",
        "homepage": "Thuispagina",
        "homepage_default_tab": "Standaard thuispagina tabblad",
        "homepage_default_tab_remember": "Onthoud vorige",
        "homepage_default_tab_newreleases": "Populaire Nieuwe Releases",
        "homepage_default_tab_allreleases": "Alle Nieuwe Releases",
        "homepage_default_tab_topsellers": "Best Verkopend",
        "homepage_default_tab_upcoming": "Opkomende",
        "homepage_default_tab_specials": "Speciale",
        "wishlist": "Items op jouw wenslijst",
        "add_another_region": "Toevoegen",
        "skip_got_steam": "Overslaan van het venster 'Kreeg stoom?'",
        "store_general_thirdparty": "Opties voor informatie uit 3rd sites",
        "purchase_dates": "Toon de aankoopdatum van toepassingen op winkelpagina's",
        "show_badge_progress": "Toon apps hun badge voortgang op winkelpagina's",
        "show_wishlist_link": "Toon verlanglijst link op profielen",
        "show_wishlist_count": "Toon het aantal artikelen op de verlanglijst",
        "lang": {
            "english": "Engels",
            "brazilian": "Portugees-Braziliaans",
            "bulgarian": "Bulgaars",
            "czech": "Tjsegisch",
            "danish": "Deens",
            "dutch": "Nederlands",
            "finnish": "Fins",
            "french": "Frans",
            "greek": "Grieks",
            "german": "Duits",
            "hungarian": "Hongaars",
            "italian": "Italiaans",
            "japanese": "Japans",
            "koreana": "Koreaans",
            "norwegian": "Noors",
            "polish": "Pools",
            "portuguese": "Portugees",
            "russian": "Russisch",
            "romanian": "Roemeens",
            "schinese": "Vereenvoudigd Chinees",
            "spanish": "Spaans",
            "swedish": "Zweeds",
            "tchinese": "Traditioneel Chinees",
            "thai": "Thai",
            "turkish": "Turks",
            "ukrainian": "Oekraïens"
        }
    },
    "ready": {
        "errormsg": "Fout tijdens het laden van Enhanced Steam gegevens",
        "loading": "Enhanced Steam is gegevens aan het laden...",
        "ready": "Enhanced Steam gereed",
        "failed": "Een of meer aanvragen mislukt"
    },
    "twitch": {
        "now_streaming": "__username__ is aan het livestreamen op Twitch",
        "viewers": "kijkers",
        "followers": "volgers",
        "views": "Weergaven"
    },
    "survey": {
        "performance_survey": "Prestatie enquete",
        "users": "__users__ gebruikers hebben voltooid de prestatie enquete voor dit spel",
        "framerate": "Framerate",
        "framerate_response": "antwoordde dat de framerate was",
        "framerate_30": "vastgesteld op 30fps of lager",
        "framerate_fi": "vastgesteld op hoger dan 30fps",
        "framerate_va": "variabele, afhankelijk van de hardware",
        "resolution": "Resolutie",
        "resolution_support": "Dit spel blijkt te ondersteunen",
        "resolution_less": "minder dan __pixels__ resolutie",
        "resolution_up": "tot __pixels__ resolutie",
        "graphics_settings": "Grafische instellingen",
        "satisfaction": "Prestatie Tevredenheid van GPU",
        "gs_y": "Heeft ingebouwde grafische opties of een grafische menu",
        "gs_n": "Heeft geen ingebouwde grafische opties of een grafische menu",
        "nobody": "Nog niemand heeft een prestatie enquete voor dit spel genomen",
        "take": "Deelnemen aan de enquête"
    },
    "select": {
        "wishlisted_dlc": "Selecteer Wenslijst DLC",
        "none": "Selecteer Geen",
        "unowned_dlc": "Selecteer Onbeheerde DLC"
    },
    "tag": {
        "wishlist": "Verlanglijst",
        "friends_own": "__friendcount__ eigen",
        "coupon": "Waardebon",
        "friends_rec": "<a href=\"http://store.steampowered.com/recommended/byfriends/__appid__\">__friendcount__ door vrienden beoordeeld",
        "inv_gift": "Cadeau",
        "inv_guestpass": "Gastenpas",
        "owned": "In je bezit",
        "notinterested": "Niet geïnteresseerd",
        "friends_want": "<a href=\"http://steamcommunity.com/my/friendsthatplay/__appid__\">__friendcount__ willen dit</a>"
    },
    "wallet": {
        "custom_amount": "Voeg custom getal toe",
        "custom_amount_text": "Voeg elke hoeveelheid toe over __minamount__"
    },
    "wsgf": {
        "incomplete": "Onvolledig ",
        "unsupported": "Deze score wordt uitgereikt aan spellen die geen __type__ ondersteuning hebben. Het spel kan onspeelbaar zijn in __type__, of het beeld is uitgerekt om op het scherm te passen. Het juiste aspect ratio is niet behouden.",
        "gold": "Deze medaille wordt uitgereikt aan spellen die perfect scores hebben van de WSGF voor hun __type__ ondersteuning, en zijn __type__ gekwalificeerd.",
        "silver": "Deze medaille wordt uitgereikt aan spellen die een gecalculeerde score van B hebben voor hun __type__ ondersteuning.  All deze spellen zijn zonder grote gebreken maar hebben tenminste een tekortkoming waardoor het net geen perfecte score heeft.",
        "limited": "Deze score wordt uitgedeeld aan spellen die een berekende score hebben van C voor hun __type__ ondersteuning. Alle spellen hiermee hebben een vorm van __type__ ondersteuning maar hebben redelijk veel problemen.",
        "certifications": "WSGF breedbeeld certificeringen"
    },
    "itad": {
        "option": "Toon menu optie om informatie te synchroniseren met IsThereAnyDeal.com",
        "send_to_itad": "Verstuur spellen in bezit naar IsThereAnyDeal",
        "sending": "Spellen en pakketten die je in bezit hebt worden geladen en naar IsThereAnyDeal.com verstuurd"
    },
    "tradeoffer": {
        "num_item": "__num__ object",
        "num_items": "__num__ object"
    },
    "update": {
        "dont_show": "Niet nogmaals tonen",
        "updated": "Enhanced Steam is vernieuwd naar __version__",
        "changes": "Deze release bevat de volgende wijzigingen"
    },
    "register": {
        "success": "__gamename__ is succesvol geactiveerd",
        "owned": "Dit Steam-account beschikt al over dit/deze product(en) in deze ruilaanbieding.",
        "notavail": "Sorry, maar dit product is niet beschikbaar in dit land. Je productcode is niet geactiveerd.",
        "invalid": "De productcode die heb hebt ingevuld is niet geldig. Misschien heb je een spelfout gemaakt.",
        "already": "De productcode die je hebt opgegeven is al geactiveerd door een ander Steam-account.",
        "dlc": "De productcode die je hebt ingevuld vereist het in bezit hebben van een ander product.",
        "wallet": "De code die je hebt ingevuld is een Steam-cadeaukaart of Steam-portemonnee code",
        "toomany": "Er zijn recent teveel pogingen geweest om een product te activeren van dit account. Probeer het later opnieuw.",
        "default": "Er is een onverwachte fout opgetreden. De productcode is niet geactiveerd. Probeer het over 30 minuten opnieuw."
    }
}