{
    "post_history": "Visa inläggshistoria",
    "add_nickname": "Lägg till Smeknamn",
    "total_size": "Total storlek",
    "dlc_details": "Nedladdningsbar innehåll detaljer",
    "badge_not_unlocked": "Ej upplåst",
    "each": "Varje",
    "view_in_market": "Sök på gemenskapsmarknaden",
    "homepage_spotlight": "I rampljuset",
    "official_group_url": "steamcommunity.com/groups/enhancedsteam",
    "remove": "Ta bort",
    "get_help": "Få hjälp",
    "add_selected_dlc_to_cart": "Lägg till valda DLC i kundvagn",
    "credits": "Kredit",
    "store_transactions": "Butikstransaktioner",
    "activates": "Aktiveras på Steam",
    "games_coupon": "Spel med kupong",
    "all_friends_own": "Alla vänner som äger detta (__friendcount__)",
    "translate": "Översätt",
    "search_names_only": "Sök endast på namn",
    "packs": "Paket",
    "remove_owned_wishlist": "Ta bort alla ägda spel ifrån önskelistan",
    "donate": "Donera",
    "close": "Stäng",
    "error": "Ett fel uppstod",
    "go": "Gå",
    "activate": "Aktivera en produkt",
    "activate_multiple_header": "Ange produktkoder nedan, endast en per rad",
    "activate_multiple": "Aktivera fler produkter",
    "activate_products": "Aktivera produkter",
    "coupon_application_note": "En kupong i ditt förråd kommer automatiskt appliceras i kassan",
    "hide": "Göm",
    "cards_owned": "__owned__ av __possible__ kort ägda",
    "common_label": "Göm spel som du inte äger",
    "birthday_message": "Grattis på Steam-födelsedagen, __username__! Ditt Steam-konto är __age__ år gammalt idag.",
    "buying_total": "Totalpris för ordern",
    "allreleases_products": "Välj vilka produkttyper du vill se i denna sektion",
    "library_menu": "Bibliotek",
    "clear_cache": "Töm cachedata",
    "events": "Evenemang",
    "translation": "Översättning",
    "lowest": "Lägst",
    "lowest_price": "Lägsta pris just nu",
    "view_badge_progress": "Visa emblem framsteg",
    "badge_progress": "Visa märkesframsteg",
    "sales_total": "Total försäljning",
    "hold_total": "Totalt hållna",
    "view_normal_badge": "Visa normala märkesframsteg",
    "community_name_account_header": "__username__s konto",
    "apppage_sections": "Markera de avsnitt du vill se på denna sida",
    "search_error": "Fel vid inläsning av fler sökresultat",
    "website": "Hemsida",
    "games": "Spel",
    "total_time": "Total tid",
    "dlc_suggest": "Föreslå en ny kategori",
    "badge_completion_cost": "Kostnaden för att komplettera märket",
    "loading": "Laddar...",
    "selling": "Säljer...",
    "quick_sell": "Snabb sälja för __amount__",
    "instant_sell": "Sälj direkt för __amount__",
    "starting_at": "Från",
    "hardwareads": "Hårdvarureklam",
    "homepage_tabs": "Startsidans flik",
    "store": "Butik",
    "view_in": "Visa i",
    "drm_third_party": "Varning: Titeln använder tredjeparts DRM",
    "stores": "Butiker",
    "game_transactions": "Speltransaktioner",
    "after_coupon": "efter kupongkod",
    "games_installed": "Installerade spel",
    "hours_short": "__hours__ timmar",
    "faqs": "Vanliga frågor",
    "spam_comment_show": "\"__num__\"Spamkommentarer dolda på denna sida. Klicka här för att visa dem.",
    "dlc": "Nedladdningsbart innehåll",
    "add_to_wishlist": "Lägg till i önskelistan",
    "language": "Språk",
    "theworddefault": "Standard",
    "coupon_learn_more": "<a href=\"https://support.steampowered.com/kb_article.php?ref=4210-YIPC-0275\">Läs mer</a> om Steam kuponger",
    "show": "Visa",
    "badges_all": "Alla märken",
    "comparison_mode": "Aktivera alla spelöversiktläge för att se speljämförelse",
    "search": "Sök",
    "es_supporter": "Stödjer Enhanced Steam",
    "view_to_scale": "View to scale",
    "videos": "Videor / Trailers",
    "community": "Gemenskap",
    "dlc_data_header": "Detaljer för nedladdningsbar innehåll",
    "graphics": "Grafik",
    "trading_cards": "Steam samlarkort",
    "view_badge": "Visa märke",
    "purchase_total": "Köpt totalt",
    "view_foil_badge": "Visa foliemärkesframsteg",
    "view_astats": "Visa AStats-Sida",
    "apppage_purchase": "Köpesalternativ",
    "search_error_retry": "Klicka här för att försöka igen",
    "contribute": "Bidra (GitHub)",
    "reviews": "Recensioner",
    "read_reviews": "Läs omdömen",
    "read_more_reviews": "Läs fler omdömen på",
    "size": "Storlek",
    "package_info": "Paketinformation",
    "badge_completion_avg": "Genomsnittlig kostnad för att komplettera",
    "using_store": "Du använder Steam-butiken för __current__ regionen.",
    "volume_sold_last_24": "Volym: __sold__ såld(a) de senaste 24 timmarna",
    "sold_last_24": "__sold__ såld(a) de senaste 24 timmarna",
    "homepage_sidebar": "Sidopanel",
    "drop_calc": "Klicka här för att beräkna hur många hittade föremål kvarstår",
    "price": "Pris",
    "view_marketplace": "Visa marknadsplats",
    "market_transactions": "Marknadstransaktioner",
    "card_drops_remaining": "__drops__ kvarvarande kort som släpps",
    "badges_drops": "Märken med kort kvar att hitta",
    "using_language_return": "Klicka här för att bläddra Steam på __base__.",
    "spam_comment_warn": "Här finns det drakar...",
    "guides": "Guider",
    "buy_wishlist": "Köp allt i önskelistan",
    "highlight": "Höjdpunkt",
    "save": "Spara",
    "not": "Inte __tag__",
    "add_to_cart": "Lägg till i kundvagn",
    "view": "Visa",
    "games_all": "Alla spel",
    "permalink": "Permalänk",
    "game_name": "Spelnamn",
    "gift_transactions": "Gåvotransaktioner",
    "demos": "Demos",
    "notinterested": "Objekt som markeras inte intresserad",
    "mixed_item": "Produkter med blandade betyg",
    "negative_item": "Produkter med negativt betyg",
    "price_above": "Föremål som kostar mer än",
    "price_above_tooltip": "Ange noll för gratis artiklar eller artiklar utan prislappar; lämna fältet tomt om du vill inaktivera den här funktionen",
    "news": "Nyheter",
    "check_system": "Kontrollera ditt system",
    "viewinclient": "Visa i Steam klienten",
    "custom_background": "Anpassad Bakgrund",
    "custom_style": "Anpassat Tema",
    "custom_style_help": "Alla användare av Enhanced Steam kommer att se detta temat på din profil. Användare utan Enhanced Steam kommer inte att se ändringen.",
    "noneselected": "Ingen Vald / Ingen Ändring",
    "most_drops": "Flest kort kvar att hitta",
    "badge_foil_progress": "Visa foliemärkesframsteg",
    "net_gain": "Nettovinst",
    "apppage_legal": "Juridisk Information",
    "acrtag_msg": "Byten mellan vissa regioner är inaktiverat för det här objektet",
    "bug_feature": "Rapportera bugg / Föreslå funktion",
    "always": "Alltid",
    "compare": "Jämför",
    "discount": "Rabatt",
    "discountper": "Rabatt (procent)",
    "discountabs": "Rabatt (belopp)",
    "rating_details": "Se betygsdetaljer",
    "drops_worth_avg": "Cirkavärde",
    "using_store_return": "Klicka här för att gå tillbaka till\"__base__\"butiken.",
    "family_sharing_notice": "<b>Varning:</b> Det här spelet är uteslutet från Steams familjedelning.",
    "valid": "Giltlig",
    "price_options": "Prisinställningar",
    "no_results_found": "Inget resultat",
    "visit_store": "Visa butikssidan",
    "all": "Alla",
    "total_spent": "Totalt spenderat",
    "games_with_drops": "\"__dropsgames__\"Spel med fler kort att hitta",
    "binder_view": "Binder Visa",
    "view_stats": "Visa statistik",
    "using_language": "Du bläddrar Steam på __current__.",
    "popular": "Populärt",
    "visit_trade_forum": "Gå till Bytesforumet",
    "software": "Mjukvara",
    "purchase_date": "(Köpt __date__)",
    "custom_background_help": "Alla Enhanced Steam användare kommer att se denna bakgrunden på din profil. Vanliga användare kommer att se din vanliga bakgrund.",
    "date_unlocked": "Datum upplåst",
    "view_badge_foil": "Visa foliemärke",
    "net_spent": "Netto spenderat",
    "homepage_carousel": "Karusell",
    "acrtag_tooltip": "Objektet kan inte bytas mellan regioner om inhandlat i Östeuropa, Sydamerika, eller Sydostasien",
    "official_group": "Officiella gruppen",
    "saved": "Sparad",
    "add_unowned_dlc_to_cart": "Lägg till icke-ägda DLC i kundvagn",
    "buy": "Köp",
    "buy_package": "Köp __package__",
    "more_information": "Mer information",
    "games_discount": "Rabatterade spel",
    "region_unavailable": "Ej tillgänglig i denna region",
    "item_type": "Typ av föremål",
    "avg_price_3cards": "Genomsnittspris för tre samlarkort",
    "mods": "Modifikationer",
    "empty_wishlist": "Töm önskelistan",
    "empty_wishlist_confirm": "Är du säker på att du vill tömma din önskelista?\n\nÅtgärden kan inte ångras!",
    "empty_wishlist_loading": "Tömmer din önskelista, vänligen vänta...",
    "about": "Om",
    "never": "Aldrig",
    "coupon_available": "Du har en kupong tillgängligt!",
    "info": "Info",
    "launch_random": "Starta slumpmässigt spel",
    "play_game": "Spela __gamename__?",
    "drops_value": "Högsta droppe värdet",
    "notcommon_label": "Göm spel som du äger",
    "show_all_steam_releases": "Visa alla Steamsläpp",
    "wishlist": "Önskelista",
    "on_wishlist": "På önskelista",
    "notdiscounted": "Artiklar ej rabatterade",
    "cancel": "Avbryt",
    "wiki_article": "Visa __pcgw__ artikel",
    "view_all": "VISA ALLA",
    "programming": "Programmering",
    "historical_low": "Historiskt lägsta pris",
    "games_with_booster": "__boostergames__ spel som är berättigad till booster-paket",
    "sort_by": "Sortera efter:",
    "lastonline": "Senast Online",
    "edit_price": "Redigera pris",
    "relist": "återlista",
    "relist_an_item": "Återlista ett objekt",
    "relist_text": "Vill du återlista detta objekt till ett lägre pris?",
    "search_market": "Sök på Steams Gemenskapsmarknad",
    "drm_third_party_sub": "Varning: En eller flera titlar i detta paket använder 3djeparts DRM",
    "customize": "Anpassa",
    "custom": "Anpassa",
    "bundle_saving_text": "Detta sparar du genom att köpa detta paket",
    "thewordoptions": "Inställningar",
    "concepts": "Konsept",
    "collections": "Samlingar",
    "discussions": "Diskussioner",
    "add_wishlist_note": "Lägg till en önskelista",
    "update_wishlist_note": "Uppdatera önskelista",
    "add_wishlist_note_prompt": "Ange din notering till önskelistan",
    "update_wishlist_note_prompt": "Uppdatera din notering till önskelistan",
    "results": "__num__ Resultat",
    "all_results": "Alla __num__ resultat visas",
    "see_more": "Visa mer",
    "lowest_price_format": "__price__ på __store__",
    "historical_low_format": "__price__ på __store__ den __date__",
    "favorited": "Favoriterad",
    "followed": "Följde",
    "leave_group_selected": "Lämna markerade",
    "leave_group_all": "Lämna alla",
    "leave_group_all_confirm": "Du håller på att lämna alla grupper du tillhör! Är du säker på att du vill fortsätta?",
    "leave_group_admin_confirm": "Du är Admin i denna grupp: __groupname__ är du säker på att du vill lämna?",
    "wrong_try_again": "Något gick snett. Försök igen.",
    "join_group": "Gå med i grupp",
    "chat": "Chatt",
    "web_browser_chat": "Webbchatt",
    "steam_client_chat": "Steam chatt",
    "available": "Tillgängligt",
    "set_as_background": "Ange som bakgrund",
    "preview_background": "Förhandsgranska bakgrund",
    "details": "Detaljer",
    "expand_slider": "Expandera reglaget",
    "contract_slider": "Reglaget för kontrakt",
    "early_access": "Förhandstillgång",
    "filter_games": "Filtrera spel",
    "note_for": "Anmärkning för",
    "show_wishlist_total": "Visa önskelista totalt",
    "tag_short": "Använda korta Taggar för att spara utrymme",
    "no_price_data": "Prisinformation saknas",
    "exclude_tags": "Exkludera Taggar",
    "user_score": "Användarpoäng",
    "user_reviews": "Användar-recensioner",
    "review_summary": "__percent__ av __num__ användarrecensioner för detta spel är positiva.",
    "market_popular_items_toggle": "Växla live uppdatering för populära produkter",
    "achievements": {
        "option": "Visa framsteg på butikssidorna",
        "achievements": "Framsteg",
        "includes": "Inkluderar __num__ Steam Framsteg",
        "view_all": "Visa alla framsteg"
    },
    "bundle": {
        "offer_ends": "Erbjudandet slutar",
        "at_least": "Betala minst",
        "pwyw": "Betala vad du vill",
        "includes": "Inkluderar __num__ föremål",
        "tier_includes": "__tier__ (__price__) innehåller __num__ föremål",
        "tier": "Nivå __num__",
        "header": "Antal paket som har detta spel",
        "info": "Paket information",
        "bundle_count": "Antal gånger som detta spel har varit med i ett paket"
    },
    "charts": {
        "peakall": "Högsta antalet spelare någonsin",
        "current": "Antal spelare",
        "playing_now": "spelar just nu",
        "peaktoday": "Högsta antalet spelare idag"
    },
    "hltb": {
        "title": "Hur länge att avklaras",
        "main_e": "Huvudstory och extra",
        "compl": "Perfektionist",
        "submit": "Skicka din tid",
        "main": "Huvudstory",
        "no_data": "Ingen data hittades",
        "help": "Klicka här för att hjälpa till",
        "wrong": "Fel spel?"
    },
    "library": {
        "in_library": "I biblioteket",
        "error_loading_library": "Kunde inte ladda ditt bibliotek",
        "categories": "Kategorier...",
        "genres": "Genrer...",
        "private_profile": "Ställ in din profilstatus till offentligt <a href='http://steamcommunity.com/my/edit/settings'>i dina inställningar</a> för att använda denna funktion"
    },
    "spy": {
        "player_data": "Spelarnas Data",
        "owners": "Ägarna",
        "players_total": "Spelarens Total",
        "players_2weeks": "Spelare under de två senaste veckorna",
        "average_playtime": "Genomsnittliga speltid",
        "average_playtime_2weeks": "Genomsnittliga speltid under de senaste två veckorna",
        "formatted_time": "__hours__ timmar, __minutes__ minuter"
    },
    "options": {
        "wsgf": "Visa WSGF (Widescreen) information",
        "version_show": "Visa senaste ändringar när Enhanced Steam uppdateras",
        "steamcardexchange": "Visa SteamCardExchange länkar i märken",
        "regional_price": "Regionala prisjämförelse",
        "acrtag": "Visa varningar på spel där byten mellan regioner är inaktiverat",
        "excludef2p": "Exkludera free to play spel i höjdpunkter",
        "contscroll": "Aktivera kontinuerligt scrollning i sökresultaten",
        "profile_link_images_none": "Ingen",
        "replace_account_name": "Ersätt kontonamn med gemenskapsnamnet",
        "profile_links": "Visa profillänkar till",
        "library_header": "Bibliotek (BETA) ",
        "tag": "Tagg",
        "icon": "Ikon",
        "name": "Namn",
        "show_alternative_linux_icon": "Visa alternativa Linux ikonen",
        "showcomparelinks": "Visa \"Jämförelselänk\" för prestationer på vänaktivitetssidan",
        "hidetmsymbols": "Varumärke och Copyright symboler i speltitlar",
        "metacritic": "Visa användarnas betyg från Metacritic",
        "opencritic": "Visa information på Opencritic.com",
        "hideactivelistings": "Göm alla aktiva annonser på Market startsidan som förval",
        "clear": "Är du säker på att du vill återställa alla inställningar? Detta kan inte ångras",
        "profile_api_info": "Vissa användares API link i profilen",
        "coupon": "Spel med kuponger",
        "show_package_info": "Visa paket info för alla appar",
        "wlbuttoncommunityapp": "Visa \"Lägg till i önskelistan\"-knaooen i gemenskapssidorna",
        "removeguideslanguagefilter": "Filtrera inte automatiskt guider av språk",
        "disablelinkfilter": "Inaktivera bekräftelse när du besöker externa webbplatser",
        "regional_price_on": "Visa regional pris jämförelse",
        "cart": "Föremål i kundvagnen",
        "friends_own": "Föremål som dina vänner äger",
        "drm": "Visa tredjeparts DRM varningar",
        "profile_permalink": "Visa permalänk på profiler",
        "show_regionwarning": "Visa varning ifall man bläddrar på en icke-konto region",
        "foot_link": "Utbyggda Enhanced Steam",
        "profile_link_images": "Profil länk bilder",
        "library": "Visa Bibliotek knappen i sidhuvudet ",
        "show1clickgoo": "Visa \"Omvandla till Ädelstenar med ett klick\" knappen på tillämpliga lagerartiklar",
        "hidedlcunownedgames": "DLC för spel du inte äger",
        "hltb": "Visa information ifrån HowLongToBeat.com",
        "hidespamcomments": "Göm spamkommentarer i Workshop och profiler",
        "hide_owned": "Föremål du äger i sökresultatet i taggsidorna",
        "reset": "Återställ inställningar",
        "api_key": "API Nyckel",
        "gift": "Föremål lagrade som gåvor",
        "show_sysreqcheck": "Visa en knapp för att kolla system kraven på app sidan (Experimental!)",
        "es_bg": "Sätt en användaranpassad bakgrund på \"Redigera Profil\" skärmen",
        "regional_price_mouse": "När muspekaren förs över priset",
        "friends_rec": "Föremål som dina vänner har recenserat",
        "lowestprice_header": "Prishistorik",
        "total_spent": "Visa totalt spenderat i kontosidan",
        "add_wallet_balance": "Visa Steam-plånbok tillgångar i header",
        "add_to_cart_wishlist": "Visa \"Lägg till i varukorgen\" knappen på önskelistor",
        "about_text": "<div class=\"header\">Om<a href='http://www.enhancedsteam.com'>Enhanced Steam</a>:</div><p>Enhanced Steam är ett tilläg till Google Chrome som lägger till många nya funktioner på Steam webbsidan<p>Funktioner som:<ul><li>Markera spel som du redan äger</li><li>Markera spel på din önskelista</li><li>Korrekt beräkna paket rabatten baserat på spel du redan äger</li><li>Visa hur mycket pengar du har spenderat på steam under ditt accounts livs tid</li><li>Markera DLC du redan äger på en spelsida</li><li>Fixar \"Ingen Bild Tillgänglig\" på din önskelista för alla spel och DLC</li><li>Pekar ut titlar med tredje parts DRM</li></ul><p>Om dy tycker det här tillägget är användbart, snälla fundera på att donera.",
        "stores_all": "Jämför med alla butiker",
        "show_early_access_text": "Visa Early Access bildbanner",
        "author_info": "av jshackles",
        "profile_link_images_gray": "Gråskala",
        "quickinv": "Visa snabb-försäljningsknapparna på Steam-gemenskapen objekt i ditt lager",
        "quickinv_diff": "Snabb försäljning modifiering:",
        "library_f2p": "Visa spelade free to play spel och demos i bibloteket",
        "inventory_market_text": "Visa marknadspriser i förrådsidorna",
        "send_age_info": "Skicka automatiskt åldersverifiering när den frågas",
        "pcgw": "Visa PCGamingWiki länkar",
        "store_steamcards": "Visa SteamCardExchange-länkar på butikssidor",
        "spamcommentregex": "Reguljär uttryck sträng:",
        "hide_owned_homepage": "Saker du äger på huvudsidan",
        "saved_note": "Inställningar sparad",
        "regional_hideworld": "Dölja globe indikator",
        "show_astatslink": "Vista AStats-länk på app-sidor",
        "showclient": "Visa Steam-klient länkar",
        "guest": "Föremål som du har gästpass till",
        "show_steamchart_info": "Visa information ifrån SteamCharts.com",
        "show_steamspy_info": "Visa steamspy.com information",
        "showallachievements": "Visa framstegsstatistik i \"Alla spel\" sida",
        "lowestprice_onwishlist": "Visa på Önskelistan",
        "steamrepapi": "Visa status för SteamRep på profilsidan",
        "header": "Sidhuvud",
        "lowestprice": "Visa",
        "group_events": "Visa evenemang i gruppöversiktet",
        "changelog": "Ändringslogg",
        "owned": "Föremål du äger",
        "steamdb": "Visa SteamDB länkar",
        "hide_early_access": "Göm Early Acces spel på huvudsidan, bläddring och sök resultat",
        "reset_note": "Inställningar är återställda",
        "html5video": "Visa videor med HTML5 istället för Flash",
        "profiles_link_group_game": "Game exclusive",
        "friends_wishlist": "Föremål som dina vänner har i önskelistan",
        "showspeechsearch": "Lägg till röstsök i sökrutorna",
        "profile_link_images_color": "Färgad",
        "hide_about": "Göm \"Om\" länken",
        "show_empty_wishlist": "Visa \"Töm Önskelista\" knappen",
        "inventory_nav_text": "Visa avancerad navigation i förrådssidorna",
        "carousel_description": "Visa app beskrivning på affärs banderollen",
        "market_total": "Visa sammanfattning på transaktioner i Marknaden",
        "hide_install": "Göm \"Installera Steam\" knappen",
        "lowestprice_coupon": "Inkludera kupongkoder i prisjämförelse",
        "general": "Allmänt",
        "market": "Marknad",
        "inventory": "Lager",
        "profile": "Profil",
        "show_languagewarning": "Visa varning ifall man bläddrar på annat språk än",
        "homepage": "Hemsida",
        "homepage_default_tab": "Standard hemsida",
        "homepage_default_tab_remember": "Kom ihåg tidigare",
        "homepage_default_tab_newreleases": "Populära nya releaser",
        "homepage_default_tab_allreleases": "Alla nya releaser",
        "homepage_default_tab_topsellers": "Bästsäljare",
        "homepage_default_tab_upcoming": "Kommande",
        "homepage_default_tab_specials": "Kampanjer",
        "wishlist": "Föremål i din önskelista",
        "add_another_region": "Lägg tilll",
        "skip_got_steam": "Hoppa över 'har du Steam?' fönstret",
        "store_general_thirdparty": "Alternativ för information ifrån tredjepartssidor",
        "purchase_dates": "Visa appars inköpsdatum på butikssidor",
        "show_badge_progress": "Visa appars märkesframsteg på butiken",
        "show_wishlist_link": "Visa en länk till önskelistan på profiler",
        "show_wishlist_count": "Visa antalet produkter på önskelistan",
        "lang": {
            "english": "Engelska",
            "brazilian": "Portugisisk-Brasilien",
            "bulgarian": "Bulgariska",
            "czech": "Tjeckiska",
            "danish": "Danska",
            "dutch": "Nederländska",
            "finnish": "Finska",
            "french": "Franska",
            "greek": "Grekiska",
            "german": "Tyska",
            "hungarian": "Ungerska",
            "italian": "Italienska",
            "japanese": "Japanska",
            "koreana": "Koreanska",
            "norwegian": "Norska",
            "polish": "Polska",
            "portuguese": "Portugisiska",
            "russian": "Ryska",
            "romanian": "Rumänska",
            "schinese": "Förenklad kinesiska",
            "spanish": "Spanska",
            "swedish": "Svenska",
            "tchinese": "Traditionell kinesiska",
            "thai": "Thailändska",
            "turkish": "Turkiska",
            "ukrainian": "Ukrainska"
        }
    },
    "ready": {
        "errormsg": "Fel vid inläsning av Enhanced Steams data",
        "loading": "Enhanced Steam laddar data...",
        "ready": "Enhanced Steam är redo",
        "failed": "En eller flera förfrågningar misslyckades"
    },
    "twitch": {
        "now_streaming": "__username__ streamar live på Twitch",
        "viewers": "Tittare",
        "followers": "Följare",
        "views": "Visningar"
    },
    "survey": {
        "performance_survey": "Prestationsundersökning",
        "users": "__users__ användare har slutfört Prestationsundersökningen för detta spel",
        "framerate": "Bildfrekvens",
        "framerate_response": "svarade att bildfrekvensen var",
        "framerate_30": "fast på 30fps eller lägre",
        "framerate_fi": "fast på högre än 30fps",
        "framerate_va": "variabel, beroende på hårdvara",
        "resolution": "Upplösning",
        "resolution_support": "Detta spel verkar stödja",
        "resolution_less": "mindre än __pixels__ upplösning",
        "resolution_up": "upp till __pixels__ upplösning",
        "graphics_settings": "Grafikinställningar",
        "satisfaction": "Prestanda tillfredsställelse av GPU",
        "gs_y": "Har inbyggd grafik alternativ eller en grafik meny",
        "gs_n": "Har inte inbyggd grafik alternativ eller en grafik meny",
        "nobody": "Ingen har tagit en Prestationsundersökning för detta spel ännu",
        "take": "Ta Surveyn"
    },
    "select": {
        "wishlisted_dlc": "Välj önskelistade DLC",
        "none": "Välj inga",
        "unowned_dlc": "Välj icke ägda DLC"
    },
    "tag": {
        "wishlist": "Önskelista",
        "friends_own": "__friendcount__ äger",
        "coupon": "Kupong",
        "friends_rec": "<a href=\"http://store.steampowered.com/recommended/byfriends/__appid__\">__friendcount__ vänner recenserade ",
        "inv_gift": "Gåva",
        "inv_guestpass": "Gästpass",
        "owned": "Ägda",
        "notinterested": "Inte Intresserad",
        "friends_want": "<a href=\"http://steamcommunity.com/my/friendsthatplay/__appid__\">__friendcount__ önskar</a>"
    },
    "wallet": {
        "custom_amount": "Lägg till anpassat belopp",
        "custom_amount_text": "Lägg till vilket belopp som helst högre än __minamount__"
    },
    "wsgf": {
        "incomplete": "Ej komplett",
        "unsupported": "Denna poäng tilldelas spel som har inget stöd för __type__.  Spelet kan vara ospelbart __type__, eller bilden sträcks för att passa i fönstret.  Rätt bildförhållande bevaras inte.",
        "gold": "Denna medalj utdelas till spel som har fått perfekta poäng från WSGF för deras __type__ stöd och __type__ Certifierad.",
        "silver": "Denna medalj utdelas till spel som har fått beräknade betyget B för deras __type__ stöd.  Alla dessa spel är utan större brister, men har åtminstone en fläck som förhindrar ett perfekt resultat.",
        "limited": "Denna poäng tilldelas spel som har fått en beräknad klass C för deras __type__ stöd.  Alla dessa spel har viss __type__ stöd men har betydande problem.",
        "certifications": "WSGF Widescreen certifieringar"
    },
    "itad": {
        "option": "Visa menyn Alternativ för att synkroniseringsdata till IsThereAnyDeal.com",
        "send_to_itad": "Skicka ägda spel till IsThereAnyDeal",
        "sending": "Laddar din ägda spel och paket och skicka dem till IsThereAnyDeal.com"
    },
    "tradeoffer": {
        "num_item": "__num__ Objekt",
        "num_items": "__num__ Objekt"
    },
    "update": {
        "dont_show": "Visa inte igen",
        "updated": "Enhanced Steam har uppdaterats till __version__",
        "changes": "Den här versionen innehåller följande ändringar"
    },
    "register": {
        "success": "Aktiveringen av __gamename__ lyckades",
        "owned": "Detta Steam-kontot äger redan produkten/produkterna i erbjudandet.",
        "notavail": "Beklagar, men denna produkt är inte tillgänglig att köpas i ditt land. Din produktnyckel har inte aktiverats.",
        "invalid": "Produktkoden är inte giltig. Vänligen kontrollera om du har skrivit fel.",
        "already": "Produktkoden har redan blivit aktiverad av ett annat Steam-konto.",
        "dlc": "Produktkoden du har skrivit in kräver ägarskap av en annan produkt innan aktivering.",
        "wallet": "Koden du har skrivit in är ett Steam-gåvorkort eller Steam-plånbokskod",
        "toomany": "Det har varit för många senaste aktivering försök från detta konto.  Vänta och försök igen senare.",
        "default": "Ett oväntat fel uppstod. Din produktkod har inte aktiverats. Vänligen vänta 30 minuter och försök igen."
    }
}