{
  "post_history":"ดูประวัติการโพสต์",
  "add_nickname":"เพิ่มชื่อเล่น",
  "total_size":"ขนาดรวม",
  "dlc_details":"รายละเอียดเนื้อหาที่ดาวน์โหลดได้",
  "badge_not_unlocked":"ยังไม่ปลดล็อค",
  "each":"แต่ละ",
  "view_in_market":"ดูในตลาดชุมชน",
  "homepage_spotlight":"โดดเด่น",
  "official_group_url":"steamcommunity.com/groups/enhancedsteam",
  "remove":"ลบออก",
  "get_help":"ขอความช่วยเหลือ",
  "add_selected_dlc_to_cart":"เพิ่ม DLC ที่เลือกลงในรถเข็น",
  "credits":"เครดิต",
  "store_transactions":"การทำรายการบนร้านค้า",
  "activates":"เปิดใช้ใน Steam",
  "games_coupon":"เกมที่ใช้คูปองได้",
  "all_friends_own":"จำนวนเพื่อนทั้งหมดที่เป็นเจ้าของสิ่งนี้ (__friendcount__)",
  "translate":"แปลภาษา",
  "search_names_only":"ค้นหาโดยชื่อเท่านั้น",
  "packs":"แพ็ค",
  "remove_owned_wishlist":"ลบเกมที่มีออกจากสิ่งที่คุณอยากได้",
  "donate":"บริจาค",
  "close":"ปิด",
  "error":"เกิดข้อผิดพลาด",
  "go":"ไป",
  "activate":"เปิดใช้งานผลิตภัณฑ์",
  "activate_multiple_header":"ป้อนรหัสผลิตภัณฑ์ลงด้านล่าง หนึ่งผลิตภัณฑ์ต่อบรรทัด",
  "activate_multiple":"เปิดใช้งานหลายผลิตภัณฑ์",
  "activate_products":"เปิดใช้งานผลิตภัณฑ์",
  "coupon_application_note":"คูปองในคลังของคุณจะถูกนำมาปรับใช้โดยอัตโนมัติเมื่อคิดเงิน",
  "hide":"ซ่อน",
  "cards_owned":"เป็นเจ้าของการ์ด __owned__ จาก __possible__ ใบ",
  "common_label":"ซ่อนเกมที่คุณไม่ได้เป็นเจ้าของ",
  "birthday_message":"สุขสันต์วันเกิด __username__ บน Steam! บัญชี Steam ของคุณมีอายุครบ __age__ ปี ในวันนี้",
  "buying_total":"จำนวนการสั่งซื้อรวม",
  "allreleases_products":"เลือกประเภทของผลิตภัณฑ์ที่คุณต้องการเห็นในหมวดนี้",
  "library_menu":"คลัง",
  "clear_cache":"ล้างข้อมูลแคช",
  "events":"กิจกรรม",
  "translation":"การแปลภาษา",
  "lowest":"ต่ำที่สุด",
  "lowest_price":"ราคาถูกที่สุดในขณะนี้",
  "view_badge_progress":"ดูความคืบหน้าเหรียญตรา",
  "badge_progress":"ดูความคืบหน้าเหรียญตรา",
  "sales_total":"ยอดการขายรวม",
  "hold_total":"ราคาทั้งหมด",
  "view_normal_badge":"ดูความคืบหน้าเหรียญตราธรรมดา",
  "community_name_account_header":"บัญชีของ __username__",
  "apppage_sections":"เลือกหมวดที่คุณต้องการให้แสดงในหน้านี้",
  "search_error":"ตรวจพบข้อผิดพลาดในการโหลดผลลัพธ์การค้นหาเพิ่มเติม",
  "website":"เว็บไซต์",
  "games":"เกม",
  "total_time":"เวลารวม",
  "dlc_suggest":"แนะนำประเภทใหม่",
  "badge_completion_cost":"ค่าใช้จ่ายในการสร้างเหรียญตรา",
  "loading":"กำลังโหลด...",
  "selling":"กำลังขาย...",
  "quick_sell":"ขายด่วน __amount__ รายการ",
  "instant_sell":"ขายทันที __amount__ รายการ",
  "starting_at":"เริ่มต้นที่",
  "hardwareads":"การโฆษณาฮาร์ดแวร์",
  "homepage_tabs":"แท็บหน้าหลัก",
  "store":"ร้านค้า",
  "view_in":"ดูใน",
  "drm_third_party":"คำเตือน: รายการนี้ใช้งาน DRM ภายนอก",
  "stores":"ร้านค้า",
  "game_transactions":"การทำรายการในเกม",
  "after_coupon":"หลังจากใช้รหัสคูปอง",
  "games_installed":"เกมที่ติดตั้งแล้ว",
  "hours_short":"__hours__ ชม.",
  "faqs":"คำถามที่พบบ่อย",
  "spam_comment_show":"สแปม __num__ ความเห็น ถูกซ่อนในหน้านี้  คลิกที่นี่เพื่อแสดง",
  "dlc":"เนื้อหาเสริม",
  "add_to_wishlist":"เพิ่มลงไปในสิ่งที่คุณอยากได้",
  "language":"ภาษา",
  "theworddefault":"ค่าเริ่มต้น",
  "coupon_learn_more":"<a href=\"https://support.steampowered.com/kb_article.php?ref=4210-YIPC-0275\">เรียนรู้เพิ่มเติม</a> เกี่ยวกับคูปอง Steam",
  "show":"แสดง",
  "badges_all":"เหรียญตราทั้งหมด",
  "comparison_mode":"เปิดการใช้งานมุมมองโดยรวมของเกมเพื่อดูการเปรียบเทียบเกม",
  "search":"ค้นหา",
  "es_supporter":"ผู้สนับสนุน Enhanced Steam",
  "view_to_scale":"ดูแบบสเกล",
  "videos":"วิดีโอ / ตัวอย่าง",
  "community":"ชุมชน",
  "dlc_data_header":"รายละเอียดเนื้อหาที่ดาวน์โหลดได้",
  "graphics":"กราฟิกส์",
  "trading_cards":"การ์ดสะสมบน Steam",
  "view_badge":"ดูเหรียญตรา",
  "purchase_total":"ยอดการสั่งซื้อรวม",
  "view_foil_badge":"ดูความคืบหน้าเหรียญตราฟอยล์",
  "view_astats":"ดูหน้า AStats",
  "apppage_purchase":"ตัวเลือกการสั่งซื้อ",
  "search_error_retry":"คลิกที่นี่เพื่อลองอีกครั้ง",
  "contribute":"ให้การสนับสนุน (GitHub)",
  "reviews":"บทวิจารณ์",
  "read_reviews":"อ่านความคิดเห็นของผู้ใช้งาน",
  "read_more_reviews":"อ่านความคิดเห็นเพิ่มเติมที่",
  "size":"ขนาด",
  "package_info":"ข้อมูลแพ็กเกจ",
  "badge_completion_avg":"ราคาเฉลี่ยเพื่อหาให้ครบ",
  "using_store":"คุณกำลังใช้งานร้านค้า Steam เป็นภูมิภาค __current__",
  "volume_sold_last_24":"จำนวน: __sold__ รายการ ที่ขายไปใน 24 ชั่วโมง ที่ผ่านมา",
  "sold_last_24":"จำนวน: __sold__ รายการ ที่ขายไปใน 24 ชั่วโมง ที่ผ่านมา",
  "homepage_sidebar":"แถบข้าง",
  "drop_calc":"คลิกที่นี่เพื่อคำนวณการ์ดดรอปที่เหลืออยู่",
  "price":"ราคา",
  "view_marketplace":"ดูในตลาด",
  "market_transactions":"การทำรายการในตลาด",
  "card_drops_remaining":"คงเหลือการ์ดดรอป __drops__ ใบ",
  "badges_drops":"เหรียญตราที่ยังคงเหลือการ์ดดรอป",
  "using_language_return":"คลิกที่นี่เพื่อเปิดดู Steam ใน __base__",
  "spam_comment_warn":"นี่คือมังกร...",
  "guides":"คู่มือ",
  "buy_wishlist":"ซื้อสิ่งที่คุณอยากได้",
  "highlight":"ไฮไลท์",
  "save":"บันทึก",
  "not":"ไม่__tag__",
  "add_to_cart":"เพิ่มลงในรถเข็น",
  "view":"ดู",
  "games_all":"เกมทั้งหมด",
  "permalink":"ลิงก์ถาวร",
  "game_name":"ชื่อเกม",
  "gift_transactions":"การทำรายการของขวัญ",
  "demos":"เดโม",
  "notinterested":"รายการที่ทำเครื่องหมายเป็นไม่สนใจ",
  "mixed_item":"รายการคะแนนผสมกัน",
  "negative_item":"รายการคะแนนแง่ลบ",
  "price_above":"รายการที่มีราคามากกว่า",
  "price_above_tooltip":"กรอกศูนย์สำหรับรายการฟรีหรือรายการที่ไม่มีแท็กราคา ปล่อยช่องนี้ว่างไว้เพื่อปิดการใช้งานคุณสมบัตินี้",
  "news":"ข่าวสาร",
  "check_system":"ตรวจสอบระบบของคุณ",
  "viewinclient":"ดูใน Steam Client",
  "custom_background":"พื้นหลังแบบกำหนดเอง",
  "custom_style":"ธีมแบบกำหนดเอง",
  "custom_style_help":"ผู้ใช้ Enhanced Steam ทุกคนจะมองเห็นธีมนี้บนโปรไฟล์ของคุณ ผู้ที่ไม่ได้ใช้งาน Enhanced Steam จะมองไม่เห็นการเปลี่ยนแปลงของธีมใด ๆ ก็ตามที่ได้ทำการเปลี่ยนแปลงในที่นี้",
  "noneselected":"ไม่ได้เลือก / ไม่เปลี่ยนแปลง",
  "most_drops":"ดรอปมากที่สุด",
  "badge_foil_progress":"ดูความคืบหน้าเหรียญตราฟอยล์",
  "net_gain":"เงินที่ใช้รับสุทธิ",
  "apppage_legal":"ข้อมูลทางกฎหมาย",
  "acrtag_msg":"รายการนี้ไม่สามารถแลกเปลี่ยนระหว่างภูมิภาคไปยังบางภูมิภาคได้",
  "bug_feature":"แจ้งข้อบกพร่อง / แนะนำคุณสมบัติ",
  "always":"สม่ำเสมอ",
  "compare":"เปรียบเทียบ",
  "discount":"ลดราคา",
  "discountper":"ส่วนลด (เปอร์เซ็นต์)",
  "discountabs":"ส่วนลด (ราคา)",
  "rating_details":"ดูรายละเอียดการให้คะแนน",
  "drops_worth_avg":"มูลค่าโดยประมาณ",
  "using_store_return":"คลิกที่นี่เพื่อกลับไปยังร้านค้า __base__",
  "family_sharing_notice":"<b>หมายเหตุ:</b> เกมนี้ไม่รวมอยู่ในบริการการแบ่งปันครอบครัวบน Steam",
  "valid":"ใช้งานได้",
  "price_options":"ตัวเลือกราคา",
  "no_results_found":"ไม่พบผลลัพธ์",
  "visit_store":"เยี่ยมชมหน้าร้านค้า",
  "all":"ทั้งหมด",
  "total_spent":"รายจ่ายทั้งหมด",
  "games_with_drops":"__dropsgames__ เกม ที่ยังดรอปการ์ดไม่ครบ",
  "binder_view":"มุมมองแบบปก",
  "view_stats":"ดูสถิติ",
  "using_language":"คุณกำลังเปิดดู Steam ใน __current__",
  "popular":"ยอดนิยม",
  "visit_trade_forum":"เยี่ยมชมฟอรัมแลกเปลี่ยน",
  "software":"ซอฟต์แวร์",
  "purchase_date":"(สั่งซื้อเมื่อ __date__)",
  "custom_background_help":"ผู้ใช้ Enhanced Steam ทั้งหมดจะมองเห็นภาพพื้นหลังนี้บนหน้าโปรไฟล์ของคุณ ผู้ใช้ทั่วไปจะมองเห็นเพียงภาพพื้นหลังปกติของคุณ",
  "date_unlocked":"วันที่ปลดล็อค",
  "view_badge_foil":"ดูเหรียญตราฟอยล์",
  "net_spent":"ค่าใช้จ่ายสุทธิ",
  "homepage_carousel":"แถบเลื่อน",
  "acrtag_tooltip":"รายการนี้ไม่สามารถแลกเปลี่ยนระหว่างภูมิภาคที่ต่างกันได้ หากทำการสั่งซื้อในยุโรปตะวันออก อเมริกาใต้ หรือเอเชียตะวันออกเฉียงใต้",
  "official_group":"กลุ่มอย่างเป็นทางการ",
  "saved":"บันทึกแล้ว",
  "add_unowned_dlc_to_cart":"เพิ่ม DLC ที่ยังไม่ได้เป็นเจ้าของลงในรถเข็น",
  "buy":"ซื้อ",
  "buy_package":"ซื้อ __package__",
  "more_information":"ข้อมูลเพิ่มเติม",
  "games_discount":"เกมที่ลดราคา",
  "region_unavailable":"ไม่พร้อมใช้ในภูมิภาคนี้",
  "item_type":"ประเภทรายการ",
  "avg_price_3cards":"ราคาเฉลี่ยของการ์ดสะสม 3 ใบ",
  "mods":"ม็อด",
  "empty_wishlist":"ลบสิ่งที่อยากได้ทั้งหมด",
  "empty_wishlist_confirm":"คุณแน่ใจหรือไม่ว่าคุณต้องการล้างสิ่งที่คุณอยากได้? การกระทำนี้ไม่สามารถย้อนกลับได้!",
  "empty_wishlist_loading":"กำลังล้างรายการโปรด กรุณารอสักครู่...",
  "about":"เกี่ยวกับ",
  "never":"ไม่เคย",
  "coupon_available":"คุณสามารถใช้คูปองได้!",
  "info":"ข้อมูล",
  "launch_random":"เริ่มเกมแบบสุ่ม",
  "play_game":"เล่น __gamename__ หรือไม่?",
  "drops_value":"ค่าดรอปสูงที่สุด",
  "notcommon_label":"ซ่อนเกมที่คุณเป็นเจ้าของ",
  "show_all_steam_releases":"แสดงการวางจำหน่ายบน Steam ทั้งหมด",
  "wishlist":"สิ่งที่อยากได้",
  "on_wishlist":"สิ่งที่อยากได้",
  "notdiscounted":"ผลิตภัณฑ์ที่ไม่ได้ลดราคา",
  "cancel":"ยกเลิก",
  "wiki_article":"ดูบทความ __pcgw__",
  "view_all":"ดูทั้งหมด",
  "programming":"การเขียนโปรแกรม",
  "historical_low":"ราคาต่ำที่สุดในประวัติ",
  "games_with_booster":"__boostergames__ เกม ที่มีสิทธิ์ได้รับบูสเตอร์แพ็ก",
  "sort_by":"เรียงตาม:",
  "lastonline":"ออนไลน์ล่าสุด",
  "edit_price":"แก้ไขราคา",
  "relist":"ตั้งรายการใหม่",
  "relist_an_item":"ตั้งรายการไอเท็มใหม่",
  "relist_text":"คุณต้องการจะตั้งรายการไอเท็มใหม่เป็นราคาที่ต่ำกว่าหรือไม่?",
  "search_market":"ค้นหาตลาดชุมชน Steam",
  "drm_third_party_sub":"คำเตือน: มีบางรายการในแพ็กเกจนี้ที่ใช้ DRM ภายนอก",
  "customize":"ปรับแต่ง",
  "custom":"กำหนด​เอง",
  "bundle_saving_text":"จำนวนเงินที่คุณประหยัดไปจากการซื้อบันเดิลนี้",
  "thewordoptions":"ตัวเลือก",
  "concepts":"แนวคิด",
  "collections":"ชุดสะสม",
  "discussions":"กระดานสนทนา",
  "add_wishlist_note":"เพิ่มหมายเหตุสิ่งที่อยากได้",
  "update_wishlist_note":"แก้ไขหมายเหตุสิ่งที่อยากได้",
  "add_wishlist_note_prompt":"กรอกหมายเหตุสิ่งที่คุณอยากได้",
  "update_wishlist_note_prompt":"แก้ไขหมายเหตุสิ่งที่คุณอยากได้",
  "results":"ผลลัพธ์ __num__ รายการ",
  "all_results":"แสดงผลลัพธ์ทั้งหมด __num__ รายการ",
  "see_more":"ดูเพิ่มเติม",
  "lowest_price_format":"__price__ ที่ __store__",
  "historical_low_format":"__price__ ที่ __store__ เมื่อ __date__",
  "favorited":"ที่ชื่นชอบ",
  "followed":"ติดตามอยู่",
  "leave_group_selected":"ออกจากกลุ่มจากที่เลือกไว้",
  "leave_group_all":"ออกกลุ่มทั้งหมด!",
  "leave_group_all_confirm":"คุณแน่ใจที่จะออกจากกลุ่มทั้งหมด?",
  "leave_group_admin_confirm":"คุณเป็นผู้ดูแลกลุ่ม __groupname__ คุณแน่ใจที่จะปลดประจำการ",
  "wrong_try_again":"มีบางอย่ากำลังไปอย่างผิดพลาด โปรดลองอีกครั้ง",
  "join_group":"เข้าร่วมกลุ่มนี้",
  "chat":"การส​นท​นา",
  "web_browser_chat":"สนทนาผ่านเว็บเบราว์เซอร์",
  "steam_client_chat":"แชทในโปรแกรมSteam",
  "available":"พร้อมใช้",
  "set_as_background":"กำหนดเป็นพื้นหลัง",
  "preview_background":"ตัวอย่างพื้นหลัง",
  "details":"ราย​ละเอียด",
  "expand_slider":"ขยายออก",
  "contract_slider":"หดลง",
  "early_access":"ช่วงพัฒนา",
  "filter_games":"ตัวกรองเกม",
  "note_for":"หมายเหตุสำหรับ",
  "show_wishlist_total":"แสดงราคารวมของสิ่งที่อยากได้",
  "tag_short":"ใช้แท็กแบบสั้นเพื่อประหยัดพื้นที่",
  "no_price_data":"ข้อมูลราคาไม่พร้อมใช้งาน",
  "exclude_tags":"ไม่รวมแท็ก",
  "user_score":"คะแนนผู้ใช้",
  "user_reviews":"ความคิดเห็นจากผู้ใช้",
  "review_summary":"__percent__ ของผู้ __num__ ความคิดเห็นสำหรับเกมนี้เป็นบวก",
  "market_popular_items_toggle":"สลับสดที่ปรับปรุงสำหรับสินค้ายอดนิยม",
  "achievements":{
    "option":"แสดงรางวัลความสำเร็จบนหน้าร้านค้า",
    "achievements":"รางวัลความสำเร็จ",
    "includes":"มี __num__ รางวัลความสำเร็จบน Steam",
    "view_all":"ดูรางวัลความสำเร็จทั้งหมด"
  },
  "bundle":{
    "offer_ends":"ข้อเสนอจะจบลง",
    "at_least":"จ่ายอย่างน้อย",
    "pwyw":"จ่ายตามที่คุณต้องการ",
    "includes":"บรรจุ __num__ รายการ",
    "tier_includes":"__tier__ (__price__) บรรจุ __num__ รายการ",
    "tier":"ระดับ __num__",
    "header":"บันเดิลที่บรรจุเกมนี้อยู่",
    "info":"ข้อมูลบันเดิล",
    "bundle_count":"จำนวนครั้งที่เกมนี้ได้เคยลงบันเดิล"
  },
  "charts":{
    "peakall":"สูงสุดตลอดกาล",
    "current":"ผู้เล่นในขณะนี้",
    "playing_now":"เล่นเดี๋ยวนี้",
    "peaktoday":"สูงสุดวันนี้"
  },
  "hltb":{
    "title":"ระยะเวลาในการจบเกม",
    "main_e":"เนื้อเรื่องหลักและเนื้อหาพิเศษ",
    "compl":"ผู้ชื่นชอบความสมบูรณ์",
    "submit":"ส่งเวลาของคุณ",
    "main":"เนื้อเรื่องหลัก",
    "no_data":"ไม่พบข้อมูล",
    "help":"คลิกที่นี่สำหรับความช่วยเหลือ",
    "wrong":"ผิดเกม?"
  },
  "library":{
    "in_library":"ในคลัง",
    "error_loading_library":"ไม่สามารถโหลดคลังของคุณได้",
    "categories":"ประเภท...",
    "genres":"แนว...",
    "private_profile":"เปลี่ยนสถานะโปรไฟล์ของคุณเป็นเปิดเผย <a href='http://steamcommunity.com/my/edit/settings'>ในการตั้งค่าของคุณ</a> เพื่อใช้คุณสมบัตินี้"
  },
  "spy":{
    "player_data":"ข้อมูลผู้เล่น",
    "owners":"ผู้เป็นเจ้าของ",
    "players_total":"ผู้เล่นทั้งหมด",
    "players_2weeks":"ผู้เล่นในสองสัปดาห์ที่ผ่านมา",
    "average_playtime":"เวลาการเล่นโดยเฉลี่ย",
    "average_playtime_2weeks":"เวลาการเล่นโดยเฉลี่ยในสองสัปดาห์ที่ผ่านมา",
    "formatted_time":"__hours__ ชั่วโมง __minutes__ นาที"
  },
  "options":{
    "wsgf":"แสดงข้อมูล WSGF (Widescreen)",
    "version_show":"แสดงบันทึกการเปลี่ยนแปลงเมื่ออัปเดต Enhanced Steam",
    "steamcardexchange":"แสดงลิงก์ SteamCardExchange บนหน้าเหรียญตรา",
    "regional_price":"การเปรียบเทียบราคาตามภูมิภาค",
    "acrtag":"แสดงคำเตือนบนรายการที่ไม่สามารถแลกเปลี่ยนข้ามภูมิภาคได้",
    "excludef2p":"ไม่ทำการไฮไลท์เกมเล่นฟรี",
    "contscroll":"เปิดใช้งานการเลื่อนแบบต่อเนื่องของผลลัพธ์การค้นหา",
    "profile_link_images_none":"ไม่มี",
    "replace_account_name":"เปลี่ยนชื่อบัญชีเป็นชื่อในชุมชน",
    "profile_links":"แสดงลิงก์โปรไฟล์ไปยัง",
    "library_header":"คลัง (เบต้า)",
    "tag":"แท็ก",
    "icon":"ไอคอน",
    "name":"ชื่อ",
    "show_alternative_linux_icon":"แสดงไอคอน Linux อีกรูปแบบ",
    "showcomparelinks":"แสดงลิงก์ \"เปรียบเทียบ\" สำหรับรางวัลความสำเร็จบนฟีดกิจกรรมของเพื่อน",
    "hidetmsymbols":"เครื่องหมายการค้าและเครื่องหมายลิขสิทธิ์ในชื่อเกม",
    "metacritic":"แสดงคะแนนจากผู้ใช้ใน Metacritic",
    "opencritic":"แสดงรายละเอียดจาก Opencritic.com",
    "hideactivelistings":"ซ่อนรายการความเคลื่อนไหวทั้งหมดในหน้าแรกของตลาดเป็นค่าเริ่มต้น",
    "clear":"คุณแน่ใจหรือไม่ว่าคุณต้องการที่จะรีเซ็ตการตั้งค่าทั้งหมด? การกระทำนี้ไม่สามารถย้อนกลับได้",
    "profile_api_info":"แสดงลิงก์ API ของผู้ใช้บนโปรไฟล์",
    "coupon":"รายการที่ใช้คูปองได้",
    "show_package_info":"แสดงข้อมูลแพ็กเกจของแอปทั้งหมด",
    "wlbuttoncommunityapp":"แสดงปุ่ม \"เพิ่มในสิ่งที่คุณอยากได้\" บนศูนย์กลางชุมชนของแอป",
    "removeguideslanguagefilter":"ให้แสดงคู่มือทุกภาษา.",
    "disablelinkfilter":"ปิดใช้งานการยืนยันเมื่อเข้าถึงเว็บไซต์ภายนอก",
    "regional_price_on":"แสดงการเปรียบเทียบราคาตามภูมิภาค",
    "cart":"สินค้าในรถเข็นของคุณ",
    "friends_own":"รายการที่เพื่อนของคุณเป็นเจ้าของแล้ว",
    "drm":"แสดงคำเตือน DRM ภายนอก",
    "profile_permalink":"แสดงลิงก์ถาวรบนโปรไฟล์",
    "show_regionwarning":"แสดงคำเตือนหากกำลังเปิดดูในภูมิภาคที่ไม่ตรงกับบัญชี",
    "foot_link":"ส่วนขยาย Enhanced Steam",
    "profile_link_images":"ภาพลิงก์โปรไฟล์",
    "library":"แสดงปุ่มคลังบนเฮดเดอร์",
    "show1clickgoo":"แสดงปุ่ม \"1-คลิก แปลงเป็นอัญมณี...\" บนไอเท็มในช่องเก็บของที่สามารถแปลงได้",
    "hidedlcunownedgames":"DLC ของเกมที่คุณไม่ได้เป็นเจ้าของ",
    "hltb":"แสดงข้อมูล HowLongToBeat.com",
    "hidespamcomments":"ซ่อนความเห็นที่เป็นสแปมบนหน้าเวิร์กชอปและโปรไฟล์",
    "hide_owned":"รายการที่คุณเป็นเจ้าของในหน้าผลลัพธ์การค้นหาและหน้าแท็ก",
    "reset":"รีเซ็ตการกำหนดค่า",
    "api_key":"คีย์ API",
    "gift":"รายการที่เก็บเป็นของขวัญอยู่",
    "show_sysreqcheck":"แสดงปุ่มเพื่อตรวจสอบความต้องการของระบบในหน้าแอป (สำหรับผู้มีประสบการณ์!)",
    "es_bg":"ตั้งค่าภาพพื้นหลังแบบกำหนดเองบนหน้า \"แก้ไขโปรไฟล์\"",
    "regional_price_mouse":"เมื่อใช้เมาส์ชี้บนราคา",
    "friends_rec":"รายการที่เพื่อนของคุณได้เขียนบทวิจารณ์ไว้",
    "lowestprice_header":"ประวัติข้อมูลราคา",
    "total_spent":"แสดงค่าใช้จ่ายรวมบนหน้าบัญชี",
    "add_wallet_balance":"แสดงเงินวอลเล็ต Steam ในเฮดเดอร์",
    "add_to_cart_wishlist":"แสดงปุ่ม ใส่ตะกร้า บนสิ่งที่อยากได้",
    "about_text":"<div class=\"header\">เกี่ยวกับ <a href='http://www.enhancedsteam.com'>Enhanced Steam</a>:</div><p>Enhanced Steam เป็นส่วนขยายสำหรับ Google Chrome ซึ่งได้เพิ่มคุณสมบัติใหม่มากมายไปยังเว็บไซต์ Steam<p>คุณสมบัติดังเช่น:<ul><li>การไฮไลท์เกมที่คุณเป็นเจ้าของอยู่แล้ว</li><li>การไฮไลท์เกมที่อยู่ในสิ่งที่อยากได้ของคุณ</li><li>การปรับแก้การคำนวณส่วนลดของบันเดิลตามเกมที่คุณได้เป็นเจ้าของอยู่แล้ว</li><li>การแสดงจำนวนเงินที่คุณได้ใช้จ่ายไปบน Steam ตลอดช่วงเวลาที่ผ่านมาในบัญชีของคุณ</li><li>การไฮไลท์ DLC ที่คุณเป็นเจ้าของแล้วบนหน้าเกม</li><li>การแก้ไขไอคอนเกมที่ \"ไม่มีภาพให้แสดง\" ในสิ่งที่อยากได้ของคุณสำหรับเกมหรือ DLC ใดก็ตาม</li><li>การแสดงให้เห็นว่ามีการใช้งาน DRM ภายนอก</li></ul><p>หากคุณเห็นว่าส่วนขยายนี้เป็นประโยชน์ กรุณาพิจารณาการบริจาคให้กับเรา",
    "stores_all":"เปรียบเทียบกับร้านค้าทั้งหมด",
    "show_early_access_text":"แสดงภาพแบนเนอร์เกมระหว่างการพัฒนา",
    "author_info":"โดย jshackles",
    "profile_link_images_gray":"ขาวดำ",
    "quickinv":"แสดงปุ่มขายด่วนบนไอเท็มชุมชน Steam ในช่องเก็บของ",
    "quickinv_diff":"ตัวแก้ไขการขายด่วน:",
    "library_f2p":"แสดงเกมเล่นฟรีและเดโมที่เคยเล่นในคลัง",
    "inventory_market_text":"แสดงราคาในตลาดบนหน้าช่องเก็บของ",
    "send_age_info":"ส่งข้อมูลการตรวจสอบอายุโดยอัตโนมัติเมื่อมีการร้องขอ",
    "pcgw":"แสดงลิงก์ PCGamingWiki",
    "store_steamcards":"แสดงลิงก์ SteamCardExchange บนหน้าร้านค้า",
    "spamcommentregex":"รูปแบบ Regular Expression:",
    "hide_owned_homepage":"รายการที่คุณเป็นเจ้าของในหน้าแรก",
    "saved_note":"บันทึกการกำหนดค่าแล้ว",
    "regional_hideworld":"ซ่อนตัวชี้วัดสากล",
    "show_astatslink":"แสดงลิงก์ AStats บนหน้าแอป",
    "showclient":"แสดง Steam Client ลิงค์",
    "guest":"รายการที่คุณมีบัตรทดลองเล่น",
    "show_steamchart_info":"แสดงข้อมูล SteamCharts.com",
    "show_steamspy_info":"แสดงข้อมูล steamspy.com",
    "showallachievements":"แสดงสถิติรางวัลความสำเร็จบนหน้า \"เกมทั้งหมด\"",
    "lowestprice_onwishlist":"แสดงบนสิ่งที่อยากได้",
    "steamrepapi":"แสดงสถานะ SteamRep บนหน้าโปรไฟล์",
    "header":"เฮดเดอร์",
    "lowestprice":"แสดง",
    "group_events":"แสดงกิจกรรมบนมุมมองโดยรวมของกลุ่ม",
    "changelog":"ล็อกการเปลี่ยนแปลง:",
    "owned":"รายการที่คุณเป็นเจ้าของ",
    "steamdb":"แสดงลิงก์ SteamDB",
    "hide_early_access":"ซ่อนเกมระหว่างการพัฒนาในหน้าแรก หน้าเปิดหา และหน้าค้นหา",
    "reset_note":"รีเซ็ตการกำหนดค่าแล้ว",
    "html5video":"แสดงวิดีโอโดยใช้ HTML5 แทนการใช้ Flash",
    "profiles_link_group_game":"เกมโดยเฉพาะ",
    "friends_wishlist":"รายการที่เพื่อนของคุณอยากได้",
    "showspeechsearch":"เพิ่มข้อมูลนำเข้าโดยใช้เสียงในช่องค้นหา",
    "profile_link_images_color":"ลงสี",
    "hide_about":"ซ่อนลิงก์ \"เกี่ยวกับ\"",
    "show_empty_wishlist":"แสดงปุ่ม \"ลบสิ่งที่อยากได้ทั้งหมด\"",
    "inventory_nav_text":"แสดงเส้นทางขั้นสูงในหน้าช่องเก็บของ",
    "carousel_description":"แสดงรายละเอียดแอปบนรายการแนะนำที่หน้าแรกของร้านค้า",
    "market_total":"แสดงสรุปการทำรายการบนตลาด",
    "hide_install":"ซ่อนปุ่ม \"ติดตั้ง Steam\"",
    "lowestprice_coupon":"แสดงรหัสคูปองในการเปรียบเทียบราคา",
    "general":"ทั่วไป",
    "market":"ตลาด",
    "inventory":"คลัง",
    "profile":"โปรไฟล์",
    "show_languagewarning":"แสดงคำเตือนหากกำลังเปิดดูด้วยภาษาอื่นนอกจาก",
    "homepage":"หน้าหลัก",
    "homepage_default_tab":"แท็บหน้าหลักเริ่มต้น",
    "homepage_default_tab_remember":"จดจำก่อนหน้านี้",
    "homepage_default_tab_newreleases":"วางจำหน่ายล่าสุดยอดนิยม",
    "homepage_default_tab_allreleases":"วางจำหน่ายล่าสุดทั้งหมด",
    "homepage_default_tab_topsellers":"ขายดีที่สุด",
    "homepage_default_tab_upcoming":"กำลังจะมาถึง",
    "homepage_default_tab_specials":"พิเศษ",
    "wishlist":"รายการในสิ่งที่อยากได้ของคุณ",
    "add_another_region":"เพิ่ม",
    "skip_got_steam":"ข้ามหน้าต่าง 'Got Steam?'",
    "store_general_thirdparty":"ตัวเลือกสำหรับข้อมูลจากเว็บไซต์ภายนอก",
    "purchase_dates":"แสดงวันที่สั่งซื้อแอปในหน้าร้านค้า",
    "show_badge_progress":"แสดงความคืบหน้าป้ายเหรียญตราในหน้าร้าน",
    "show_wishlist_link":"แสดงลิงค์สิ่งที่อยากได้ในโปรไฟล์",
    "show_wishlist_count":"แสดงหมายเลขของสิ่งของในสิ่งที่อยากได้",
    "lang":{
      "english":"อังกฤษ",
      "brazilian":"โปรตุเกส-บราซิล",
      "bulgarian":"บัลแกเรีย",
      "czech":"เช็ก",
      "danish":"เดนมาร์ก",
      "dutch":"ดัตช์",
      "finnish":"ฟินแลนด์",
      "french":"ฝรั่งเศส",
      "greek":"กรีก",
      "german":"เยอรมัน",
      "hungarian":"ฮังการี",
      "italian":"อิตาลี",
      "japanese":"ญี่ปุ่น",
      "koreana":"เกาหลี",
      "norwegian":"นอร์เวย์",
      "polish":"โปแลนด์",
      "portuguese":"โปรตุเกส",
      "russian":"รัสเซีย",
      "romanian":"โรมาเนีย",
      "schinese":"จีนตัวย่อ",
      "spanish":"สเปน",
      "swedish":"สวีเดน",
      "tchinese":"จีนตัวเต็ม",
      "thai":"ไทย",
      "turkish":"ตุรกี",
      "ukrainian":"ยูเครน"
    }
  },
  "ready":{
    "errormsg":"พบข้อผิดพลาดในการโหลดข้อมูล Enhanced Steam",
    "loading":"Enhanced Steam กำลังโหลดข้อมูล...",
    "ready":"Enhanced Steam พร้อมใช้งาน",
    "failed":"คำร้องล้มเหลวหนึ่งคำร้องหรือมากกว่า"
  },
  "twitch":{
    "now_streaming":"__username__ กำลังสตรีมสดบน Twitch",
    "viewers":"ผู้ชม",
    "followers":"ผู้ติดตาม",
    "views":"ผู้ชม"
  },
  "survey":{
    "performance_survey":"แบบสำรวจประสิทธิภาพ",
    "users":"__users__ ผู้ใช้ ได้ทำแบบสำรวจประสิทธิภาพเสร็จสมบูรณ์แล้วสำหรับเกมนี้",
    "framerate":"อัตราเฟรม",
    "framerate_response":"ตอบสนองว่าอัตราเฟรมนั้น",
    "framerate_30":"กำหนดไว้ที่ 30fps หรือต่ำกว่า",
    "framerate_fi":"กำหนดไว้ที่สูงกว่า 30fps",
    "framerate_va":"หลากหลาย ขึ้นอยู่กับฮาร์ดแวร์",
    "resolution":"ความละเอียด",
    "resolution_support":"เกมนี้แสดงให้เห็นว่ารองรับ",
    "resolution_less":"ความละเอียดน้อยกว่า __pixels__",
    "resolution_up":"ความละเอียดได้ถึง __pixels__",
    "graphics_settings":"การตั้งค่ากราฟิก",
    "satisfaction":"ความพึงพอใจในประสิทธิภาพตาม GPU",
    "gs_y":"มีตัวเลือกกราฟิกอยู่ภายในหรือมีเมนูกราฟิก",
    "gs_n":"ไม่มีตัวเลือกกราฟิกอยู่ภายในและไม่มีเมนูกราฟิก",
    "nobody":"ยังไม่มีใครทำแบบสำรวจด้านประสิทธิภาพสำหรับเกมนี้",
    "take":"ทำแบบสำรวจ"
  },
  "select":{
    "wishlisted_dlc":"เลือก DLC ที่อยู่ในสิ่งที่ต้องการ",
    "none":"ไม่เลือก",
    "unowned_dlc":"เลือก DLC ที่ยังไม่ได้เป็นเจ้าของ"
  },
  "tag":{
    "wishlist":"สิ่งที่อยากได้",
    "friends_own":"__friendcount__ คน เป็นเจ้าของ",
    "coupon":"คูปอง",
    "friends_rec":"<a href=\"http://store.steampowered.com/recommended/byfriends/__appid__\">เพื่อน __friendcount__ คน ได้เขียนบทวิจารณ์ไว้",
    "inv_gift":"ของขวัญ",
    "inv_guestpass":"บัตรทดลองเล่น",
    "owned":"เป็นเจ้าของแล้ว",
    "notinterested":"ไม่สนใจ",
    "friends_want":"<a href=\"http://steamcommunity.com/my/friendsthatplay/__appid__\">__friendcount__ คน ต้องการสิ่งนี้</a>"
  },
  "wallet":{
    "custom_amount":"เพิ่มจำนวนแบบกำหนดเอง",
    "custom_amount_text":"เพิ่มจำนวนใดก็ตามที่เกินกว่า __minamount__"
  },
  "wsgf":{
    "incomplete":"ไม่สมบูรณ์",
    "unsupported":"คะแนนนี้ถูกมอบให้เป็นรางวัลสำหรับเกมที่ไม่รองรับ __type__ เกมอาจจะไม่สามารถเล่นได้ใน __type__ หรือภาพจะถูกยึดให้พอดีกับหน้าต่าง อัตราส่วนภาพที่ถูกต้องจะไม่ถูกนำมาปรับใช้",
    "gold":"เหรียญรางวัลนี้ถูกมอบให้เป็นรางวัลสำหรับเกมที่ได้รับคะแนนสูงสุดจาก WSGF ซึ่งรองรับ __type__ และได้รับการประกาศรับรอง __type__",
    "silver":"เหรียญรางวัลนี้ถูกมอบให้เป็นรางวัลสำหรับเกมที่ได้รับเกรดที่คำนวณได้เป็น B ซึ่งรองรับ __type__ เกมเหล่านี้ทั้งหมดจะไม่มีข้อบกพร่องรุนแรง แต่ว่ายังคงมีข้อบกพร่องบางอย่างที่ยังทำให้ไม่ได้รับคะแนนสูงสุด",
    "limited":"คะแนนนี้ถูกมอบให้เป็นรางวัลสำหรับเกมที่ได้รับเกรดที่คำนวณได้เป็น C ซึ่งรองรับ __type__ เกมเหล่านี้ทั้งหมดจะรองรับ __type__ ในบางระดับ แต่ว่ายังคงมีปัญหาที่มีนัยสำคัญอยู่",
    "certifications":"ใบรับรองจอกว้าง WSGF"
  },
  "itad":{
    "option":"แสดงตัวเลือกเมนูเพื่อซิงค์ข้อมูลไปยัง IsThereAnyDeal.com",
    "send_to_itad":"ส่งเกมที่เป็นเจ้าของไปยัง IsThereAnyDeal",
    "sending":"กำลังโหลดเกมและแพ็กเกจที่คุณเป็นเจ้าของแล้วและกำลังส่งไปยัง IsThereAnyDeal.com"
  },
  "tradeoffer":{
    "num_item":"__num__ ไอเท็ม",
    "num_items":"__num__ ไอเท็ม"
  },
  "update":{
    "dont_show":"ไม่ต้องแสดงอีก",
    "updated":"Enhanced Steam ได้รับการอัปเดตเป็น __version__",
    "changes":"รีลีสนี้ประกอบด้วยการเปลี่ยนแปลงต่อไปนี้"
  },
  "register":{
    "success":"__gamename__ เปิดใช้งานเรียบร้อยแล้ว",
    "owned":"บัญชี Steam นี้เป็นเจ้าของผลิตภัณฑ์ที่มีอยู่ในข้อเสนอนี้แล้ว",
    "notavail":"ขออภัย แต่ผลิตภัณฑ์นี้ไม่มีสำหรับจำหน่ายในประเทศนี้ รหัสผลิตภัณฑ์ของคุณยังคงไม่ถูกเปิดใช้งาน",
    "invalid":"รหัสผลิตภัณฑ์ที่คุณป้อนไม่ถูกต้อง ตรวจสอบอีกครั้งเพื่อดูว่าคุณพิมพ์รหัสผลิตภัณฑ์ผิดพลาดหรือไม่",
    "already":"รหัสผลิตภัณฑ์ที่คุณป้อนถูกเปิดใช้งานไปแล้ว โดยบัญชีผู้ใช้ Steam ต่างบัญชี",
    "dlc":"รหัสผลิตภัณฑ์ที่คุณป้อนต้องการความเป็นเจ้าของ ของผลิตภัณฑ์อื่นก่อนการเปิดใช้งาน",
    "wallet":"รหัสที่คุณป้อนมาจากบัตรของขวัญ Steam หรือ รหัสวอลเล็ท Steam",
    "toomany":"มีการพยายามเปิดใช้งานที่มากเกินไปจากบัญชีนี้ กรุณารอสักครู่ และลองอีกครั้งในภายหลัง",
    "default":"มีข้อผิดพลาดเกิดขึ้น รหัสผลิตภัณฑ์ของคุณยังไม่ถูกเปิดใช้งาน กรุณารอ 30 นาที แล้วลองเปิดใช้งานรหัสผลิตภัณฑ์อีกครั้ง"
  }
}